日期,小区负载电量_kWh,决策用负荷预测电量_kWh,光伏实际电量_kWh,计划购电量_kWh,调整购电量_kWh,调整净变化_kWh,上调购电量_kWh,下调购电量_kWh,紧急购电量_kWh,充电量_kWh,放电量_kWh,实际弃光量_kWh,计划购电费_元,调整费用_元,紧急购电费_元,总费用_元,0:00储电量_kWh,24:00储电量_kWh
2025-02-01,76305.20628333333,81335.51170416665,41927.03035,48569.036773887055,46244.84080876695,-2324.195965120103,0.0,2324.1959651200937,0.0,15388.011293141288,12109.151121926334,8587.804704218668,31021.222666062033,820.6095481043228,0.0,31841.832214166356,5060.0388032197625,5454.636609350997
2025-02-02,121705.97265,126697.33516666666,43349.69469999999,90724.73705882329,89701.63997266653,-1023.0970861567621,159.7770833333335,1182.8741694901034,0.0,19843.817953910657,16228.760656871693,7730.304725627573,64899.412224620704,769.9308002838067,0.0,65669.3430249045,5454.636609350997,5282.116482457594
2025-02-03,122603.769,126503.91657083333,42386.85249999999,94263.01870180709,94177.31692398881,-85.70177781827806,178.62124600000004,264.3230238182948,0.0,19785.764083041453,14639.929875002043,8814.56621594939,67763.24676640064,295.18841307778246,0.0,68058.43517947842,5282.116482457594,6822.71540719264
2025-02-04,121578.09884999998,126570.92739583332,40383.2349,98989.15482411251,99489.21391544586,500.05909133334353,500.05909133333324,0.0,0.0,21718.19867062757,14147.675771848375,10723.827066666669,71731.42407977325,367.30263136814995,0.0,72098.7267111414,6822.71540719264,10649.454464259261
2025-02-05,121991.08443333334,126441.21908333333,41242.65745,91173.97237908661,91737.68138019773,563.709001111114,563.7090011111111,0.0,1.1368683772161603e-13,22444.0465197803,18223.702154980376,6768.910032064473,63930.071255731455,405.852935442,4.798721420229413e-13,64335.92419117346,10649.454464259261,10600.538382083336
2025-02-06,122252.1627,126560.21587083333,41981.10548333333,96728.74521075164,96783.82857741832,55.0833666666731,55.08336666666685,0.0,2.2737367544323206e-13,18689.046097058577,15102.675232909118,12926.400496602197,68137.51878919054,41.51908762500013,9.398490874445997e-13,68179.03787681554,10600.538382083336,10639.929610648147
2025-02-07,76168.59693333332,80678.042575,44362.91726666666,44163.787387064716,44163.787387064716,0.0,0.0,0.0,0.0,18391.725279155336,15231.31221199083,9197.69465323355,23361.35427395021,0.0,0.0,23361.35427395021,10639.929610648147,10268.802126342593
2025-02-08,75746.78751666666,79938.88075833333,44169.6248,38186.662990304016,38225.964540551104,39.30155024708802,39.30155024708654,0.0,0.0,19577.90901936683,15908.366580770466,2979.2593852880664,19940.127142875113,72.075112998132,0.0,20012.202255873246,10268.802126342593,10212.95737625
2025-02-09,121547.90356666666,125205.29862083332,41992.48759999999,87971.85132104115,87971.85132104115,0.0,0.0,0.0,0.0,20982.435618672826,16776.9128440823,4210.912579783959,56656.55370404431,0.0,0.0,56656.55370404431,10212.95737625,10456.135161852993
2025-02-10,121477.56451666665,125448.18629166667,47150.92693333333,83934.15022780909,83934.15022780909,0.0,0.0,0.0,0.8591875000001892,20319.80876800284,16523.74712605555,5812.310190028471,53346.81648316044,0.0,4.024434250000855,53350.84091741044,10456.135161852993,10384.244024104939
2025-02-11,121441.28161666667,125233.58657083331,46220.68448333333,84772.81715896109,84775.85169229441,3.0345333333243616,3.0345333333334565,0.0,10.902175000000057,22930.204570181755,18658.824325829737,5294.776489609052,53645.32013513846,5.2878260600002145,51.065787700000264,53701.67374889846,10384.244024104939,10289.401108568816
2025-02-12,121363.85288333334,125265.00420416666,46097.116749999994,84916.32500667353,84916.32500667353,0.0,0.0,0.0,3.330337500000155,21150.16832270488,17135.106188640948,5637.857076776274,53900.08366795369,0.0,15.59930085000063,53915.68296880369,10289.401108568816,10285.545722735484
2025-02-13,121310.28371666666,125356.60199583332,49980.80469999999,82449.49972813744,82449.49972813744,0.0,0.0,0.0,2.2737367544323206e-13,21146.715960212074,16995.919289553156,6969.224040811862,51438.53818861787,0.0,9.488303476246074e-13,51438.53818861787,10285.545722735484,10433.23532075617
2025-02-14,75872.63794999999,79348.53220416667,46070.83613333333,37489.76669635976,37489.76669635976,0.0,0.0,0.0,0.0,19641.944646928085,16208.834970578617,4254.855203343628,19650.27080502601,0.0,0.0,19650.27080502601,10433.23532075617,10101.168869015208
2025-02-15,76054.55225,78473.02889583333,46774.46115,37843.06393760604,37843.06393760604,0.0,0.0,0.0,2.2737367544323206e-13,19761.9416880162,16163.84916488203,4964.880314471875,19775.64667847325,0.0,7.626681508554611e-13,19775.64667847325,10101.168869015208,9927.083982805309
2025-02-16,121276.97728333331,123962.44277083332,45899.59818333333,85383.90250634486,85383.90250634486,0.0,0.0,0.0,1.1368683772161603e-13,21344.61672406318,17056.202898307623,5718.1095805893165,54409.85983227227,0.0,4.3451109377201647e-13,54409.85983227227,9927.083982805309,10185.90248078704
2025-02-17,120960.37281666666,124072.487475,49776.50964999999,85036.20030058299,85036.20030058299,0.0,0.0,0.0,0.0,18446.93060300069,15027.985534833333,10433.392065748973,53092.31379375052,0.0,0.0,53092.31379375052,10185.90248078704,10090.378318117286
2025-02-18,121331.27123333333,123816.53432083334,49239.883449999994,75730.69951238923,76587.42579454291,856.726282153686,856.7262821536904,0.0,9.355908333333787,20549.49250982356,16667.76800422097,623.669413940323,47513.63568414627,1539.4194525980083,43.82307463333549,49096.87821137761,10090.378318117286,10065.179350046295
2025-02-19,121866.79411666666,123864.99268333333,48987.466733333335,76081.33084759516,76864.73386872016,783.4030211249919,783.4030211249994,0.0,149.11772916666712,21469.4122481653,17957.38468755556,622.4966539437609,47762.53200414781,1561.6658822182749,788.323766811114,50112.521653177195,10065.179350046295,9435.000720555561
2025-02-20,121105.25703333333,123982.23187916666,50112.12329999999,79810.15564963587,79810.15564963587,0.0,0.0,0.0,51.456312499999854,20848.530169828082,16228.141540708337,4248.08959968279,49595.138620765254,0.0,241.0213677499993,49836.159988515254,9435.000720555561,10167.409494836022
2025-02-21,75802.00203333332,78097.67264166666,50241.74,35147.48056106304,35147.48056106304,0.0,0.0,0.0,0.0,20303.58586116255,16684.292109032976,5967.924775600133,18149.328232562413,0.0,0.0,18149.328232562413,10167.409494836022,9902.53442651234
2025-02-22,75682.24226666667,77184.65258333334,47837.47938333333,34818.18112994978,34845.90000561645,27.71887566667283,27.718875666668453,0.0,146.59640833333475,20571.086963653488,16774.226193467588,3350.872760430552,18151.66175970136,28.684878483651847,841.6270111291749,19021.973649314186,9902.53442651234,9778.483589947606
2025-02-23,121142.14093333333,122728.9755375,49610.287249999994,77777.64846586445,77778.43904919777,0.7905833333206829,0.7905833333333021,0.0,56.4520833333338,23300.255700567544,18836.58432885701,1839.3660774872315,48109.44077888731,1.110927699999956,261.3504828333354,48371.902189420645,9778.483589947606,9819.175577283948
2025-02-24,120628.98854999998,122671.16414166667,52425.954933333334,73756.41731410168,73756.41731410168,0.0,0.0,0.0,34.14808333333315,22015.6260199417,17711.90960054167,1283.8153613683153,46126.08079467668,0.0,157.53087829166586,46283.61167296835,9819.175577283948,9953.339439074074
2025-02-25,121093.33288333332,122711.81565833333,55272.00965,75588.3369287824,75588.3369287824,0.0,0.0,0.0,66.31333333333328,19760.075930619067,16088.965681745885,6162.216779909219,47248.91532179022,0.0,296.4063599999997,47545.32168179022,9953.339439074074,9860.779241358026
2025-02-26,121060.73411666666,122661.794075,52245.88608333333,67660.42464620722,72285.55242492142,4625.127778714203,4625.127778714183,0.0,158.21530206944487,19540.486689833793,15935.3528795096,23.785883333333572,41827.630162020345,8238.38635232715,745.1639491658215,50811.180463513316,9860.779241358026,9741.269618308888
2025-02-27,120599.48893333334,122669.68834999998,53642.90473333333,69160.55800979589,70683.53818435321,1522.9801745573204,1522.9801745573363,0.0,570.5654210972194,22029.42021896434,17744.813517680555,12.912704166667027,43068.05834035385,2950.858939728319,2832.8412808091543,48851.75856089132,9741.269618308888,9851.288351287285
2025-02-28,75385.10795,76963.289225,52092.51439999999,33571.94579380499,34039.12668551899,467.1808917140006,467.18089171399805,0.0,107.1312583333339,20421.309567330958,16489.06250202997,6921.417328551331,17563.749210376413,513.6928201365989,623.77847567917,18701.22050619218,9851.288351287285,9909.286404074075
2025-03-01,72244.16014999998,75947.19707916665,48585.39421666667,36163.02643995068,36163.02643995068,0.0,0.0,0.0,1.7053025658242404e-13,17890.239170964673,14553.31306697566,9167.334402628334,18757.98652897455,0.0,7.611333785462194e-13,18757.98652897455,9909.286404074075,9840.153805747097
2025-03-02,117860.41708333333,121418.24860833332,45502.110016666666,79937.64810386053,81514.4122332772,1576.7641294166679,1576.7641294166676,0.0,296.02592229166635,22639.088138014402,18383.596322589052,5196.639273476854,49209.68058073733,2015.7496371312823,1672.4278428413525,52897.858060709965,9840.153805747097,9789.11499375
2025-03-03,117958.7456,121417.67372083334,45941.59896666666,81304.00286772507,81605.62377120256,301.6209034774947,301.6209034774996,0.0,117.01891558333716,20694.38271889084,17114.736373,6125.849707561729,50846.944707030896,571.4678262584271,541.2851091035179,51959.69764239284,9789.11499375,9397.685692973975
2025-03-04,118139.02498333334,121360.99614583331,48939.56705,73071.18218868761,73771.24654985427,700.0643611666601,700.0643611666678,0.0,0.6247333333335519,21902.514688722335,17423.975447669996,93.87410880194182,45096.28828782461,912.3840046631327,2.9262509333343454,46011.598543421074,9397.685692973975,9749.976193190741
2025-03-05,118073.44383333332,121570.61638749999,51942.971816666664,76027.23406521804,76027.23406521804,0.0,0.0,0.0,3.3316333333335706,20412.06266241716,16271.35448955457,5759.385509022121,47020.74326926279,0.0,15.605370533334439,47036.348639796124,9749.976193190741,10041.549823194442
2025-03-06,117673.59855,121316.79809583332,51732.944416666665,70921.99312523344,71695.08307106677,773.0899458333297,773.0899458333333,0.0,0.0,21467.330958944956,17469.997760245413,1757.0957390338954,43799.97050567358,800.032130445625,0.0,44600.0026361192,10041.549823194442,9951.03906375
2025-03-07,71680.36145,75807.08621666666,50758.07591666667,33868.13433458179,33868.13433458179,0.0,0.0,0.0,0.0,19703.59214124268,15507.500757781578,8749.757417787354,18032.595914172725,0.0,0.0,18032.595914172725,9951.03906375,10453.715593333334
2025-03-08,72344.71158333334,74931.93554583333,53281.57206666666,31804.970814998454,32179.894675956788,374.92386095833353,374.9238609583331,0.0,0.0,20344.565285357407,16472.07479093116,9244.26466486388,16858.41222152012,422.34519191709967,0.0,17280.75741343722,10453.715593333334,10461.519026898153
2025-03-09,117692.9865,120456.85971666666,54359.461449999995,74723.80682771472,74723.80682771472,0.0,0.0,0.0,0.0,20309.07228423384,16893.715438438776,7974.92493191967,45947.021317867206,0.0,0.0,45947.021317867206,10461.519026898153,9968.88915110997
2025-03-10,117943.06436666666,120256.41787083333,49900.99291666666,72163.36522539343,73474.50661826904,1311.1413928756083,1311.1413928755962,0.0,14.915037499998334,21783.600614449588,17870.095352953136,1533.8449442725796,43947.99694714487,1582.1697047564728,69.88440820624214,45600.05106010759,9968.88915110997,9718.468200833333
2025-03-11,117499.55295,120501.22767916665,53560.63415,63447.19419937706,67727.86176128608,4280.667561909024,4280.667561909022,0.0,5.684341886080801e-13,18447.93680178692,14687.145244667496,28.15140416666759,38890.7353725345,7472.7845624173315,2.6749944481707642e-12,46363.51993495184,9718.468200833333,10002.561050588785
2025-03-12,118112.23683333333,120591.2062375,55676.70215,72268.21245052924,72268.21245052924,0.0,0.0,0.0,0.0,20777.045747736625,16825.404336404907,5881.036355864197,44507.26522008196,0.0,0.0,44507.26522008196,10002.561050588785,10007.00851643518
2025-03-13,118237.27705,120172.15705833334,50691.65903333333,71836.44835413428,71836.44835413428,0.0,0.0,0.0,69.44095941666149,20035.509970524698,16373.826560958336,698.5878873179023,44303.65826849411,0.0,441.4834488239624,44745.141717318074,10007.00851643518,9845.82686662037
2025-03-14,72108.86895,74685.02734583332,56079.44296666667,31144.984507125002,31174.426958500007,29.442451375005476,29.44245137500144,0.0,14.561491958332908,20742.204442733026,16697.480588416664,11114.838612808642,15953.079335687771,34.288678871326674,89.01440034128888,16076.382414900387,9845.82686662037,9961.054655728243
2025-03-15,72724.98178333332,74081.4165625,51800.85663333333,31613.151065760216,31719.927208260215,106.77614249999897,106.77614249999965,0.0,60.52195416666649,20823.921139248974,16585.515776822085,6617.918649999998,16473.48725299066,114.32550811549959,238.006489272916,16825.819250379078,9961.054655728243,10274.232817916667
2025-03-16,117983.21598333333,119493.13045,54632.16905,69512.36371365983,70574.43482553482,1062.0711118749896,1062.0711118749912,0.0,0.33958333333339397,21057.07355272633,17041.780863375003,3208.4347861834867,42522.08415967917,1320.027605703864,1.544934375000276,43843.65669975804,10274.232817916667,10290.286944953708
2025-03-17,117693.6218,119372.79283333333,59835.490366666665,63684.11609119289,63688.30890831789,4.192817125003785,4.192817125000147,0.0,609.0192221666655,21721.316883847725,17557.689770750007,2275.5695840535036,38501.589781745875,4.8829548237751705,3212.34568835141,41718.81842492106,10290.286944953708,10330.927950694442
2025-03-18,117253.42358333332,119515.7955125,56127.465216666664,71986.86982830186,71986.86982830186,0.0,0.0,0.0,0.0,18950.886830144038,15502.52862713992,7412.553258631086,44339.06544079643,0.0,0.0,44339.06544079643,10330.927950694442,10161.694289890835
2025-03-19,117281.55799999999,119778.30222499999,57816.08755,59286.28994212822,63290.83679128679,4004.5468491585707,4004.546849158576,0.0,3.410605131648481e-13,18811.04779775989,15036.482439806428,50.800983333333875,37016.133439626894,6890.874778481077,1.2739747035084292e-12,43907.00821810797,10161.694289890835,10384.434596978703
2025-03-20,117648.38173333331,119403.90539166666,55439.41991666666,69613.19349317592,70155.34207884259,542.1485856666695,542.1485856666743,0.0,2.2737367544323206e-13,21596.969291782923,17729.631563291663,4079.042533684672,42678.31295021789,654.9591769426219,4.2211922846036033e-13,43333.27212716051,10384.434596978703,10122.116333703705
2025-03-21,72593.53221666666,73744.08509583333,60560.06769999999,29767.877830000005,30192.903379125,425.02554912499545,425.02554912499784,0.0,256.7695208333334,20529.656490380657,16661.536193958327,14548.088086869338,15261.240579143518,512.1906694880348,1023.9084370562504,16797.339685687803,10122.116333703705,10085.989181759265
2025-03-22,71936.92953333333,73249.02394583332,56055.7298,30327.06266116667,30781.820977749994,454.7583165833239,454.7583165833244,0.0,0.0,20721.05729675926,16407.15419452366,10586.718142181066,15656.381470804488,523.9982448600892,0.0,16180.379715664578,10085.989181759265,10504.769421594085
2025-03-23,117739.97726666665,118669.690125,58970.257150000005,72318.53892808681,72318.53892808681,0.0,0.0,0.0,1.1368683772161603e-13,19000.72237893867,15748.86570733333,10296.962139814816,44695.00234215472,0.0,4.889102456218097e-13,44695.00234215472,10504.769421594085,10106.679887824073
2025-03-24,117425.17061666667,118556.10507916666,59426.67353333333,63410.310157126034,63410.310157126034,0.0,0.0,0.0,2.2737367544323206e-13,21430.902095010275,17325.53200362499,1306.442982407419,39190.71516124527,0.0,4.2211922846036033e-13,39190.71516124527,10106.679887824073,10143.90065819445
2025-03-25,118053.16781666665,118496.3336,57103.043099999995,70683.28238499846,70683.28238499846,0.0,0.0,0.0,0.0,19839.40219346706,16021.298350958328,5915.053825823049,44081.74678482443,0.0,0.0,44081.74678482443,10143.90065819445,10197.920020138889
2025-03-26,117704.62779999999,118631.99319583332,62112.07293333333,64628.54583684381,65188.29165159464,559.7458147508296,559.7458147508295,0.0,29.586382874997867,21299.163312757202,17450.811397166668,5776.971252212445,39067.85029536323,653.7654099849169,146.45059544286428,39868.06630079101,10197.920020138889,9977.376560324074
2025-03-27,117952.59836666666,118539.68656666666,59235.60896666667,65113.64222902872,65113.64222902872,0.0,0.0,0.0,0.0,21534.548809053496,17442.718967499997,2304.8229874752315,40317.015170853614,0.0,0.0,40317.015170853614,9977.376560324074,9977.671635694447
2025-03-28,71891.76726666666,72941.96764166666,61069.8865,30533.18589829166,30533.18589829166,0.0,0.0,0.0,0.0,20348.30003650926,16145.070246293728,15508.075341409467,15573.891441865997,0.0,0.0,15573.891441865997,9977.671635694447,10352.174728226415
2025-03-29,72118.27746666667,72312.69576249999,64411.06828333333,28397.737732762886,28942.45157908234,544.7138463194533,544.7138463194501,0.0,381.15910833333146,20638.56783611111,17039.331215362105,18017.16488333333,14327.916723350994,778.8039074562355,1729.3306320208221,16836.051262828052,10352.174728226415,9994.295541435185
2025-03-30,117994.70585,117819.14920833334,62649.086149999996,67146.64707760504,67146.64707760504,0.0,0.0,0.0,0.0,20301.774311574067,16160.644924999999,7659.897991030979,40770.07171214395,0.0,0.0,40770.07171214395,9994.295541435185,10309.620282962962
2025-03-31,117075.66561666667,117755.15059583333,60124.27613333333,57339.514590356994,60495.60776770036,3156.0931773433695,3156.093177343371,0.0,1.1368683772161603e-13,19083.266039870374,15577.29515133667,38.24739583333337,35010.92977843198,5389.057819001582,4.599769454216585e-13,40399.98759743356,10309.620282962962,10176.453995138889
2025-04-01,117967.1463,117736.29233333333,57758.29478333333,65866.4630478289,66503.52373332891,637.0606855000078,637.0606855000015,0.0,1.1368683772161603e-13,20219.361664114705,16427.715939807913,2503.026492355447,39442.39907723595,801.2379725249135,5.325091478880495e-13,40243.63704976086,10176.453995138889,10120.861781944443
2025-04-02,117986.62945,117792.96661666667,57551.29404999999,62486.94444395708,63864.06418008208,1377.1197361250015,1377.1197361250013,0.0,18.874155592077386,18112.308577217085,14760.01142070959,95.30577916666664,38719.47377966567,2734.140492179471,92.22964687485317,41545.84391872,10120.861781944443,10021.9268117625
2025-04-03,117884.45609999998,117877.96392499999,62020.92583333333,64809.73457887632,64809.73457887632,0.0,0.0,0.0,0.0,19509.84132160493,15711.04571216958,5147.408702774306,40391.97311237447,0.0,0.0,40391.97311237447,10021.9268117625,10124.06654324074
2025-04-04,71735.75181666667,72068.63247083333,65304.949566666655,28888.581538334874,28888.581538334874,0.0,0.0,0.0,5.684341886080802e-14,20728.741052932095,16619.137999165123,18348.176234567905,14355.100794156768,0.0,2.6625457394402475e-13,14355.100794156768,10124.06654324074,10314.224602918384
2025-04-05,72602.74256666665,72281.22509166667,60558.62758333332,27991.229503081784,28768.702702331782,777.4731992499983,777.473199250001,0.0,135.36810795833355,20919.6303625,17072.279085543218,13012.60455,14109.85363510508,972.8107586916012,581.1458141879593,15663.810207984641,10314.224602918384,10172.69294523148
2025-04-06,117205.43058333333,117852.7214,62795.354316666664,63253.20550592336,63253.20550592336,0.0,0.0,0.0,0.0,21891.006773559668,17461.29403846964,4413.416504166671,38184.991385578556,0.0,0.0,38184.991385578556,10172.69294523148,10473.161220913353
2025-04-07,117015.14203333334,117534.38059999999,63772.422750000005,57903.66198530353,57903.66198530353,0.0,0.0,0.0,0.0,20613.644294201215,16967.46526208333,1014.763669852318,35073.110816951346,0.0,0.0,35073.110816951346,10473.161220913353,10172.701905601853
2025-04-08,117713.29026666666,117693.3226625,63360.09664999999,67075.13223551544,67075.13223551544,0.0,0.0,0.0,0.0,20311.30598626542,16620.20828824999,9030.840920833349,41010.37726113567,0.0,0.0,41010.37726113567,10172.701905601853,9985.979195185188
2025-04-09,117677.52253333332,117771.26302083333,58543.21151666666,65757.5146286343,66248.59719130347,491.08256266918033,491.08256266919363,0.0,3.410605131648481e-13,20779.897449588476,16939.52029881996,3273.9090238683075,39849.832288081816,599.300563085259,1.6869421415321994e-12,40449.13285116707,9985.979195185188,9866.197678903749
2025-04-10,117668.70068333333,117930.67831249998,63208.06278333333,64060.86242801089,64118.35283146923,57.49040345833782,57.49040345833674,0.0,0.0,21502.22115162958,17236.275298599274,5391.769078438931,39215.72407053235,69.78185171772914,0.0,39285.50592225008,9866.197678903749,10066.779716926729
2025-04-11,72091.99675,72082.48006249999,66775.34658333333,27157.918197811723,28066.244927478394,908.3267296666709,908.3267296666688,0.0,255.39418333333333,20504.479391666668,16617.659626688273,19118.169179166667,13468.857425830614,1152.433634480053,1109.6428655016666,15730.933925812333,10066.779716926729,10056.744917550866
2025-04-12,71957.17576666665,72345.73283749999,62932.01521666667,29068.334106818194,29068.334106818194,0.0,0.0,0.0,1.1368683772161603e-13,20317.527483088248,15989.029935018516,15714.676008748462,14714.773506990696,0.0,5.129550117999315e-13,14714.773506990696,10056.744917550866,10576.930835643052
2025-04-13,117283.06219999999,117730.83242083332,63006.703716666656,59767.06096622479,59767.06096622479,0.0,0.0,0.0,0.0,20080.439668826,16424.44271357832,1834.705527643779,36037.4185569355,0.0,0.0,36037.4185569355,10576.930835643052,10399.945744721654
2025-04-14,117901.37268333332,117302.40001666665,65373.34088333332,63569.21011565443,63569.21011565443,0.0,0.0,0.0,1.1368683772161603e-13,18335.991811677595,15146.755881671299,7851.942385648135,38914.39920787595,0.0,4.798721420229413e-13,38914.39920787595,10399.945744721654,10072.609617818931
2025-04-15,117056.90516666666,117746.75699166665,66917.47633333332,54860.320300132444,55356.48279565739,496.1624955249499,496.1624955249467,0.0,59.430490333332045,20821.95817247664,16865.401286743116,1319.9275669238712,32828.92513492515,957.8114421940804,265.8897570889091,34052.62633420814,10072.609617818931,10073.03721
2025-04-16,117924.88506666665,117662.58444583332,62145.29311666667,61371.35392643641,62146.58906984496,775.2351434085504,775.2351434085546,0.0,2.2737367544323206e-13,20429.801922427978,16717.581643889614,2654.776841306597,36198.55743632626,1227.310763713977,1.1095835361629724e-12,37425.86820004023,10073.03721,9884.768224752283
2025-04-17,117487.04263333333,117788.53422083333,64618.700283333324,56187.39152268316,57491.67533737038,1304.2838146872236,1304.2838146872286,0.0,9.659947874999261,21678.555798615555,17286.23615087016,240.67328749999933,34208.52431955622,1668.883017295475,49.00974554380861,35926.41708239551,9884.768224752283,10188.539386983886
2025-04-18,71490.16935,72078.2620125,65136.05216666666,27264.82522575617,27772.9180758395,508.09285008333245,508.0928500833334,0.0,1.1368683772161603e-13,20830.662743569956,16435.138119993826,17023.276268930036,13407.526046760982,645.9011135063502,5.715605766454246e-13,14053.427160267333,10188.539386983886,10674.871278425928
2025-04-19,71905.41535,72153.78133333333,65120.736099999995,26887.812470072087,27074.38391578041,186.57144570832315,186.5714457083231,0.0,1.7053025658242404e-13,20508.118584511387,16940.339307208338,16721.925388477364,13062.58127934026,227.28297293696144,7.373728294624016e-13,13289.864252277222,10674.871278425928,10309.578774254684
2025-04-20,117197.81635000001,117555.793975,65240.07146666667,59092.22473525867,59100.29891442534,8.074179166666,8.074179166666681,0.0,5.684341886080801e-13,19945.60724079726,16040.165375291668,3237.1121655864167,35390.91626240032,9.403189057500017,2.2246808839554433e-12,35400.31945145782,10309.578774254684,10438.219318425927
2025-04-21,118481.63788333331,117354.33773749998,69964.7275,59796.408280770054,59808.248094978386,11.839814208331518,11.839814208331632,0.0,233.77279091666196,20900.284689248965,17347.114839750004,7971.940653062759,35552.22397824052,13.788647627023018,1231.6242868128916,36797.636912680435,10438.219318425927,9973.90349458333
2025-04-22,117811.00101666666,117697.62738749999,65658.0717,53721.44612966506,55854.788237225344,2133.342107560282,2133.342107560279,0.0,0.0,18746.218378617217,15067.512495558538,23.153037500000437,32407.319508846515,3973.6217385366035,0.0,36380.94124738312,9973.90349458333,10103.819484718224
2025-04-23,118030.51476666666,117823.41621249999,66630.59805,52979.58406337859,55124.52885133804,2144.9447879594445,2144.944787959437,0.0,0.0,18392.52499311007,14696.53396260537,28.621104166666896,31788.637429311682,3592.0204620244613,0.0,35380.657891336145,10103.819484718224,10327.609797844649
2025-04-24,117497.77966666667,117748.19944583334,70407.67296666667,52386.68071088026,52744.43882303253,357.75811215226713,357.75811215226184,0.0,0.0,20597.184988683126,16829.535669817258,1886.6828041666647,31760.671062303874,549.7296225166207,0.0,32310.400684820495,10327.609797844649,10165.592210084726
2025-04-25,71763.3212,71802.42129583334,69762.96354999999,26716.858360548744,26880.006814923745,163.14845437500117,163.14845437500196,0.0,5.684341886080802e-14,20667.296623868315,16585.79639361792,20798.14893467335,13000.894691771278,197.13576777037738,3.5700509215530474e-13,13198.030459541656,10165.592210084726,10337.496511990741
2025-04-26,72100.92436666667,72145.9027875,72030.73073333333,26525.049097166666,26590.694796708332,65.64569954166654,65.64569954166805,0.0,5.684341886080802e-14,20567.02563316461,16881.870478791665,22835.346009002056,12939.790828602332,81.37558907078923,2.6625457394402475e-13,13021.166417673121,10337.496511990741,10090.185716514818
2025-04-27,117032.52253333334,117420.25374583332,68459.05135,51242.52472663665,54230.63697592318,2988.1122492865325,2988.1122492865306,0.0,0.0,20675.699525668726,16723.62673282167,1705.0929997428007,31255.15008120434,3863.9347247986066,0.0,35119.084806002946,10090.185716514818,10116.507808703705
2025-04-28,117537.3008,117618.45455416666,60915.33348333332,62165.803247725446,64279.835745307755,2114.0324975823096,2114.0324975823078,0.0,0.0,19884.24958395062,16035.052685625002,3808.671530315468,37053.96454287868,2457.6941792436764,0.0,39511.65872212236,10116.507808703705,10195.607228009258
2025-04-29,117252.75871666666,117637.08568749999,69819.545,52321.06554574279,53210.019855768216,888.9543100254232,888.9543100254131,0.0,1.1368683772161603e-13,20034.246950585904,16136.548740599585,1879.1079291152269,32224.546129520277,1148.6869833251849,5.129550117999315e-13,33373.23311284546,10195.607228009258,10296.930882870372
2025-04-30,117682.88071666665,117904.88795416665,69426.02628333334,52036.08397643,52652.26026809667,616.176291666663,616.1762916666668,0.0,0.0,20411.90441333487,16650.76914254166,634.2705639701298,31955.96561165781,716.0364563493752,0.0,32672.002068007187,10296.930882870372,10166.790252047693
2025-05-01,120364.58391666666,117634.49477083332,69353.20511666666,54676.04004421501,56241.18736006995,1565.1473158549343,1565.147315854937,0.0,1424.001600708334,18393.637498932676,15770.242724395062,4030.4153862406656,33335.47040857724,2016.6021325559732,8948.3489483864,44300.421489519606,10166.790252047693,9198.572085092594
2025-05-02,74761.02673333333,71770.30977916665,60470.70664999999,29674.868159023157,29674.868159023157,0.0,0.0,0.0,1.7053025658242404e-13,17974.430089248963,15260.153355791661,12670.271342232518,15779.313054847133,0.0,7.715641459071775e-13,15779.313054847133,9198.572085092594,8419.833214537044
2025-05-03,74894.84928333333,72141.56451249999,66027.67763333333,29414.397122568735,29414.397122568735,0.0,0.0,0.0,254.62571858333155,18589.128646866586,14895.30732870834,17108.029872993822,15083.316698638839,0.0,1366.4092008778816,16449.72589951672,8419.833214537044,8599.707520374368
2025-05-04,120670.08423333333,117179.70791666667,68935.4169,60613.21968130934,60613.21968130934,0.0,0.0,0.0,304.22070833333623,17713.839582646797,14353.504162500001,5822.437636162547,36588.364238964874,0.0,1437.3207813230551,38025.68502028793,8599.707520374368,8593.825186423146
2025-05-05,120612.16386666667,117733.86335,65536.15706666667,59315.73616046553,59315.73616046553,0.0,0.0,0.0,0.0,19683.701396978402,15668.782766708337,224.81073019546943,36922.85816844527,0.0,0.0,36922.85816844527,8593.825186423146,8899.397814027776
2025-05-06,121017.19009999999,117458.48879166666,68147.10773333334,51626.163776375906,55189.22103251756,3563.0572561416557,3563.0572561416566,0.0,981.9170503053523,19028.336206822918,15727.280490666672,4.547473508864641e-13,32269.464978632976,4557.4722932359955,6358.846359064652,43185.78363093362,8899.397814027776,8550.144299427666
2025-05-07,121160.21501666667,117828.95077083333,66092.36906666667,57398.88744136605,58472.951090532726,1074.0636491666737,1074.06364916667,0.0,492.18197960802513,19858.78703408398,16101.62093477656,140.12102083333355,35461.20081002425,1256.6745626488796,3314.25030048952,40032.12567316265,8550.144299427666,8532.362702573735
2025-05-08,120445.47738333332,118254.52672499999,64618.964983333324,64224.03796657973,64224.03796657973,0.0,0.0,0.0,379.1326294583329,19584.198733847737,15652.303455608027,4844.762917798349,38936.60672450684,0.0,2566.41033977108,41503.01706427792,8532.362702573735,8766.693279027779
2025-05-09,74253.82544999999,72526.62850833334,65754.4396,28936.3732769622,29221.728005920533,285.354728958333,285.35472895833425,0.0,5.684341886080802e-14,18966.622926325363,15113.104658624998,16868.823888220162,15256.193003636181,343.59059849581365,3.0530600270139987e-13,15599.783602131994,8766.693279027779,9044.315403137274
2025-05-10,74647.98705,72714.59119166667,62526.941766666656,28987.107973174643,28987.107973174643,0.0,0.0,0.0,0.0,18163.85779600077,15049.046990315836,13751.251884156376,15310.923860763247,0.0,0.0,15310.923860763247,9044.315403137274,8670.62409696482
2025-05-11,120743.09041666667,118045.87132916666,65259.01133333333,63454.274332306006,63647.928899181,193.65456687499682,193.65456687499767,0.0,334.75265674999935,18228.32081877721,14487.731217416665,4758.012871237134,38334.142838178566,387.51779301965445,2275.837027260911,40997.49765845913,8670.62409696482,8978.633703401349
2025-05-12,120448.60361666666,118633.11880833333,68517.40838333333,54970.217166466755,55790.76468271675,820.5475162499934,820.5475162499947,0.0,1.1368683772161603e-13,18482.146097167963,14674.478081117884,51.90143333333344,34114.3521481029,1626.364780098186,4.978346623829566e-13,35740.71692820109,8978.633703401349,9307.589545165982
2025-05-13,120269.6316,118284.46375,67140.41883333333,65187.58119694621,65310.49193423787,122.91073729166237,122.91073729166499,0.0,1.1368683772161603e-13,15813.599032744056,12909.38026991666,9277.060404743814,40048.769512884704,232.07761426592185,5.325091478880495e-13,40280.84712715063,9307.589545165982,9196.07281917268
2025-05-14,120592.00526666666,118699.62389166666,67577.85648333334,60564.00625615865,61069.581581616796,505.5753254581432,505.5753254581388,0.0,0.0,20208.153166325534,16085.869439562435,3933.149071520365,37474.583531647564,581.7741012767138,0.0,38056.35763292428,9196.07281917268,9510.222402685184
2025-05-15,119598.30981666666,118948.72089999999,66833.25153333333,59829.89952629063,60107.42041812397,277.5208918333374,277.5208918333389,0.0,1.1368683772161603e-13,20550.063696821497,16100.601831300404,2892.900269269543,37985.50878569036,296.7133830729814,3.2446223485749216e-13,38282.22216876334,9510.222402685184,10115.722139490743
2025-05-16,74681.34474999999,73067.08568333332,71965.83821666666,27414.51087454269,27414.51087454269,0.0,0.0,0.0,5.684341886080802e-14,18299.45171893004,15401.576602874999,21801.12922515432,15180.611866588548,0.0,2.5860913410724607e-13,15180.611866588548,10115.722139490743,9472.365794444444
2025-05-17,75274.53043333333,73387.29401249999,64825.73134999999,28104.57425328292,28104.57425328292,0.0,0.0,0.0,5.684341886080802e-14,18516.944280144024,15547.192703249995,14686.02359305556,15328.293226273337,0.0,3.4995650821656456e-13,15328.293226273337,9472.365794444444,8862.95708740741
2025-05-18,120687.037,118910.87838333333,67010.8689,65257.07701890946,65257.07701890946,0.0,0.0,0.0,1.859583333333262,19381.166279218112,14855.890028353915,7057.492251378602,39911.59710483956,0.0,12.541959791666187,39924.13906463123,8862.95708740741,9799.462262754918
2025-05-19,120072.38798333332,119269.92654166666,72557.17143333334,58991.94038241202,58991.94038241202,0.0,0.0,0.0,67.00333333333356,18285.837777632718,14794.246561979426,8052.13595009207,36611.91370178144,0.0,451.9039816666678,37063.81768344811,9799.462262754918,9818.664527091669
2025-05-20,120437.57771666667,119087.64535833332,65910.18289999999,58419.49015474764,58419.49015474764,0.0,0.0,0.0,0.0,19622.386132089516,15994.255806875002,263.9650128664608,36164.39351173644,0.0,0.0,36164.39351173644,9818.664527091669,9707.416705000003
2025-05-21,120283.05128333332,119366.40394166666,68920.43599999999,54640.599524630336,55087.352848544324,446.7533239139884,446.7533239139889,0.0,1.1368683772161603e-13,19455.452526936828,15750.2345783925,19.519616666666707,34518.148264822485,594.3912965331233,4.578737389238085e-13,35112.53956135561,9707.416705000003,9717.063336584812
2025-05-22,119729.68001666665,119476.53769583332,68913.0492,58292.07730165597,58292.07730165597,0.0,0.0,0.0,0.0,18747.546946995884,14301.821686201329,3029.7212241947564,37016.17388838873,0.0,0.0,37016.17388838873,9717.063336584812,10698.942604212962
2025-05-23,74983.38438333332,73864.87953333333,68562.43549999999,27786.9673297662,27786.9673297662,0.0,0.0,0.0,0.0,19462.75722907459,16146.654324133751,18049.91554149203,15169.956550083616,0.0,0.0,15169.956550083616,10698.942604212962,10274.697083564812
2025-05-24,74693.81781666665,74229.57278333334,70939.31643333333,28774.774079974766,28774.774079974766,0.0,0.0,0.0,64.02801379166414,19880.507368518516,15808.719830625,21012.513172539584,15923.40100833013,0.0,273.26617866105164,16196.66718699118,10274.697083564812,10601.909458981478
2025-05-25,120319.8776,119783.18354583334,71774.86741666666,58625.27903385442,58625.27903385442,0.0,0.0,0.0,1.1368683772161603e-13,18672.200410178506,15111.293743244585,6519.36218358717,36614.601180207086,0.0,7.140101843106095e-13,36614.601180207086,10601.909458981478,10616.563446759257
2025-05-26,119407.96936666666,119667.61406666666,64828.13641666666,56566.2469805337,58235.74009910367,1669.493118569968,1669.493118569963,0.0,1.1368683772161603e-13,18649.46216167079,15117.551429333336,123.99641676621764,35849.051900123704,1985.3877860665011,5.325091478880495e-13,37834.439686190206,10616.563446759257,10603.800026337038
2025-05-27,120046.82734999999,119744.28953333333,70656.46005,53130.5327110094,53130.5327110094,0.0,0.0,0.0,148.82186276417508,20589.3486256505,16829.180584235233,128.81923235831937,34206.801083752805,0.0,784.9335409639488,34991.73462471675,10603.800026337038,10435.124251383331
2025-05-28,119921.84721666666,119929.53807083333,67648.02311666666,59860.40122226132,59860.40122226132,0.0,0.0,0.0,0.0,18372.508121405353,14834.394102333337,4048.4631031893014,38091.39543249197,0.0,0.0,38091.39543249197,10435.124251383331,10487.721446944448
2025-05-29,120439.31426666665,120034.51278333334,66329.19076666667,59240.73926252674,59647.2559332572,406.51667073045974,406.5166707304574,0.0,1.1368683772161603e-13,19381.860936954472,15495.018314016463,1650.289810319185,38138.33920910923,471.6391808972892,5.325091478880495e-13,38609.97839000652,10487.721446944448,10714.709274629633
2025-05-30,74612.22448333332,74669.89532916667,68015.99121666666,29034.37021135082,29034.37021135082,0.0,0.0,0.0,0.0,19478.500245987656,15700.82354641667,18660.460245113165,16260.904670500884,0.0,0.0,16260.904670500884,10714.709274629633,10800.0
2025-05-31,74778.33258333334,74877.79614583333,66389.15103333333,30973.928789318954,30973.928789318954,0.0,0.0,0.0,0.0,18711.444648862915,15226.291832245628,19099.594422701666,17521.665373818967,0.0,0.0,17521.665373818967,10800.0,10722.198148148149
2025-06-01,128248.56003333331,120605.02231249999,57023.73373333333,78271.13307438284,78685.34848969575,414.2154153129086,414.2154153129128,0.0,610.2348752916622,18033.52582935021,16981.546652833335,7018.77788847054,49011.60264851386,543.6425855115735,3673.437417025469,53228.6826510509,10722.198148148149,8083.986224748525
2025-06-02,128080.53698333334,120135.28120833333,59439.72953333333,77914.4761978036,78143.95813566368,229.4819378600805,229.48193786008028,0.0,867.0280371399216,20472.524203777357,16978.467104166666,6876.1216231929075,48729.62770753987,344.7749574382615,5295.987987300748,54370.390652278875,8083.986224748525,7644.294559074077
2025-06-03,128076.84056666667,120442.80669166666,59884.473733333325,71989.81143006633,72849.89570239966,860.0842723333335,860.0842723333344,0.0,686.0710155833359,19264.70891882715,15853.196587083328,1932.0875529058617,45752.205163396,1116.2057396311761,3767.53071168233,50635.94161470951,7644.294559074077,7367.86971148148
2025-06-04,128539.84358333334,120489.27969583333,58894.58276666666,83155.75595203138,83080.15175734906,-75.6041946823243,0.0,75.6041946823201,166.9084666666671,19655.182642849795,15347.890311291665,9294.507075790925,52161.641731411786,16.674505137185697,1134.2463388354192,53312.56257538439,7367.86971148148,8004.322633055557
2025-06-05,128455.92066666666,120053.19537083333,57306.60264999999,70858.2225770468,74664.39978784721,3806.177210800408,3806.1772108004134,0.0,903.2441854495879,20401.204208728625,16963.074236186956,980.1959840884819,43871.88281831566,6568.294936267083,5807.85715443696,56248.034909019705,8004.322633055557,7517.5461584813675
2025-06-06,82747.41500000001,74632.69476666665,51892.419599999994,36184.06381436779,36960.01878553446,775.9549711666696,775.9549711666664,0.0,0.0,16740.126976543204,14294.698493472462,3659.5949024637202,21731.66789802974,959.6724633660247,0.0,22691.340361395763,7517.5461584813675,6700.662111289738
2025-06-07,83156.75975,74848.66697083334,52030.246583333326,40676.42054043939,40676.42054043939,0.0,0.0,0.0,132.01576666666756,14456.84866235296,11208.492266666664,6433.566744753087,22826.485137071337,0.0,869.4071773541725,23695.89231442551,6700.662111289738,7257.9456111111085
2025-06-08,128266.94665,122499.6412625,63082.023383333326,74840.19830097735,74840.19830097735,0.0,0.0,0.0,2.2737367544323206e-13,17981.76204089506,13411.263291666666,5084.776285082305,47318.131635172176,0.0,1.4206307241693138e-12,47318.131635172176,7257.9456111111085,8540.12779050926
2025-06-09,128169.18798333332,122002.3744875,57236.47525,81639.98340091616,81639.98340091616,0.0,0.0,0.0,52.80070833333343,19148.631994887714,15484.010339659464,7095.449720687905,52594.02397064793,0.0,356.02457686041737,52950.04854750835,8540.12779050926,8569.440652953243
2025-06-10,127414.49178333333,122207.71930833333,55796.047549999996,75828.84755186728,76441.06925369239,612.2217018251104,612.2217018251043,0.0,0.0,20776.153719392998,16802.545427491248,849.0167284573038,48282.95407809443,753.8799127761296,0.0,49036.83399087056,8569.440652953243,8598.484080972219
2025-06-11,128236.67731666667,122334.18683749999,52152.23099999999,81195.05260216101,83238.37263757818,2043.3200354171713,2043.3200354171754,0.0,7.753333333333785,21667.605971039084,17489.463525333333,2983.537208539105,52464.180947534056,2516.671906631837,52.26909666666878,55033.12195083257,8598.484080972219,8666.592204537039
2025-06-12,127721.81298333334,122055.80619166666,55269.42154999999,78864.91836440327,78864.91836440327,0.0,0.0,0.0,1.1368683772161603e-13,21016.756213816487,16978.120562191354,2373.8912794448165,50589.81003311949,0.0,2.444835445203353e-13,50589.81003311949,8666.592204537039,8717.094394537035
2025-06-13,81889.59039999999,76756.09215416666,53544.276699999995,36361.59967830761,36675.47353680761,313.87385849999555,313.8738584999964,0.0,0.0,16924.790049999992,14370.756369583332,5776.126156390948,21772.516705024595,341.5753360279709,0.0,22114.092041052565,8717.094394537035,7981.898362222222
2025-06-14,82253.15711666667,76975.86014583333,56059.81436666666,36710.327863660495,36849.34399241769,139.0161287571973,139.01612875720224,0.0,5.684341886080802e-14,17674.546097633745,13894.363222499998,6875.818367283952,22134.36365584588,173.6458344552452,1.2224177226016764e-13,22308.009490301123,7981.898362222222,8450.80849175926
2025-06-15,127368.88451666664,124380.60532083333,56741.91018333333,76179.35764376234,77334.86029697067,1155.5026532083284,1155.502653208329,0.0,0.0,21641.621976491766,16241.975932041674,1308.2399191872455,48756.6812333104,1374.8711171925438,0.0,50131.55235050295,8450.80849175926,9881.628346111107
2025-06-16,127618.63201666667,123932.52057916665,54924.57919999999,76752.53149096502,78270.15904760083,1517.627556635809,1517.6275566358,0.0,0.0,21436.862629989708,17434.916726833326,1574.1603277777808,49564.456714620734,1847.9676174326828,0.0,51412.424332053415,9881.628346111107,9802.67501662037
2025-06-17,127311.75459999999,123993.93435416667,52674.743383333334,79756.38121590637,80983.30253241872,1226.921316512351,1226.921316512346,0.0,14.63333333333344,20927.759450874495,17314.742226583334,2747.9074247942285,51222.55624425388,1419.8878774059265,98.65061666666739,52741.09473832647,9802.67501662037,9399.05604842593
2025-06-18,126909.07891666667,124245.35485,55980.68801666667,80637.4904243827,81101.22045354937,463.73002916666155,463.73002916666826,0.0,1.1368683772161603e-13,19183.809835699576,15235.66327083333,6224.682988683127,51476.657431838394,574.8840003025019,4.978915058018174e-13,52051.5414321409,9399.05604842593,9735.970155185187
2025-06-19,127349.06689999998,124086.68198333334,59089.562699999995,75509.72282247838,75509.72282247838,0.0,0.0,0.0,19.297500000000014,17891.243710133742,14597.321210083332,3975.593622427973,48859.58532054132,0.0,130.09409624999984,48989.679416791325,9735.970155185187,9618.84370532407
2025-06-20,81137.07971666666,78558.15356666666,58736.49886666666,36743.31733381121,36743.31733381121,0.0,0.0,0.0,0.0,17808.10669758231,14252.153634208331,10786.783420437238,22711.60587130808,0.0,0.0,22711.60587130808,9618.84370532407,9810.413472916674
2025-06-21,81408.0648,78720.51681666666,62073.3244,36472.108259928485,36472.108259928485,0.0,0.0,0.0,5.684341886080802e-14,18883.36936347737,14814.034898625006,13068.033395076127,22225.353444530207,0.0,1.6223111742874608e-13,22225.353444530207,9810.413472916674,10345.407123796296
2025-06-22,126539.46191666665,126051.06719999999,59082.12081666666,74839.32416136395,74839.32416136395,0.0,0.0,0.0,0.0,19500.653113991768,15465.27339275,3346.603340122184,48070.714712707115,0.0,0.0,48070.714712707115,10345.407123796296,10712.357823333334
2025-06-23,126690.87308333332,125819.0815875,59629.587083333325,74990.6036849393,74990.6036849393,0.0,0.0,0.0,2.2737367544323206e-13,18831.95963909465,15574.335384916665,4671.693430761321,49391.96190554382,0.0,1.245609837496886e-12,49391.96190554382,10712.357823333334,10356.30440416667
2025-06-24,127112.84501666666,125712.47857499999,50844.05276666667,87041.49280301313,87041.49280301313,0.0,0.0,0.0,1.1368683772161603e-13,20707.586947993826,16522.529747500004,6587.643352519302,57140.94589921173,0.0,7.642597665835638e-13,57140.94589921173,10356.30440416667,10634.766271249999
2025-06-25,126310.40843333333,125901.86175833334,55872.98706666667,77970.35546354645,77970.35546354645,0.0,0.0,0.0,1.1368683772161603e-13,17927.544815425743,14372.600944619851,3977.9902260739036,50645.176691748406,0.0,2.486331140971743e-13,50645.176691748406,10634.766271249999,10800.0
2025-06-26,126697.44536666665,125991.52870416666,59150.061533333326,72505.06864525257,72505.06864525257,0.0,0.0,0.0,0.0,17467.897178034982,14977.256562875004,2467.0441967592624,48357.341133861286,0.0,0.0,48357.341133861286,10800.0,9879.711279259262
2025-06-27,79563.255,80096.5774,59791.60913333333,38652.924652365735,38652.924652365735,0.0,0.0,0.0,1.1368683772161603e-13,17451.420679938274,13831.067242541667,15260.92534830247,23920.48763841992,0.0,2.4630253392388114e-13,23920.48763841992,9879.711279259262,10218.137399490746
2025-06-28,80661.5728,80399.07856249998,58884.64668333333,38005.668527850816,38005.668527850816,0.0,0.0,0.0,0.0,18186.196860288066,14216.215213250003,12258.760764146089,23429.527171477963,0.0,0.0,23429.527171477963,10218.137399490746,10789.919892361111
2025-06-29,126384.80871666667,127605.96327916667,57117.04018333333,73553.12584671812,73887.1102919681,333.98444524998195,333.9844452499967,0.0,0.0,18334.94144645061,14842.23047475,1126.6307869341586,48345.28496597321,643.6611202363057,0.0,48988.946086209515,10789.919892361111,10800.0
2025-06-30,125947.32058333333,127639.80751666667,56069.6366,79997.45968790565,79997.45968790565,0.0,0.0,0.0,1.1368683772161603e-13,18738.94638459931,15197.92948819211,6578.75880816513,52535.21944886267,0.0,7.642597665835638e-13,52535.21944886267,10800.0,10778.463425925926
2025-07-01,141546.85106666666,127478.98299166665,62680.30703333333,69066.4714183251,76362.34357839247,7295.87216006736,7295.87216006738,0.0,1154.4726300833354,11488.976278600821,12838.704103458334,0.0,45861.39511959709,13681.063539936242,5753.14591649776,65295.60457603109,10778.463425925926,6853.315295046295
2025-07-02,141198.65821666666,127499.00206249997,68293.89184999999,72651.45339048354,74679.47246269188,2028.0190722083353,2028.0190722083357,0.0,1552.1294901199972,16423.765375983538,13343.834419005001,246.90462916666718,46917.621613119,3499.682056846811,8519.73856089208,58937.04223085789,6853.315295046295,6808.221445648147
2025-07-03,141565.53863333334,127556.06147916666,61805.119699999996,80097.16308070678,83234.64974299846,3137.4866622916743,3137.486662291671,0.0,403.0745041666654,19809.232931790124,16143.787105458332,211.85948750000034,51529.37353299209,4745.623008587221,2471.8060091208235,58746.80255070014,6808.221445648147,6698.989855972222
2025-07-04,95795.06574999998,81334.33502916666,66914.19828333333,38228.045600126694,39015.42472679335,787.3791266666594,787.3791266666664,0.0,2553.3385354129227,16729.022390997947,13826.759418124999,9785.632822666665,22783.28212914936,1043.2538140472495,9247.265418361663,33073.801361558275,6698.989855972222,6392.043987731486
2025-07-05,95872.83489999999,81869.88861666666,67082.75493333332,39738.50614391203,40780.60781374536,1042.101669833326,1042.1016698333297,0.0,1772.2462405416645,17097.505070370367,13949.745774416673,10615.014791666665,23776.28382050807,1420.826399658968,6433.671263203284,31630.78148337032,6392.043987731486,6280.081023935183
2025-07-06,141244.57465,127140.02545,61450.5931,74594.59254089007,82334.6588633129,7740.066322422834,7740.066322422835,0.0,1100.974234708338,17534.74635405915,13938.012306037912,44.91750000000047,48976.11643762092,11922.908638036886,6393.053423027822,67292.07849868563,6280.081023935183,6574.672402546293
2025-07-07,141495.39415,127106.50341666666,68085.91138333332,74581.03639070781,76336.90904733281,1755.872656624997,1755.8726566249989,0.0,2201.0987651249984,18481.801070473244,14803.521109249996,1450.2450845678945,48696.113857829434,2022.812346729117,11558.08015648797,62277.006361046515,6574.672402546293,6759.936577916666
2025-07-08,141285.227,130846.48561666666,65713.83998333334,81862.95256891666,82221.8247765432,358.87220762654033,358.8722076265391,0.0,1.3070833333334804,20708.33781748971,16202.900170833333,2146.307196553495,53460.599795303366,396.66429045718615,9.118213333334266,53866.382299093886,6759.936577916666,7394.218201620371
2025-07-09,140590.70496666664,130663.70572083333,66531.97995,81895.34938706172,82121.08125639506,225.73186933333636,225.73186933333272,0.0,45.72083749999979,19607.599817592585,15745.04036783333,4245.517627469142,53235.497481283455,282.18740985359926,308.27266310416525,53825.95755424122,7394.218201620371,7546.5687398611135
2025-07-10,140463.54225,130833.46597083332,67609.91886666667,77083.19965939506,78575.17247797838,1491.9728185833228,1491.9728185833314,0.0,19.800000000000182,19328.05357073045,15602.576517083337,2015.8720409979383,50357.55749212079,1762.8566200676976,133.5411000000005,52253.955212188484,7546.5687398611135,7605.620823425927
2025-07-11,94741.0884,84596.24771666666,62222.31125,44140.85755835854,44140.85755835854,0.0,0.0,0.0,50.67522470833251,17828.4801821502,14423.439253249999,8267.714704166669,26785.20477587454,0.0,192.2540214185803,26977.45879729312,7605.620823425927,7625.209372638888
2025-07-12,95318.37109999999,85048.90740416668,64234.12776666666,42658.30590048354,42658.30590048354,0.0,0.0,0.0,1.1368683772161603e-13,17955.06396455761,14826.071760833329,8445.070363425926,25548.217703571154,0.0,7.075300345604773e-13,25548.217703571154,7625.209372638888,7311.353873148152
2025-07-13,139893.36648333335,130384.43244999998,70625.64608333333,82293.36798827571,82293.36798827571,0.0,0.0,0.0,37.27471666666656,19606.74396424897,15637.199972166667,9093.378312860083,53918.4446931545,0.0,251.72492174166598,54170.16961489617,7311.353873148152,7582.756805231481
2025-07-14,141062.42346666666,130438.05495833332,69254.74424999999,75576.03226255505,75933.54786255505,357.5155999999988,357.51559999999836,0.0,8.828166666666675,18852.71942037037,15658.362968874995,940.3403610596722,48796.641043047784,429.69178965062304,59.54598416666667,49285.87881686507,7582.756805231481,7152.023207037043
2025-07-15,139545.16266666667,134314.16942083332,66796.11208333334,84205.88124787442,84205.88124787442,0.0,0.0,0.0,1.1368683772161603e-13,20261.19085466455,14776.971997736622,5972.611807613162,54393.72021059863,0.0,7.131006896088365e-13,54393.72021059863,7152.023207037043,8968.237200972224
2025-07-16,140365.26538333332,133752.2126333333,68230.702,79714.49035619386,79714.49035619386,0.0,0.0,0.0,2.2737367544323206e-13,18464.28560893411,15021.108296361628,4136.749660288054,52423.59043807613,0.0,7.769926924083848e-13,52423.59043807613,8968.237200972224,8895.973919722222
2025-07-17,139569.15928333334,134018.8982875,66848.74321666667,77533.10191549383,77533.10191549383,0.0,0.0,0.0,0.0,19734.140780874746,16219.181416821248,1297.7264847736647,50893.18171798793,0.0,0.0,50893.18171798793,8895.973919722222,8635.387937152556
2025-07-18,93698.0732,87809.12221666667,62423.8251,46358.5756457736,46358.5756457736,0.0,0.0,0.0,0.0,17670.09845313786,14136.323166520633,11550.552259156377,28572.221833200907,0.0,0.0,28572.221833200907,8635.387937152556,8831.450804398148
2025-07-19,94564.52240000002,88315.2109,67381.70335,46202.28004627978,46202.28004627978,0.0,0.0,0.0,5.684341886080802e-14,17568.57377266867,14634.763085236626,16085.650308847738,28716.9149277443,0.0,2.6625457394402475e-13,28716.9149277443,8831.450804398148,8382.319327314815
2025-07-20,138750.53876666666,133515.55294166665,66660.56055,83053.99984683687,83053.99984683687,0.0,0.0,0.0,6.821210263296962e-13,19095.404997565798,15014.351079278294,6882.967711882715,53731.00560018313,0.0,3.212505816918565e-12,53731.00560018313,8382.319327314815,8885.57151481482
2025-07-21,138442.8198,133799.00282083332,64453.070449999985,83855.03815379829,83855.03815379829,0.0,0.0,0.0,3.410605131648481e-13,19771.11164072423,15996.085768819969,6090.262931894026,54723.88643821819,0.0,1.9287540453660766e-12,54723.88643821819,8885.57151481482,8906.14335944445
2025-07-22,139514.85881666664,137372.5214375,65719.71419999999,83156.3909218811,84668.0438990555,1511.6529771743953,1511.6529771743876,0.0,0.0,19351.33331268925,14834.721397069965,6356.287366769542,55048.28070587735,1675.7305367702315,0.0,56724.011242647575,8906.14335944445,9839.319566342592
2025-07-23,139450.03365,137116.25925,65233.48653333333,91951.57631468723,91951.57631468723,0.0,0.0,0.0,2.2737367544323206e-13,18452.942812191366,15042.59608366667,14324.682469495876,61581.36745896842,0.0,1.2119016901124269e-12,61581.36745896842,9839.319566342592,9732.972448796296
2025-07-24,138902.21751666663,137073.92138333333,65285.74551666666,91152.85423485286,91152.85423485286,0.0,0.0,0.0,0.0,18564.59186476337,14532.540481916669,13504.330852006167,60879.311120424114,0.0,0.0,60879.311120424114,9732.972448796296,10293.837924953703
2025-07-25,92354.83968333332,90949.37058749999,65849.52011666667,44833.82816957299,44833.82816957299,0.0,0.0,0.0,1.1368683772161603e-13,18176.272044942332,15129.690030153291,15281.926588117285,28027.553733819354,0.0,7.140101843106095e-13,28027.553733819354,10293.837924953703,9841.71606523148
2025-07-26,93187.68993333331,91604.3253,64718.598366666665,45587.192684218055,45587.192684218055,0.0,0.0,0.0,0.0,18027.98206901642,14653.40776686163,13743.526815396599,28126.562987983998,0.0,0.0,28126.562987983998,9841.71606523148,9785.335741944444
2025-07-27,138110.19628333332,136568.32215416667,64425.00648333333,83117.06344295519,83117.06344295519,0.0,0.0,0.0,0.0,20257.960218810655,16188.793740361627,5362.707164506163,55023.937953371016,0.0,0.0,55023.937953371016,9785.335741944444,10029.951338472218
2025-07-28,138228.99843333333,136736.9895,60274.121199999994,86517.8493377484,86788.40376645673,270.5544287083321,270.55442870833195,0.0,2.2737367544323206e-13,20902.786247411477,17175.254197569957,5105.994483281882,56977.74698259988,319.1852673832859,1.2570353646879083e-12,57296.93224998316,10029.951338472218,9758.84318606481
2025-07-29,138314.74511666666,140473.02488749998,62245.49916666666,87079.31883749171,89549.74952703337,2470.4306895416667,2470.430689541662,0.0,0.0,19275.80849442794,14676.36374794496,8881.058830550399,57820.37880133389,2785.2210373188186,0.0,60605.59983865271,9758.84318606481,10800.0
2025-07-30,138424.36443333334,140401.16555416666,64321.11038333333,78806.15882747885,81145.94110085025,2339.7822733713983,2339.7822733714,0.0,1.1368683772161603e-13,18681.080120662507,15131.674897736624,3493.2818279243693,52611.11586678283,2651.528426580906,4.798721420229413e-13,55262.64429336373,10800.0,10800.0
2025-07-31,137423.31371666666,140125.11442083333,62728.31745,83171.1036133986,83606.48029160695,435.3766782083403,435.37667820833224,0.0,0.0,20212.63121109461,16411.888662903297,5110.741476748961,55466.55223712743,494.05064028011134,0.0,55960.60287740754,10800.0,10755.936242314816
2025-08-01,92719.4241,94147.26675833332,71468.06443333333,46748.589776391455,46748.589776391455,0.0,0.0,0.0,1.1368683772161603e-13,18187.84082191358,14726.459345374999,22035.848633186215,29645.816897506047,0.0,2.444835445203353e-13,29645.816897506047,10755.936242314816,10762.260376064818
2025-08-02,91562.24421666667,94735.85458333333,70635.21928333332,51056.79542008383,51056.79542008383,0.0,0.0,0.0,5.684341886080802e-14,14267.130086196363,11522.409708277395,27385.050108831536,31911.0532731774,0.0,1.6223111742874608e-13,31911.0532731774,10762.260376064818,10800.0
2025-08-03,138062.48614999998,139499.66904583332,75223.00616666666,73144.75975757845,73144.75975757845,0.0,0.0,0.0,1.1368683772161603e-13,18829.553491852108,16127.899449339506,7603.625731732518,49388.15552794217,0.0,5.325091478880495e-13,49388.15552794217,10800.0,9826.709865623005
2025-08-04,138312.10695,139807.4089625,72896.45186666667,76424.1881977176,76424.1881977176,0.0,0.0,0.0,0.0,20061.099857818925,15642.046175019037,6589.479431584367,50765.4954370153,0.0,0.0,50765.4954370153,9826.709865623005,10501.64843208333
2025-08-05,136458.49728333333,139664.9984,71306.18755,76539.69647532934,76539.69647532934,0.0,0.0,0.0,1.1368683772161603e-13,15786.80010648656,12854.537363045778,8455.12399855522,50677.52542650159,0.0,4.978915058018174e-13,50677.52542650159,10501.64843208333,10426.949235648146
2025-08-06,136716.08779999998,139707.59210833334,68601.68853333333,79087.99104726943,80029.5335639361,941.5425166666682,941.5425166666666,0.0,0.0,21164.664533178377,17066.807017124996,7817.276781216044,53366.083485915646,1077.60779120375,0.0,54443.6912771194,10426.949235648146,10512.02840759202
2025-08-07,136850.75446666667,139089.55819166667,73462.76921666667,82699.43852718265,82699.43852718265,0.0,0.0,0.0,0.0,16684.401042021324,13371.314226661763,15998.366461823078,54053.667291062535,0.0,0.0,54053.667291062535,10512.02840759202,10670.973538009255
2025-08-08,90703.21611666666,93378.35634583332,74928.04486666666,44177.92900705494,44177.92900705494,0.0,0.0,0.0,0.0,17495.65590758015,14108.088630514918,25015.19047998971,27661.080977020287,0.0,0.0,27661.080977020287,10670.973538009255,10741.40982092593
2025-08-09,90303.83174999998,93658.2069125,71381.90275,43723.680840286004,43723.680840286004,0.0,0.0,0.0,0.0,18118.822570880136,14770.979740625004,21453.90901003087,27736.345484181493,0.0,0.0,27736.345484181493,10741.40982092593,10636.150422912502
2025-08-10,136535.44471666665,138704.14692083333,71230.82566666667,76648.93783435893,76648.93783435893,0.0,0.0,0.0,0.0,16724.922496468396,13598.166982829584,8217.56327072013,51506.233002327055,0.0,0.0,51506.233002327055,10636.150422912502,10579.506244367856
2025-08-11,136422.26351666666,139011.58716249999,71861.01018333333,73567.53332138293,73567.53332138293,0.0,0.0,0.0,0.0,19699.674157286747,16112.024049083331,5418.629879846183,48873.500582642824,0.0,0.0,48873.500582642824,10579.506244367856,10406.964042500005
2025-08-12,136637.5967,138458.31597083333,68877.05305,79825.30159178805,79825.30159178805,0.0,0.0,0.0,1.1368683772161603e-13,17758.509627057592,14467.061255999997,8773.309570730467,52592.54474358495,0.0,5.325091478880495e-13,52592.54474358495,10406.964042500005,10315.110200185187
2025-08-13,136547.99718333333,138738.93781666667,70427.01773333334,72041.06363411265,72041.06363411265,0.0,0.0,0.0,0.0,19024.591098757715,15274.567819583335,2170.060904938267,47981.40481536751,0.0,0.0,47981.40481536751,10315.110200185187,10465.50016730787
2025-08-14,135936.05536666664,138186.36124583334,70009.76438333333,72182.94839963631,73574.63992463631,1391.691525000002,1391.6915250000006,0.0,20.15169166666658,20613.126746664097,16894.21045675,3949.58434305555,46868.11861318324,1606.4030919025008,140.57820106666605,48615.099906152405,10465.50016730787,10245.969287361117
2025-08-15,89968.05776666666,92368.88827499999,72808.33088333334,42951.91762848252,42951.91762848252,0.0,0.0,0.0,0.0,19046.266329721773,15197.744453811261,21943.668869238678,25628.887537405408,0.0,0.0,25628.887537405408,10245.969287361117,10501.226257653749
2025-08-16,90183.53034999999,92404.572075,73254.24998333334,42585.863281327154,42585.863281327154,0.0,0.0,0.0,5.684341886080802e-14,20401.993264557605,16561.067635596708,21815.657285699595,26313.557665329005,0.0,2.6625457394402475e-13,26313.557665329005,10501.226257653749,10461.83393398148
2025-08-17,135369.1165,137864.66647916666,72203.72288333334,75859.07420797274,75859.07420797274,0.0,0.0,0.0,2.2737367544323206e-13,16182.280750565837,13625.868495833332,10137.268336573568,49384.94104286307,0.0,1.167165919468971e-12,49384.94104286307,10461.83393398148,9886.032725231476
2025-08-18,135710.17471666663,137851.547175,71316.0591,72353.99757306128,72353.99757306128,0.0,0.0,0.0,38.88475833333359,19930.581405041143,15534.927174124994,3603.112483811808,48055.1229408995,0.0,262.65095555416843,48317.77389645367,9886.032725231476,10562.525796296293
2025-08-19,135364.48288333332,137731.42447916666,71046.82283333334,71774.36051942178,71774.36051942178,0.0,0.0,0.0,24.68584583333336,18283.44058928601,15004.49592073833,4202.441646707444,47023.645475852136,0.0,166.4628211875002,47190.10829703964,10562.525796296293,10345.960192499999
2025-08-20,135048.05366666667,137784.62076666666,64397.36259999999,80245.64448314038,80408.13542351537,162.49094037499162,162.49094037499947,0.0,4.418512499999906,19617.57390595774,16040.748255227856,6185.037218618827,51462.57281498001,194.33936794217436,29.853679706249366,51686.76586262843,10345.960192499999,10178.723090942123
2025-08-21,134971.7989,137278.08526666666,69127.38041666667,73830.41139407965,73830.41139407965,0.0,0.0,0.0,2.2737367544323206e-13,18949.98073725846,15496.263908027267,4532.276081515138,47233.925880112845,0.0,8.308234100695699e-13,47233.925880112845,10178.723090942123,10015.634745555559
2025-08-22,90531.7304,91436.38441666667,69301.161,40809.58487060235,40956.90992131068,147.3250507083285,147.325050708329,0.0,126.42185416666723,20533.58315123457,16750.95168800001,16070.130912242797,24176.8827363331,184.51898221195702,526.1329603125024,24887.53467885756,10015.634745555559,9883.691039444446
2025-08-23,89697.14623333333,91309.3240625,67167.14008333333,41047.85133162499,41422.248393083326,374.3970614583377,374.39706145833577,0.0,51.28381650000131,20007.619347890955,16196.20036541667,15132.107077109044,23502.084628144137,717.9256887124022,199.08377565300506,24419.094092509546,9883.691039444446,9894.77026875
2025-08-24,135068.0714,137019.3109125,71334.48191666666,69398.72723287037,69995.7942705787,597.0670377083297,597.0670377083329,0.0,1.1368683772161603e-13,20582.49743755144,16302.112453958332,1981.8198036522654,45483.555204343334,676.4345488766245,4.531557351583615e-13,46159.98975321996,9894.77026875,10305.55968037037
2025-08-25,134511.61375,137168.38590416664,63738.52673333333,90362.87374657509,90362.87374657509,0.0,0.0,0.0,1.1368683772161603e-13,18720.539630092586,15042.040208157407,15911.287307973253,57507.03228248099,0.0,5.325091478880495e-13,57507.03228248099,10305.55968037037,10440.667338389916
2025-08-26,134368.96393333335,136693.83049583333,68840.14555,72621.59180902875,72785.59321611207,164.00140708332765,164.00140708333214,0.0,11.806250000000091,21327.544088379564,17055.471566763368,2996.508561162547,47812.346871345944,169.71685612018626,79.58593125000017,48061.64965871613,10440.667338389916,10684.93305486111
2025-08-27,133788.3821,136684.1257708333,65874.23323333333,72348.23727735752,72348.23727735752,0.0,0.0,0.0,22.24711250000064,18719.496344138883,15665.222611791658,1402.0617908436259,47948.16485473585,0.0,149.958046481254,48098.1229012171,10684.93305486111,10126.676862595372
2025-08-28,134543.81656666665,136295.4806125,63776.021583333335,71172.7568644496,74286.25166853459,3113.494804084985,3113.49480408498,0.0,3.410605131648481e-13,17631.657974223264,14482.24998758168,369.04869855967024,45462.2222911108,6045.386526199974,1.5584191714879124e-12,51507.60881731077,10126.676862595372,9903.780164305557
2025-08-29,88328.33254999999,90980.60709583331,65773.1122,42467.18922837499,42467.18922837499,0.0,0.0,0.0,0.0,20340.099180401237,16282.37250491667,15854.242202890426,24938.314251622993,0.0,0.0,24938.314251622993,9903.780164305557,10118.344421203703
2025-08-30,89025.08758333331,90436.6881375,70512.36774999999,40347.86988172416,40508.80997649999,160.94009477583313,160.94009477583793,0.0,69.18451312499906,20313.394239814814,16928.053077041666,18679.933493518518,23632.23221004697,194.58893400427496,442.50090483916006,24269.3220488904,10118.344421203703,9591.451373657406
2025-08-31,133365.35983333332,136258.77969166666,66718.73675,68927.55801443466,71412.53134573584,2484.973331301182,2484.9733313011857,0.0,42.870800000000486,20159.085722726333,15664.574376990488,314.26771666666673,45173.51348614491,3491.6055264108845,289.6565602000024,48954.7755727558,9591.451373657406,10329.545883010569
2025-09-01,121263.61926666666,136239.0397333333,67689.48473333333,78773.25241488942,78773.25241488942,0.0,0.0,0.0,1.1368683772161603e-13,14187.511289918144,11068.47543954321,22080.08203118116,49731.901759904125,0.0,4.978346623829566e-13,49731.901759904125,10329.545883010569,10800.0
2025-09-02,121532.82414999999,135707.3852,67475.0683,63971.7172195089,63971.7172195089,0.0,0.0,0.0,1.1368683772161603e-13,16579.206510288066,13621.905348083335,6956.660207304174,42114.614211439475,0.0,7.686935532547068e-13,42114.614211439475,10800.0,10585.835472499999
2025-09-03,121433.71643333332,135525.13018749998,65885.99918333333,67285.68581870553,67285.68581870553,0.0,0.0,0.0,2.2737367544323206e-13,15286.50157983539,12626.207075999995,9077.674064870134,44112.50429733815,0.0,9.40303834795486e-13,44112.50429733815,10585.835472499999,10314.567921018517
2025-09-04,121061.17303333333,135575.606325,67135.60748333333,66609.47610659157,66609.47610659157,0.0,0.0,0.0,1.1368683772161603e-13,17565.562631224282,14093.200116916669,9211.548042283952,44182.356857003615,0.0,4.978915058018174e-13,44182.356857003615,10314.567921018517,10464.463048101854
2025-09-05,75132.98045,89882.83420833334,68308.71878333332,35778.06366128754,35778.06366128754,0.0,0.0,0.0,0.0,16854.554089351856,13968.535033208338,26067.78293847736,21962.140752650917,0.0,0.0,21962.140752650917,10464.463048101854,10112.967247175922
2025-09-06,75826.37416666666,89802.39897916665,68105.29046666666,36434.25355712088,36434.25355712088,0.0,0.0,0.0,0.0,16757.278031224276,13327.311468291662,25283.20329418827,22100.48173441293,0.0,0.0,22100.48173441293,10112.967247175922,10386.393621620367
2025-09-07,120781.00903333332,135084.4981125,65820.02541666667,63916.65145901147,64358.97802151147,442.3265625000058,442.32656250000196,0.0,1.1368683772161603e-13,17839.945023172924,14230.37168106173,5788.421062733614,42705.78215134823,481.1373480187522,4.889102456218097e-13,43186.91949936698,10386.393621620367,10630.82005240741
2025-09-08,121400.59243333332,131976.9178125,62005.022899999996,66901.39451439248,66901.39451439248,0.0,0.0,0.0,1.1368683772161603e-13,14888.287978276745,13056.563472791664,5674.100475574078,43781.72212066113,0.0,4.73733052785974e-13,43781.72212066113,10630.82005240741,9522.986485310184
2025-09-09,121082.23558333333,131975.96691666666,67979.40131666667,60689.295624233695,60689.295624233695,0.0,0.0,0.0,3.410605131648481e-13,18081.531899788584,14999.116597857923,4504.046055636358,40039.84404287427,0.0,1.4168790585245007e-12,40039.84404287427,9522.986485310184,9130.680086388884
2025-09-10,121274.78848333332,131704.53734583332,59958.78983333333,73291.7009532623,73291.7009532623,0.0,0.0,0.0,0.0,18107.810963968557,14298.907879314529,8166.799218608272,47066.596526728754,0.0,0.0,47066.596526728754,9130.680086388884,9540.034532500002
2025-09-11,120746.77835,131628.21096666667,67250.69256666666,70620.11189330184,70620.11189330184,0.0,0.0,0.0,1.1368683772161603e-13,18803.519188786013,15214.969255750004,13535.476176932512,46350.77267407615,0.0,4.978915058018174e-13,46350.77267407615,9540.034532500002,9557.680407129637
2025-09-12,75687.22711666666,85990.27529166665,64135.570916666664,35172.160734933124,35172.160734933124,0.0,0.0,0.0,0.0,15791.94274573045,13110.177137250004,20938.73892645268,20939.45735607449,0.0,0.0,20939.45735607449,9557.680407129637,9203.5653924537
2025-09-13,75063.58311666666,86183.03458333334,67056.48163333333,34878.548694869314,34878.548694869314,0.0,0.0,0.0,0.0,16998.29843710183,13476.428368969136,23349.577143403287,20957.572667311673,0.0,0.0,20957.572667311673,9203.5653924537,9528.224686990745
2025-09-14,121237.69566666667,131145.88919166668,61138.37091666666,74515.80714985024,74515.80714985024,0.0,0.0,0.0,0.0,13960.89916800412,11611.131930458338,12066.715162304463,49324.98204491682,0.0,0.0,49324.98204491682,9528.224686990745,9191.776237685192
2025-09-15,120760.02988333334,128221.50004166666,65692.99925,59686.21580961252,60031.630506862515,345.4146972499948,345.4146972499986,0.0,661.9858340000022,19453.06499542626,16640.37838071194,2813.899092814869,39431.71397125357,378.9313698199734,3472.255619233012,43282.900960306564,9191.776237685192,8210.225421666672
2025-09-16,121843.35746666667,128087.12663749998,62351.58748333332,72827.95216016244,72827.95216016244,0.0,0.0,0.0,1.1368683772161603e-13,17673.131652787306,14614.634218091052,10277.684742132868,46075.734307233826,0.0,4.889102456218097e-13,46075.734307233826,8210.225421666672,7877.561444629633
2025-09-17,120924.79499999998,127886.23517083333,60964.6766,68935.14759269546,68975.53270936213,40.38511666667182,40.385116666666704,0.0,7.62916666666672,18363.10147551441,14566.262162500003,5226.204163014391,44577.19471599834,44.46360324500004,34.70889375000024,44656.36721299334,7877.561444629633,8219.617036481479
2025-09-18,120804.11636666665,127830.89171249999,61848.06525,60804.15182152082,61965.16644696395,1161.014625443131,1161.0146254431356,0.0,2.2737367544323206e-13,18045.023837570203,15037.915824556861,2.0073172839522613,39806.25132130968,1417.6874124443123,1.2531700122053735e-12,41223.938733753996,8219.617036481479,7751.3431296759245
2025-09-19,75287.12646666667,82420.06762916666,59185.77414999999,33179.917838333335,33342.80382854167,162.885990208335,162.88599020833303,0.0,0.0,17110.834444650198,13365.08039083333,13495.697458058126,19732.525482452103,177.00400721662464,0.0,19909.529489668726,7751.3431296759245,8301.004806712961
2025-09-20,75330.72763333333,82403.047775,59685.2939,32987.6912915,32987.6912915,0.0,0.0,0.0,1.1368683772161603e-13,17544.21088389917,14221.02871683333,14019.075391100823,19624.872630619364,0.0,2.1105961423018016e-13,19624.872630619364,8301.004806712961,8289.651583518516
2025-09-21,120862.28298333334,127613.03398333333,62574.7955,66131.69151584725,66131.69151584725,0.0,0.0,0.0,2.2737367544323206e-13,16103.01049712012,13213.196374573557,4954.389909967358,43206.90658586917,0.0,4.2211922846036033e-13,43206.90658586917,8289.651583518516,8101.0317258448995
2025-09-22,121218.04173333332,124483.96383333331,60604.02184999999,69325.07806737034,69325.07806737034,0.0,0.0,0.0,19.555900000000065,18598.119060356483,16333.246034541662,6465.741058222196,44216.8909826569,0.0,131.78740035000044,44348.6783830069,8101.0317258448995,6691.287730675004
2025-09-23,121182.28133333333,124706.84528333334,59065.66575,70029.95197418414,70073.63832418414,43.686350000003586,43.68634999999995,0.0,6.375000000000114,19569.29375598867,15793.473718790126,4187.577703652267,44993.042067587456,50.09076890999994,42.99618750000046,45086.129023997455,6691.287730675004,6755.347979075785
2025-09-24,121014.19341666665,124355.42050416666,59950.968316666665,61093.20275118122,64308.05532788955,3214.852576708334,3214.85257670833,0.0,1.1368683772161603e-13,17422.08642354963,14177.256195660073,2.2737367544323206e-13,39317.59265200523,5870.157309075381,4.73733052785974e-13,45187.74996108061,6755.347979075785,6682.718876203699
2025-09-25,120546.34714999999,124288.97107916666,60210.89825,66705.76226837601,67681.09312254269,975.3308541666775,975.3308541666669,0.0,0.0,18421.116487460393,14901.044787499999,3825.572522582299,42744.93832056996,1052.2967176556253,0.0,43797.23503822559,6682.718876203699,6705.007284362501
2025-09-26,74194.35371666666,78608.91664583333,56500.11021666666,32599.686056918872,32653.287648460537,53.601591541664675,53.6015915416659,0.0,5.684341886080802e-14,16585.77640510078,13168.62052385372,11541.888267213479,18656.959077952164,55.46960700689295,2.689262146304827e-13,18712.428684959057,6705.007284362501,7000.405466893517
2025-09-27,75945.77175,78811.44312499999,58144.46949999999,32166.623656888423,32292.869056763426,126.24539987500248,126.24539987500044,0.0,210.6442291666665,16033.268131259261,14031.452845329168,12700.39575,18303.262007801786,145.61568488927554,833.0467118133326,19281.924404504392,7000.405466893517,5839.843623549996
2025-09-28,120389.61958333333,124061.58687916664,56901.99041666666,65296.34732398305,67991.00020135136,2694.6528773683094,2694.652877368315,0.0,0.0,19443.189729332844,15301.185498814813,361.3668041666665,41878.07176635086,4539.814728828239,0.0,46417.886495179104,5839.843623549996,6337.397159044208
2025-09-29,121111.4148,121160.57082916667,58351.523199999996,65415.06188458823,65906.43522524202,491.373340653794,491.37334065379974,0.0,868.205204541669,20633.052085617022,17186.897126666663,568.5938708333333,41701.937730482394,576.4278706060352,5523.355538235368,47801.721139323796,6337.397159044208,5810.591673136573
2025-09-30,120916.45506666665,121410.17463333333,55494.2803,64937.099262900476,68429.09156282693,3491.9922999264527,3491.9922999264436,0.0,630.0333019454737,18640.296726480723,15275.270324208324,271.9236958333338,41571.095753317,4760.450044116161,4194.099258958875,50525.64505639204,5810.591673136573,5614.336144515523
2025-10-01,117218.45471666666,121161.87333333332,67556.93318333334,61415.13172908816,62038.6110661715,623.4793370833358,623.4793370833384,0.0,2.2737367544323206e-13,20910.719611153494,14845.927851926434,6312.29777361111,38434.62110390862,735.1051437385563,1.1075371730839833e-12,39169.72624764717,5614.336144515523,7938.508403524289
2025-10-02,117231.70978333332,120789.603725,65500.92666666665,66018.28643975698,66018.28643975698,0.0,0.0,0.0,0.0,18581.05607658824,14017.375229166668,9723.822475668734,42000.89278787521,0.0,0.0,42000.89278787521,7938.508403524289,9086.597506712966
2025-10-03,71524.19113333334,75075.42193750001,63707.03743333333,27701.25127882103,28267.784973946025,566.5336951249956,566.5336951249963,0.0,62.5843624999996,17047.85549407103,14642.571486791672,18107.931629166666,15507.415494442099,672.9239241870077,256.5828924083319,16436.922311037437,9086.597506712966,8160.143577163926
2025-10-04,72397.41483333333,75541.61416666667,59301.43239999999,30733.07656144773,30733.07656144773,0.0,0.0,0.0,25.88840741666519,17046.967367287754,13674.53705675669,14290.552224999998,17055.50740975909,0.0,89.30206138378661,17144.80947114288,8160.143577163926,8308.484144659915
2025-10-05,117604.4209,120817.65181666666,62868.45983333333,64519.80294226735,64519.80294226735,0.0,0.0,0.0,1.1368683772161603e-13,17510.576341684853,14600.671325291994,6873.936859207824,40945.44202821402,0.0,5.208562470215839e-13,40945.44202821402,8308.484144659915,7845.034712962956
2025-10-06,117896.13613333332,121122.51971249998,60163.02688333333,55920.25577113991,60196.29968230658,4276.043911166664,4276.043911166667,0.0,0.0,16054.587682973248,13591.397250666665,0.0,35983.84007905,7017.7674314938,0.0,43001.6075105438,7845.034712962956,7192.611126898146
2025-10-07,117357.17863333333,121256.08236249999,59585.615633333335,60775.022715945765,62275.8777630718,1500.8550471260387,1500.8550471260285,0.0,0.0,19642.478230210556,15991.878321664484,853.7148545257311,38678.93034482703,1811.9425183280657,0.0,40490.8728631551,7192.611126898146,7102.087843349336
2025-10-08,117391.06235,120108.05790416666,60912.56668333333,61915.75542926851,62835.957505060185,920.2020757916762,920.202075791666,0.0,2.2737367544323206e-13,20806.54593266461,16150.52044679167,1701.4363525205783,38461.129581065245,1124.8906437521616,1.1075371730839833e-12,39586.0202248174,7102.087843349336,7882.956464090077
2025-10-09,117432.98973333332,119832.23791249999,61673.00805,66179.11135002857,66179.11135002857,0.0,0.0,0.0,0.0,19312.928103423637,15145.445908333331,6251.6474716049415,41658.20452723973,0.0,0.0,41658.20452723973,7882.956464090077,8436.318525689874
2025-10-10,72371.53011666666,74173.22460833333,63027.91919999999,30436.31680190174,30436.31680190174,0.0,0.0,0.0,2.6909722376541367,17590.037274176957,14818.371766704226,18323.73135,16355.39421990991,0.0,9.282508733787944,16364.676728643697,8436.318525689874,7802.494553888886
2025-10-11,71790.96475000001,74684.37433333334,57684.65116666666,31283.405255617334,31474.119606825665,190.7143512083312,190.71435120833087,0.0,0.0,17596.706609362132,14077.19421498503,13848.293629115225,16858.511104972167,206.04098360797218,0.0,17064.552088580138,7802.494553888886,7998.203596775891
2025-10-12,117709.38418333331,120023.50478333331,59194.428199999995,61508.37440081768,61730.15603352601,221.78163270832738,221.78163270833,0.0,94.92027083333335,20000.24592044474,17100.793309647754,410.6677102290282,38547.55282601883,439.79433034886875,662.1638093333332,39649.51096570103,7998.203596775891,6997.543470011993
2025-10-13,117677.75383333332,120246.4056375,60650.358533333325,62637.909581377455,65112.73614891912,2474.8265675416624,2474.8265675416674,0.0,0.0,20828.821522890314,15744.095566666665,3000.6148926954666,39133.428839227985,2897.525987645201,0.0,42030.95482687319,6997.543470011993,8250.043322094762
2025-10-14,118032.22918333333,120324.81812499999,57258.3999,68139.15153506138,69370.67117464676,1231.5196395853854,1231.5196395853936,0.0,1.1368683772161603e-13,20445.490692208503,16113.977523583335,4265.328722688268,43552.75365659341,1367.8867347790824,4.798721420229413e-13,44920.64039137249,8250.043322094762,8746.565474434261
2025-10-15,117342.48076666666,119137.12637083331,55422.45711666666,70284.08259725507,71256.84740500101,972.7648077459453,972.764807745942,0.0,2.2737367544323206e-13,21687.426185780918,16542.9005430526,4192.2981122726915,43595.05432338491,1070.3577771352627,1.0746248335635756e-12,44665.412100520174,8746.565474434261,9884.248438245313
2025-10-16,117733.27633333334,119003.79075833333,54766.80338333333,66096.20891902264,67390.80224818474,1294.593329162104,1294.5933291621059,0.0,1.1368683772161603e-13,20300.199771481453,17675.405911425343,1799.5354381286315,41679.06197699488,1448.0561528492244,5.378524292609654e-13,43127.11812984411,9884.248438245313,8515.088330994908
2025-10-17,71943.17253333333,73344.30035833333,55938.973216666665,30187.733354839816,30943.269949964808,755.5365951249914,755.5365951249948,0.0,77.07276666666542,18426.442173465686,15391.87810693709,11981.579333436213,15723.973332656018,995.8496248927179,470.09976221665903,17189.922719765393,8515.088330994908,7996.799501628376
2025-10-18,71656.70145,73866.21974166666,55580.10818333333,32198.2226358287,32654.11516891203,455.8925330833299,455.8925330833323,0.0,2.8421709430404007e-13,18223.5299127572,14099.557330882204,12453.54932037037,17105.550358731503,518.0445377647989,1.256637460755883e-12,17623.594896496303,7996.799501628376,8731.801611018518
2025-10-19,117991.24738333334,119141.4269125,54105.52485,67473.88014546863,67473.88014546863,0.0,0.0,0.0,1.1368683772161603e-13,20973.569351551963,17422.982618583334,37.5708791666666,42789.048535999544,0.0,4.531557351583615e-13,42789.048535999544,8731.801611018518,8249.14445121158
2025-10-20,117903.31864999999,119475.836625,53462.53628333333,70827.2965996356,70827.2965996356,0.0,0.0,0.0,2.2737367544323206e-13,18661.16880800578,14716.821976477162,2442.167401440324,45594.64635854133,0.0,4.2211922846036033e-13,45594.64635854133,8249.14445121158,8692.171960108819
2025-10-21,117800.84898333333,119372.03605416667,51338.26763333334,69352.99601397372,70591.00981334873,1238.0137993750104,1238.0137993750031,0.0,1.1368683772161603e-13,21923.10058480707,17806.981488125,12.309366666666847,43064.3615037083,1484.3660827648378,5.537685865419916e-13,44548.727586473135,8692.171960108819,8637.427499629632
2025-10-22,117671.98653333331,118241.5478125,52117.08983333333,68641.80847290039,69731.67580779371,1089.8673348933225,1089.8673348933316,0.0,294.07947087499804,21036.84417983539,16628.2021595,62.21655833333352,43349.51486745963,1975.696423650145,1870.4976011236288,47195.7088922334,8637.427499629632,9094.807084259259
2025-10-23,117212.01551666667,118236.08075,53832.518483333326,77456.55059107712,78208.11030075973,751.5597096826095,751.5597096826168,0.0,12.85609660853811,17857.267670944057,14361.192211756357,11345.393904847228,48662.59739631963,1287.770081459817,89.68412994116186,50040.051607720605,9094.807084259259,9209.467752824072
2025-10-24,72135.51853333332,72508.31187499998,53715.46781666666,31843.230876625003,32145.79078079167,302.5599041666683,302.5599041666688,0.0,734.811399999998,19418.507725565833,15927.778385874999,10969.822124434164,16363.204910716424,554.8646082512539,4501.516705735405,21419.586224703082,9209.467752824072,8988.593165972223
2025-10-25,72042.787,72947.71319583332,52644.35426666666,33290.550127200615,33290.550127200615,0.0,0.0,0.0,320.4857211666642,18286.77355468107,15210.16915225,11135.998712602877,17332.475494483235,0.0,1740.3429122807763,19072.81840676401,8988.593165972223,8546.50141824074
2025-10-26,117422.34435,118423.66801249998,52878.03233333333,71669.6952683903,71855.41882896013,185.723560569837,185.72356056984313,0.0,210.5569522083298,18310.755815027147,14966.34210787038,4177.250057345021,45187.45883016365,354.001540217167,1206.0990666908715,46747.559437071686,8546.50141824074,8396.912643020307
2025-10-27,117790.56431666666,118647.15585416666,54237.98265,65393.48069937043,67099.6659200371,1706.1852206666736,1706.1852206666726,0.0,158.75507595833335,20227.55128820789,16638.312165874995,116.60020699588017,41195.05482148977,3421.76250330435,908.4355587715831,45525.25288356571,8396.912643020307,8114.695284768517
2025-10-28,117514.14480000001,118526.67796666667,51541.723099999996,64654.51513602915,69251.63739547499,4597.122259445838,4597.122259445832,0.0,120.07458183333335,16808.968287565905,13544.070195082684,134.39218482510466,40882.16064405952,9266.339285879769,631.3427536175836,50779.84268355687,8114.695284768517,8193.799860152632
2025-10-29,117721.61451666665,117405.99609166666,48409.357716666666,72679.30736048987,74491.59263589316,1812.2852754032938,1812.2852754032895,0.0,633.5212139999996,22092.067918914763,18125.390347416665,1846.1794783950672,45427.1867246498,2091.608151685988,3992.0069306729974,51510.801807008786,8193.799860152632,7937.338378935184
2025-10-30,116916.07056666666,117402.49784166666,52128.252916666665,65872.5149670116,67706.02903888658,1833.51407187499,1833.5140718749922,0.0,437.5457302916675,19141.01343317775,15789.821313999495,4.565000000000168,41377.64950500266,3672.1544254653404,2600.6432207849434,47650.44715125294,7937.338378935184,7620.004564351286
2025-10-31,71748.98903333332,71993.60307916666,47844.69696666666,33187.9480407972,33488.71313071386,300.76508991666196,300.76508991666515,0.0,0.0,17799.67901224216,14495.01621799949,6279.758269804527,17825.452516949965,325.6661419640733,0.0,18151.118658914038,7620.004564351286,7534.142099814243
2025-11-01,71974.20948333332,71971.96700833333,49430.17105,33115.30998571172,33588.47503200339,473.1650462916732,473.16504629166985,0.0,0.0,17119.36365184804,13830.634095976338,7755.707042798356,17570.757278957364,513.6537953530287,0.0,18084.411074310392,7534.142099814243,7574.198168725997
2025-11-02,117843.23631666665,117681.84920416666,49046.85238333333,72142.94247178182,73939.15768961512,1796.2152178333054,1796.2152178333176,0.0,581.6269516249988,22429.29675487829,16943.739176138155,238.84312916666647,44989.48715695172,3378.098890582193,3826.544345108389,52194.130392642306,7574.198168725997,8934.188385740737
2025-11-03,117808.91503333332,117816.94323333332,48303.98475,76116.94587380331,76116.94587380331,0.0,0.0,0.0,0.0,19576.654984353074,16198.556899284315,3233.9175054012294,47764.42108574207,0.0,0.0,47764.42108574207,8934.188385740737,8554.781316898148
2025-11-04,117396.61073333332,117676.1004,49816.5387,71941.13919887674,71962.18664887674,21.047449999998207,21.0474499999998,0.0,198.348347458332,19409.836492658633,16658.288771375002,1828.9152417181092,46261.508757479096,15.864515437499847,936.5727001050499,47213.94597302164,8554.781316898148,7514.424414318701
2025-11-05,117764.40761666666,117531.78604166667,48086.38755,81446.49209694371,81446.49209694371,0.0,0.0,0.0,1.1368683772161603e-13,21353.282684759062,16846.764936375006,7261.954281892998,51182.518400413755,0.0,4.599769454216585e-13,51182.518400413755,7514.424414318701,8013.751123518518
2025-11-06,117713.09413333333,117323.58803749998,46343.50958333333,74284.16819770513,75899.14565088181,1614.9774531766743,1614.9774531766666,0.0,236.03064887499795,21910.675884121814,17349.21599686501,204.13186249999978,46362.50533880542,2512.460744674542,1228.4306689975476,50103.396752477514,8013.751123518518,8456.452756044813
2025-11-07,72212.37866666666,72049.80255416667,48893.91688333333,34625.73351597994,35250.32512822993,624.5916122499912,624.5916122499924,0.0,0.0,18774.8419049897,14792.499319565326,7949.520759472226,18267.533976971878,683.2131541089661,0.0,18950.747131080843,8456.452756044813,8917.700115462965
2025-11-08,72034.86681666666,71866.16567083332,48243.65971666666,34187.69584075772,34187.69584075772,0.0,0.0,0.0,0.0,18332.691529218107,15118.235633625,7182.032845164607,17982.41250287003,0.0,0.0,17982.41250287003,8917.700115462965,8619.082898842596
2025-11-09,117877.67016666666,117741.55305833332,46530.85298333333,74391.51678031069,75589.05264594444,1197.5358656337485,1197.535865633748,0.0,202.33284166666328,21906.18328287037,17598.243973500004,136.62899490740676,47180.22729155376,1587.7895707546563,1377.00738634581,50145.02424865423,8619.082898842596,8781.04343842593
2025-11-10,118420.10276666665,117795.13795833332,44561.65966666666,78905.38968677777,79806.6659379861,901.2762512083282,901.2762512083323,0.0,337.030775000001,23362.731066563785,18581.257218958333,1503.7797653806533,49299.41004053677,1161.2474674937516,2268.6591638533396,52729.31667188387,8781.04343842593,9161.660043935184
2025-11-11,117957.86744999999,117685.958425,46398.84778333333,81854.80915054731,81854.80915054731,0.0,0.0,0.0,2.2737367544323206e-13,19068.925191203685,15785.383231499998,7012.247524176965,52958.65135775954,0.0,9.1876017904724e-13,52958.65135775954,9161.660043935184,8784.37801435185
2025-11-12,117416.71383333333,117625.12235833332,46460.726083333335,77056.17436630608,77912.75079193107,856.5764256249968,856.5764256250012,0.0,11.773333333333426,22408.99785082305,17964.223822291664,2523.762346733026,47984.24491619649,1652.4797950341779,51.56131333333374,49688.286024564,8784.37801435185,8992.227388657411
2025-11-13,117780.10726666667,117393.6141375,45384.23595,74664.33397831231,75776.45105947898,1112.117081166667,1112.1170811666634,0.0,1.1368683772161603e-13,18700.53984567393,15433.762316162554,113.80221330092854,47756.25609106381,2200.8808402774594,4.888534022029489e-13,49957.13693134127,8992.227388657411,8674.088454027775
2025-11-14,71737.89309999999,72010.01469166666,44139.4378,35206.40617847945,35292.33778512759,85.93160664814059,85.93160664813874,0.0,5.334406208331018,19798.287660847243,15551.465030416673,3452.394260905347,18673.194278314608,88.92632313982637,26.32796184121774,18788.44856329565,8674.088454027775,9213.141759438444
2025-11-15,72466.97681666666,71927.1411875,44255.0899,37132.10565102032,37132.10565102032,0.0,0.0,0.0,0.0,18750.568618901467,15215.739429638123,5385.389545090301,19520.735514935837,0.0,0.0,19520.735514935837,9213.141759438444,9182.276372407405
2025-11-16,118360.27023333333,117783.62455416666,43925.725849999995,77648.90981482639,78695.40224085262,1046.4924260262342,1046.492426026232,0.0,18.127872124999385,21352.707539064173,17384.8289644096,311.1071549897099,49063.30230616993,1933.2988817810924,110.81568230012044,51107.41687025114,9182.276372407405,9083.236530443382
2025-11-17,117269.71065,117980.72519166666,44573.95631666666,72484.56613790448,76892.41026694614,4407.844129041667,4407.84412904167,0.0,1.1368683772161603e-13,19610.332499404467,15452.874694958326,39.19812916666717,45821.216169280815,7761.50942187239,4.3451109377201647e-13,53582.725591153205,9083.236530443382,9562.675007731485
2025-11-18,117783.6865,117667.36799166666,42893.134666666665,77685.80819396197,79466.04576098706,1780.2375670250913,1780.2375670251072,0.0,3.410605131648481e-13,23032.34038104531,18526.36699922489,69.5205458333337,48592.742480388246,3222.193481982301,1.569560481584631e-12,51814.935962370546,9562.675007731485,9706.929129311266
2025-11-19,118179.70134999999,117643.680625,42811.389749999995,77715.8450419211,79458.18773078735,1742.3426888662507,1742.3426888662539,0.0,147.59144266923772,22363.039174541485,18437.526487041665,311.9548859567815,49165.90863261089,2408.719730792443,680.4950039718236,52255.123367375156,9706.929129311266,9347.523845241192
2025-11-20,117846.45723333332,117405.32187083333,43053.381199999996,76727.11391139662,79423.3267366142,2696.2128252175753,2696.2128252175867,0.0,141.250174500002,22118.915516655885,17859.222418041667,511.8077791666675,47859.009753277,5365.350694727857,754.7554143515973,53979.115862356455,9347.523845241192,9410.96734574074
2025-11-21,71999.1771,71958.69483333333,43134.793033333335,36240.04919472788,36585.310192602876,345.260997874997,345.26099787500357,0.0,1.1368683772161603e-13,19999.717680092584,15597.395154958329,3318.603600801959,19312.754477053415,359.76117686660405,4.446860657481011e-13,19672.515653920018,9410.96734574074,10080.27419675926
2025-11-22,72549.91013333332,72129.71002916666,42330.08065,38286.15415702737,38413.57577798571,127.42162095833919,127.42162095833379,0.0,0.0,19986.13571141217,16262.220030288601,4469.830613528803,19994.36791952435,229.19262980048833,0.0,20223.560549324837,10080.27419675926,9998.662970042882
2025-11-23,117782.69219999999,117875.88026666665,42550.595916666665,79366.59121398043,80477.87932343877,1111.2881094583427,1111.2881094583315,0.0,1.1368683772161603e-13,22676.073601747095,18318.34347770375,888.0529160620849,50512.74926948437,1449.2379170327222,4.599769454216585e-13,51961.987186517086,9998.662970042882,10053.414236388891
2025-11-24,117975.68781666666,117822.32319166666,43813.74411666666,78235.3919867416,78235.3919867416,0.0,0.0,0.0,100.87142795510692,22713.031074228395,18783.431882166675,244.72052263498358,49600.19149392607,0.0,503.9491544712557,50104.140648397326,10053.414236388891,9624.66233412037
2025-11-25,117682.39221666666,117663.07737083331,41513.73175,89744.85582358914,89744.85582358914,0.0,0.0,0.0,1.1368683772161603e-13,21012.75289094982,16692.380956961024,9255.823422933687,57794.0806631763,0.0,4.888534022029489e-13,57794.0806631763,9624.66233412037,9989.049983796294
2025-11-26,117686.43673333332,117770.60932916666,40928.76985,84658.06626884657,85041.62840468239,383.5621358358185,383.5621358358294,0.0,32.993166666666866,23648.220080107756,18908.21910255395,3576.9537104619203,53870.79376101418,451.97868405174154,154.53999266666756,54477.31243773259,9989.049983796294,10263.315719722223
2025-11-27,117198.14164999999,117563.93229999999,41417.248916666664,81823.88968176246,81934.83549842914,110.94581666667364,110.94581666666647,0.0,1.1368683772161603e-13,22998.16857271769,18673.640537681167,1829.414730059283,52268.16290520308,120.95270604499979,4.70151917397743e-13,52389.115611248075,10263.315719722223,10213.177948855737
2025-11-28,72239.02128333334,71924.609475,41317.78273333333,37267.199083529835,37267.199083529835,0.0,0.0,0.0,1.1368683772161603e-13,19845.139836882718,16037.14610849692,2537.966805144037,19865.575591614164,0.0,4.842490852752235e-13,19865.575591614164,10213.177948855737,10254.75257038694
2025-11-29,72156.19988333333,72256.49081250001,37226.74978333333,47180.671181915226,47180.671181915226,0.0,0.0,0.0,0.0,18210.5225360927,14709.679049999999,8750.37759582253,24609.687730465557,0.0,0.0,24609.687730465557,10254.75257038694,10300.13501953704
2025-11-30,118008.83443333332,117965.96722916666,37764.00631666666,85756.0970515619,85756.0970515619,0.0,0.0,0.0,0.0,23708.481959070923,19437.459149922164,1240.246125746485,54680.23224942913,0.0,0.0,54680.23224942913,10300.13501953704,10040.591949454016
2025-12-01,125291.39163333333,117868.60406666665,38992.4639,89189.59384647998,89189.59384647998,0.0,0.0,0.0,3119.141816493545,23955.34074631607,19632.558590189168,1687.0257735133143,57507.62947666443,0.0,15361.421017836543,72869.05049450097,10040.591949454016,9786.4446320394
2025-12-02,125400.62359999999,117705.13922499999,36762.81365,92966.34039973209,93175.93689940698,209.5964996748953,209.59649967490208,0.0,1605.4649852500006,24554.666156608,19833.53258743794,1422.4583654869205,60130.25152286596,366.1312910564785,8301.683119775178,68798.06593369762,9786.4446320394,9848.3857425
2025-12-03,124622.93113333332,117761.81488333333,37460.18256666666,82914.54639313798,88994.58660446384,6080.040211325861,6080.040211325851,0.0,1742.5905616666662,18744.689443292984,15184.190843829154,13.92999999999995,53252.785958082284,12104.71709243714,8526.017785528331,73883.52083604776,9848.3857425,9847.28308165352
2025-12-04,125336.25094999999,117634.45007083332,38565.042199999996,90462.73788269077,90792.8726231491,330.1347404583357,330.1347404583328,0.0,2664.5528445833324,23495.799066149175,19085.622834944006,2276.0404865272667,58858.73349045602,443.2799831257993,13051.922315318536,72353.93578890036,9847.28308165352,9787.254646805553
2025-12-05,78868.07108333333,72047.1175375,37556.443400000004,42079.087924044354,44683.86967014376,2604.7817460994047,2604.781746099403,0.0,0.0,18262.454881019803,14890.212894209375,2.2737367544323206e-13,22577.735898527033,4798.7234307697845,0.0,27376.459329296817,9787.254646805553,9678.78304615741
2025-12-06,79470.82115,72301.9884125,35806.19033333333,45084.392449350635,47135.47752322856,2051.0850738779263,2051.0850738779254,0.0,83.53152433333463,18300.79784177314,14746.419610877907,1.1368683772161603e-13,24293.710618653604,3784.9659422550244,388.77766844608925,28467.454229354717,9678.78304615741,9764.590424999999
2025-12-07,125067.46291666667,118007.36675833332,37414.78166666666,93116.66950472127,93117.54048805461,0.8709833333414281,0.8709833333332426,0.0,103.51561866666498,24832.563021244856,20136.509856858967,872.3216923353882,61214.00401356713,1.0888162649998867,591.0211547403214,61806.113984572454,9764.590424999999,9739.997303165961
2025-12-08,124410.35393333333,119739.22321666667,36563.14281666666,94202.8748709998,95133.74968758159,930.8748165817815,930.8748165817817,0.0,12.039333333333843,23356.376141406115,18602.064912054986,2544.2666748971105,62028.774627167484,1834.1483408473293,69.93046766666873,63932.85343568148,9739.997303165961,10091.774817037038
2025-12-09,124694.68108333333,119706.14244166666,37306.22681666666,93052.65623382741,93303.6227380774,250.96650424999825,250.96650424999643,0.0,202.602498604424,24341.019082568564,19843.04153910804,1619.79342655464,61399.84028397559,483.3716154778806,1164.6147042815905,63047.82660373506,10091.774817037038,9950.868059006481
2025-12-10,124378.76451666666,119476.44576249999,35991.146049999996,89222.24046165973,92447.10598452014,3224.865522860404,3224.865522860406,0.0,70.30601770679414,21342.330665274836,17332.301879714563,119.76475000000005,58630.41726752658,6265.793510806492,288.8352218719759,65185.046000205046,9950.868059006481,9900.852458070989
2025-12-11,123787.79896666665,119540.239275,37826.544266666664,92662.5786006615,92662.5786006615,0.0,0.0,0.0,4.395054166666796,23915.007031567467,19194.104855451846,1984.8167787125417,61195.42223982095,0.0,20.586433716667273,61216.00867353762,9900.852458070989,10097.575613757434
2025-12-12,78661.70368333333,73711.04064166667,34947.2902,45022.31154267186,46805.47117813085,1783.1596354589929,1783.1596354589913,0.0,2.2737367544323206e-13,17279.140741816616,14221.454780352433,33.37173333333351,24425.40638465581,3307.9857352644335,9.23193965718383e-13,27733.39211992024,10097.575613757434,9847.185858778577
2025-12-13,78840.15755,74160.97699583333,35041.62416666666,46837.19295052138,47497.615686873236,660.4227363518585,660.4227363518588,0.0,1.1368683772161603e-13,18682.34743829283,15061.941510350522,78.67637559760442,25584.388570799005,1218.873220798863,5.129550117999315e-13,26803.261791597866,9847.185858778577,9925.807986185982
2025-12-14,124522.58585,119804.81494583332,35743.86405,88459.28619303979,92705.7469913361,4246.460798296306,4246.460798296298,0.0,2.2737367544323206e-13,20699.538863721988,16772.513672385896,4.547473508864641e-13,57915.25930567962,8347.178183023454,7.843254934414289e-13,66262.43748870307,9925.807986185982,9919.266660884776
2025-12-15,124305.22548333333,121236.78600833334,34835.66751666667,89711.83493755967,93615.3843745609,3903.549437001231,3903.54943700125,0.0,4.547473508864641e-13,20813.86432903801,16712.80712947709,44.769208333333836,58690.45046038028,7625.237548113251,1.6877947928151116e-12,66315.68800849353,9919.266660884776,10081.958857600002
2025-12-16,124646.94338333333,121390.34584999998,35228.85205,94813.24849523108,94813.24849523108,0.0,0.0,0.0,3.410605131648481e-13,23586.695149297746,19043.03187493785,851.4938875378565,62851.479789482226,0.0,9.109726306633092e-13,62851.479789482226,10081.958857600002,10151.060186481482
2025-12-17,124466.55465,121216.95843333332,36274.70758333333,98619.7918141108,98619.7918141108,0.0,0.0,0.0,0.0,21693.647465184975,17564.71746071066,6299.014742969818,64901.60285327387,0.0,0.0,64901.60285327387,10151.060186481482,10158.990171024998
2025-12-18,124315.35926666667,121042.16219999999,36949.0923,90258.13971414298,91755.9464134053,1497.8066992623208,1497.8066992623317,0.0,0.0,23556.316982435128,19205.91265236316,39.27511666666669,59509.92287344954,2981.5552777322,0.0,62491.47815118174,10158.990171024998,10019.772508146436
2025-12-19,78593.32543333333,75441.9932875,35684.93413333333,44340.34596527829,46251.4366240162,1911.0906587379068,1911.0906587379109,0.0,1.1368683772161603e-13,18358.549209068406,15021.102218385537,5.598333333333358,24217.76000520645,3535.6213608076814,4.997104952053633e-13,27753.38136601413,10019.772508146436,9852.35322032407
2025-12-20,78668.52011666665,75754.27217916667,35812.16786666666,47251.085634405244,47251.085634405244,0.0,0.0,0.0,0.0,20707.926683351743,16427.74560084979,114.55230190329542,25725.51721159363,0.0,0.0,25725.51721159363,9852.35322032407,10236.436567729768
2025-12-21,124376.44096666665,121345.39385,35338.659100000004,93129.12472582862,93728.07762789755,598.952902068937,598.9529020689498,0.0,1.1368683772161603e-13,23740.066948136948,19245.382286906046,195.61109999999962,61323.82163026267,1167.5491142074086,4.888534022029489e-13,62491.37074447008,10236.436567729768,10218.738724490744
2025-12-22,124718.45381666666,122995.66471666665,35781.02673333333,92921.11392959821,93824.47853640467,903.3646068064554,903.3646068064463,0.0,129.07350117386875,23933.592554704603,19540.0222638524,622.5546633929932,61148.928807909324,1783.5290642562554,602.9850818481049,63535.442954013684,10218.738724490744,10047.836175
2025-12-23,123956.65456666666,123106.16007083331,36698.562033333335,95509.32627370162,95509.32627370162,0.0,0.0,0.0,2.2737367544323206e-13,23881.095028538442,19013.872275275597,3384.010987105441,63003.581532663855,0.0,9.79753167484887e-13,63003.581532663855,10047.836175,10414.296950378372
2025-12-24,123954.37128333331,122788.67175833332,36099.81196666666,93801.35297535418,93801.35297535418,0.0,0.0,0.0,1.1368683772161603e-13,23943.194336026892,19653.272168687443,1656.8714913480626,61906.18700928423,0.0,7.322000783460681e-13,61906.18700928423,10414.296950378372,10126.202776483196
2025-12-25,123789.8579,122659.38770833332,35977.40936666667,90623.38058266687,92979.53936731232,2356.1587846454495,2356.1587846454486,0.0,2.2737367544323206e-13,22762.86891285137,18519.45490479902,923.6768259266375,59236.95690958483,4695.135302811957,5.692299964721315e-13,63932.09221239678,10126.202776483196,10035.612681606079
2025-12-26,78270.30764999999,77090.53037083332,35262.685216666665,46282.553741873475,47106.208512774196,823.6547709007209,823.6547709007202,0.0,1.1368683772161603e-13,19910.24967527898,15830.890454171447,19.226858333333553,25152.684045942136,1373.7836755396613,5.208562470215839e-13,26526.467721481797,10035.612681606079,10364.959106944441
2025-12-27,78409.18393333333,77283.92467499999,35070.374866666665,48208.469862111895,48208.469862111895,0.0,0.0,0.0,0.0,19359.612164250444,15693.713775876186,1203.7624070709696,25968.91342849318,0.0,0.0,25968.91342849318,10364.959106944441,10351.150303796298
2025-12-28,123511.26975,122993.83104166665,36702.015,93626.94495713127,93626.94495713127,0.0,0.0,0.0,0.0,22556.989203146157,18123.652510048392,2384.3535140335057,61622.615771950135,0.0,0.0,61622.615771950135,10351.150303796298,10515.048908796292
2025-12-29,123677.30638333333,124681.35621666667,36153.54011666667,94108.33313969919,94108.33313969919,0.0,0.0,0.0,0.0,22670.42418340175,18633.795945305414,2547.938634936182,61390.12600936745,0.0,0.0,61390.12600936745,10515.048908796292,10214.212956851852
2025-12-30,123526.50905,124674.72565833332,37302.10644999999,95487.78728432264,95530.29465515597,42.50737083333661,42.507370833333084,0.0,9.094947017729282e-13,22289.146980382855,17852.759269568443,4869.504344341565,62719.98791691678,71.1501479737496,4.1817429519142026e-12,62791.13806489054,10214.212956851852,10438.04605078704
2025-12-31,123791.70508333332,124355.65539583332,35145.28215,96884.3445151287,96884.3445151287,0.0,0.0,0.0,0.0,22486.802458127575,18602.659599875005,4353.778723542802,63821.6302053273,0.0,0.0,63821.6302053273,10438.04605078704,10006.546485462964
