日期,紧急购电时间段,紧急购电量_kWh
2025-02-01,6:00-6:50,273.54323333333326
2025-02-01,7:00-8:50,1457.5710833333333
2025-02-01,9:00-9:10,45.824116666666555
2025-02-01,10:30-10:40,153.2003833333306
2025-02-01,10:50-12:00,485.5710333333334
2025-02-02,6:00-6:10,33.916183333333265
2025-02-02,6:20-6:30,40.16833333333341
2025-02-02,7:10-8:50,1138.6884143333314
2025-02-02,9:00-10:50,1169.9094333333326
2025-02-02,11:00-11:10,1.9614333333331615
2025-02-03,6:00-6:10,40.23575000000005
2025-02-03,7:20-7:30,135.9394166666666
2025-02-03,7:40-9:50,1365.7403000000013
2025-02-03,10:00-10:40,449.22991666666644
2025-02-03,13:50-14:00,8.312083333333248
2025-02-04,6:00-6:20,78.61421666666672
2025-02-04,6:40-6:50,35.42700000000002
2025-02-04,7:00-7:50,809.6895666666665
2025-02-04,8:00-8:50,430.05701666666437
2025-02-04,9:00-9:50,601.0485499999992
2025-02-04,10:00-10:30,69.8565166666665
2025-02-04,13:50-14:00,13.9387499999998
2025-02-04,15:50-16:00,13.331300000000056
2025-02-05,6:00-7:50,1018.6937999999999
2025-02-05,8:00-9:50,1201.0616666666665
2025-02-05,10:00-10:30,208.59680000000003
2025-02-05,11:30-11:50,19.04661666666675
2025-02-05,12:10-12:20,9.816183333333356
2025-02-05,13:50-14:00,13.369966666666642
2025-02-06,6:00-6:10,64.06281666666666
2025-02-06,7:00-8:50,1488.0671231666618
2025-02-06,9:00-9:50,422.2883833333333
2025-02-06,10:00-10:30,206.93373333333307
2025-02-06,13:50-14:00,13.127299999999877
2025-02-06,15:50-16:00,14.721383333333506
2025-02-07,7:00-7:50,665.3994333333333
2025-02-07,8:00-8:50,477.04803333333325
2025-02-07,9:00-9:50,513.0013666666664
2025-02-07,10:00-10:20,85.9237833333334
2025-02-07,11:00-11:20,78.72158333333323
2025-02-08,6:00-6:30,197.70555000000104
2025-02-08,6:40-8:40,1192.3220333333331
2025-02-08,9:10-10:50,982.5298999999987
2025-02-08,12:20-12:50,76.47118333333356
2025-02-08,13:50-14:00,2.706800000000044
2025-02-08,14:40-14:50,0.8683833333332132
2025-02-08,15:50-16:00,12.726516666666612
2025-02-08,16:50-17:00,3.4224166666666633
2025-02-09,6:00-6:50,341.061151833335
2025-02-09,7:00-7:50,552.5251999999998
2025-02-09,8:00-8:50,634.9936333333332
2025-02-09,9:00-9:40,348.5400833333331
2025-02-09,10:00-10:10,8.119883333333291
2025-02-09,11:00-11:10,1.9124833333335118
2025-02-10,6:00-6:50,192.8842019999994
2025-02-10,7:00-7:30,617.8741833333332
2025-02-10,7:40-9:10,1098.2145999999993
2025-02-10,9:20-10:40,456.6539166666662
2025-02-10,12:50-13:00,9.2980666666665
2025-02-10,13:50-14:00,6.596466666666856
2025-02-11,6:00-10:40,3021.5913199588476
2025-02-11,11:10-12:00,135.9342681069984
2025-02-11,15:50-16:00,5.3884166666666715
2025-02-12,6:00-6:50,391.32793333333325
2025-02-12,7:00-7:10,210.37791666666658
2025-02-12,7:50-9:50,1598.0471231666743
2025-02-12,10:00-10:40,406.6434833333333
2025-02-12,15:50-16:00,11.848483333333206
2025-02-12,16:50-17:00,4.2903499999999894
2025-02-13,6:00-6:40,169.21648333333337
2025-02-13,7:10-7:30,142.29600716666891
2025-02-13,8:00-10:00,2009.8897000000015
2025-02-13,10:10-10:50,390.05486687243024
2025-02-14,6:10-6:40,215.74476666666658
2025-02-14,7:00-7:50,876.2028166666666
2025-02-14,8:00-8:30,213.09401666666668
2025-02-14,10:00-11:50,485.16291666666916
2025-02-14,12:00-12:10,9.604550000000017
2025-02-15,6:00-8:20,1510.0802000000003
2025-02-15,11:00-13:00,624.6559166666664
2025-02-15,13:50-14:00,34.69920000000002
2025-02-15,14:50-15:00,19.654933333333247
2025-02-15,15:50-16:00,0.18804999999997563
2025-02-16,6:00-6:10,37.27146666666658
2025-02-16,6:20-6:30,43.110000000000014
2025-02-16,7:20-7:30,116.08457866667004
2025-02-16,7:40-10:40,2134.5073833333313
2025-02-16,11:20-11:40,77.44191666662778
2025-02-16,13:40-14:00,65.43893333333381
2025-02-16,14:40-14:50,5.6115833333333285
2025-02-16,15:50-16:00,32.26021666666679
2025-02-16,16:50-17:00,7.998916666666901
2025-02-17,6:00-6:10,23.75683333333336
2025-02-17,6:20-6:30,11.561666666666724
2025-02-17,8:00-8:50,661.6164075
2025-02-17,9:00-9:40,445.5286500000001
2025-02-17,10:00-10:40,195.80750000000035
2025-02-17,13:50-14:00,23.1558500000001
2025-02-17,15:50-16:00,18.513450000000034
2025-02-17,16:50-17:00,5.397733333333235
2025-02-18,6:00-6:50,528.2025833333332
2025-02-18,7:00-7:50,634.4819666666666
2025-02-18,8:00-8:50,557.0183666666667
2025-02-18,9:00-9:40,406.6858833333333
2025-02-18,11:00-12:00,374.38300000000027
2025-02-18,12:50-13:00,14.336149999999861
2025-02-18,13:50-14:00,8.658549999999877
2025-02-18,14:50-15:00,17.62041666666687
2025-02-18,15:50-16:00,32.239050000000134
2025-02-18,16:50-17:00,0.9451000000001386
2025-02-19,6:00-6:50,323.3717076666662
2025-02-19,7:00-12:00,3682.3538166666685
2025-02-19,16:50-17:00,6.404249999999934
2025-02-20,6:00-6:20,86.41250000000002
2025-02-20,7:20-10:50,2227.0396666666647
2025-02-20,15:50-16:00,6.098566666666557
2025-02-20,16:50-17:00,1.7651333333333241
2025-02-21,6:00-6:50,540.8898833333333
2025-02-21,7:00-7:50,650.0896333333335
2025-02-21,8:00-8:30,140.2084442386835
2025-02-21,10:30-10:50,17.149783333328287
2025-02-21,11:00-11:10,0.9413999999999305
2025-02-21,12:30-12:40,1.3376000000000658
2025-02-21,13:50-14:00,0.22705000000019027
2025-02-21,15:50-16:00,10.494100000000117
2025-02-21,16:50-17:00,2.862700000000018
2025-02-22,6:00-8:20,1519.7550666666664
2025-02-22,10:00-11:00,397.26908333332995
2025-02-22,11:30-11:50,15.223916666666355
2025-02-22,12:50-13:00,8.124566666666624
2025-02-22,13:40-14:00,49.736483333333354
2025-02-22,14:50-15:00,20.061950000000138
2025-02-22,15:50-16:00,6.273966666666752
2025-02-22,16:50-17:00,4.760116666666647
2025-02-23,6:00-6:50,541.31415
2025-02-23,7:00-8:50,1680.7456499999998
2025-02-23,9:00-9:50,359.9702333333332
2025-02-23,10:00-10:50,628.3946166666666
2025-02-23,12:20-12:30,0.2556166666668105
2025-02-23,13:40-14:00,35.294916666666495
2025-02-23,15:50-16:00,23.07973333333325
2025-02-23,16:50-17:00,2.4610666666667385
2025-02-24,6:00-6:50,593.3304166666666
2025-02-24,7:00-7:50,727.4298166666667
2025-02-24,8:00-8:50,916.6213166666668
2025-02-24,9:00-9:30,201.13236666666648
2025-02-24,10:00-10:10,18.502333333333354
2025-02-24,15:50-16:00,11.344316666666828
2025-02-24,16:50-17:00,5.8290166666665755
2025-02-25,6:00-6:30,70.86553333333347
2025-02-25,7:40-8:50,1044.2765499999991
2025-02-25,9:00-9:50,513.0121166666665
2025-02-25,10:00-10:10,47.5010166666666
2025-02-25,10:20-10:30,1.2420999999999367
2025-02-25,16:50-17:00,2.8031833333333225
2025-02-26,6:00-6:50,646.2538833333331
2025-02-26,7:00-11:30,2982.0131166666665
2025-02-26,11:40-12:00,105.22465000000057
2025-02-26,14:50-15:00,1.4205500000000484
2025-02-26,15:50-16:00,15.936166666666622
2025-02-26,16:50-17:00,3.8303666666665777
2025-02-27,6:00-6:30,477.61000000000195
2025-02-27,6:40-6:50,50.28133333333335
2025-02-27,7:00-7:50,718.4496333333335
2025-02-27,8:00-10:50,2215.7790499999983
2025-02-27,12:30-12:40,2.452633333333324
2025-02-27,14:50-15:00,18.18405000000007
2025-02-27,15:50-16:00,8.403350000000046
2025-02-27,16:50-17:00,2.4077833333333274
2025-02-28,6:00-6:50,594.3254499999998
2025-02-28,7:00-7:50,897.4550333333336
2025-02-28,8:00-8:10,45.65338333333341
2025-02-28,11:20-11:40,43.883666666666386
2025-02-28,12:50-13:00,31.08834999999999
2025-02-28,13:50-14:00,30.210216666666497
2025-02-28,14:40-15:00,34.90361666666638
2025-02-28,16:50-17:00,1.0673833333332823
2025-03-01,6:00-6:50,597.8255166666667
2025-03-01,7:00-8:10,807.0971500000003
2025-03-01,8:50-9:00,16.44333333333327
2025-03-01,11:40-12:00,312.9671833333334
2025-03-01,16:50-17:00,1.6111166666666463
2025-03-02,6:00-6:50,610.02455
2025-03-02,7:00-7:50,758.8447166666667
2025-03-02,8:00-8:50,546.5250333333331
2025-03-02,9:00-9:20,180.71151666666663
2025-03-02,10:00-10:40,162.59313333333353
2025-03-02,11:50-12:00,3.386783333333142
2025-03-02,12:50-13:00,9.703533333333326
2025-03-03,7:20-10:40,2092.259200000001
2025-03-04,6:00-6:50,653.2429499999998
2025-03-04,7:00-7:50,563.9558166666667
2025-03-04,8:00-8:50,737.2055666666669
2025-03-04,9:00-9:50,492.16853333333324
2025-03-04,10:00-10:40,70.5922166666669
2025-03-04,10:50-13:00,709.054816666667
2025-03-04,13:40-14:00,49.56239999999991
2025-03-04,14:30-15:00,80.71449999999993
2025-03-04,15:50-16:00,14.31619999999998
2025-03-04,16:50-17:00,4.683933333333471
2025-03-05,6:00-6:10,3.331633333333457
2025-03-05,6:40-8:50,1426.9777623333334
2025-03-05,9:00-9:50,511.50901666666675
2025-03-05,10:00-10:10,22.612466666666478
2025-03-05,13:40-14:00,51.9208000000001
2025-03-05,14:40-14:50,2.645550000000185
2025-03-05,15:50-16:00,47.257249999999885
2025-03-05,16:50-17:00,7.3207666666666
2025-03-06,6:00-6:50,520.8084659999997
2025-03-06,7:00-9:50,2207.8127333333337
2025-03-06,10:00-11:30,693.4068666666665
2025-03-06,12:30-12:40,1.3721666666667716
2025-03-06,15:50-16:00,5.1433666666666795
2025-03-06,16:50-17:00,1.3810666666665838
2025-03-07,6:00-6:50,529.1800833333335
2025-03-07,7:00-7:50,884.0881666666666
2025-03-07,11:40-12:00,53.07216666666659
2025-03-07,12:50-13:00,26.852266666666537
2025-03-07,13:30-14:00,93.03909999999996
2025-03-07,14:50-15:00,37.05568333333338
2025-03-07,15:50-16:00,22.228033333333542
2025-03-07,16:50-17:00,3.7286000000000286
2025-03-08,6:00-8:00,1484.3010166666663
2025-03-08,11:30-11:50,24.700033333333522
2025-03-09,6:30-7:50,800.8594830000004
2025-03-09,8:00-10:10,1309.8018333333341
2025-03-10,6:00-7:50,1434.2974166666668
2025-03-10,8:00-10:20,1608.6022666666663
2025-03-10,10:40-11:10,55.208566666666684
2025-03-10,11:20-11:30,0.7875500000000102
2025-03-10,12:00-13:00,274.63098333333346
2025-03-10,13:50-14:00,13.413699999999949
2025-03-10,14:50-15:00,3.4936166666666395
2025-03-10,15:50-16:00,11.442000000000007
2025-03-10,16:50-17:00,2.256066666666584
2025-03-11,6:00-12:00,3493.614716666666
2025-03-11,12:50-13:00,9.068383333333259
2025-03-11,13:50-14:00,22.159533333333457
2025-03-11,14:50-15:00,28.542249999999967
2025-03-11,15:50-16:00,35.387500000000045
2025-03-11,16:50-17:00,8.7969333333333
2025-03-12,7:00-7:50,837.0901333333336
2025-03-12,8:00-8:50,681.9159333333333
2025-03-12,9:00-9:20,258.07364999999993
2025-03-12,12:40-13:00,35.04968333333363
2025-03-12,13:50-14:00,18.560966666666445
2025-03-12,16:50-17:00,2.077750000000151
2025-03-13,6:00-9:30,2078.1130146666655
2025-03-13,10:00-10:40,246.4574
2025-03-13,11:20-11:30,8.05218333333346
2025-03-13,16:50-17:00,3.589466666666567
2025-03-14,6:00-7:50,1237.625704833333
2025-03-14,11:30-12:00,165.3697166666666
2025-03-15,6:00-6:50,645.378512333335
2025-03-15,7:00-7:50,790.9897333333333
2025-03-15,10:00-10:40,136.4462666666666
2025-03-15,12:10-12:20,3.9127833333334365
2025-03-16,6:00-9:50,2721.8743833333338
2025-03-16,10:00-10:50,423.0909833333337
2025-03-16,16:50-17:00,1.0091666666667152
2025-03-17,7:20-9:20,1563.6651833333328
2025-03-17,10:10-10:30,353.50451666666663
2025-03-17,10:40-11:40,560.7508166666671
2025-03-17,12:40-13:00,16.328816666666626
2025-03-17,13:50-14:00,11.537400000000162
2025-03-17,14:50-15:00,10.572233333333315
2025-03-17,15:50-16:00,3.119950000000017
2025-03-18,7:00-8:30,1114.5447830000016
2025-03-18,8:50-10:00,542.7649833333327
2025-03-18,10:10-10:30,109.46213333333503
2025-03-19,6:00-6:50,778.6632166666665
2025-03-19,7:00-12:00,4120.8651833333315
2025-03-20,7:00-10:00,2332.340137499996
2025-03-20,11:10-11:20,229.37813333333452
2025-03-20,11:30-12:00,291.02170000000024
2025-03-20,12:40-13:00,85.1568666666667
2025-03-20,13:20-14:00,115.67185000000063
2025-03-20,15:50-16:00,16.786833333333107
2025-03-20,16:50-17:00,2.9858500000000276
2025-03-21,6:00-7:40,1218.1483499999997
2025-03-21,14:50-15:00,2.870566666666832
2025-03-21,15:50-16:00,3.5376166666666222
2025-03-22,6:00-6:50,618.9991666666667
2025-03-22,7:00-7:40,494.2453166666666
2025-03-22,12:20-12:50,223.45553333333373
2025-03-23,5:00-6:00,9.181483333333176
2025-03-23,6:20-6:30,51.899454666665974
2025-03-23,7:00-7:50,608.18925
2025-03-23,8:00-8:50,533.7439999999995
2025-03-23,9:00-9:50,467.0316333333326
2025-03-23,11:20-11:30,17.85916666666685
2025-03-23,13:50-14:00,9.642849999999953
2025-03-23,16:50-17:00,3.6387833333334356
2025-03-24,5:00-5:50,24.596933333333595
2025-03-24,7:00-10:10,2247.099716666666
2025-03-24,11:10-11:20,81.26876666666658
2025-03-24,12:20-12:30,46.52158333333364
2025-03-24,12:40-12:50,20.14249999995741
2025-03-24,17:50-18:00,0.14981666666665205
2025-03-25,5:00-6:00,38.92633333333367
2025-03-25,7:10-10:40,1507.4360666666657
2025-03-25,12:50-13:00,31.67546666666658
2025-03-25,13:10-13:20,0.7020333333332474
2025-03-25,13:50-14:00,44.518383333333304
2025-03-26,5:00-6:10,296.22681666666654
2025-03-26,6:20-6:50,323.88445000000013
2025-03-26,7:00-7:50,747.2318166666669
2025-03-26,8:00-8:50,787.7403833333334
2025-03-26,9:00-9:50,644.0785999999997
2025-03-26,10:00-10:40,216.76339999999982
2025-03-26,11:00-11:20,49.93059999999991
2025-03-26,12:10-12:20,0.4938999999999396
2025-03-26,12:50-13:00,10.21171666666487
2025-03-26,13:30-14:00,45.282916666666324
2025-03-27,5:00-5:50,64.81661666666696
2025-03-27,7:00-7:20,565.0708833333332
2025-03-27,7:30-12:00,2876.1266333333324
2025-03-27,14:50-15:00,19.75166666666678
2025-03-27,16:50-17:00,3.7597833333334165
2025-03-28,5:00-5:50,80.40246666666667
2025-03-28,6:20-6:50,224.19723333333405
2025-03-28,7:00-7:50,647.2251166666663
2025-03-28,12:40-13:00,22.142800000000307
2025-03-28,13:50-14:00,15.740850000000137
2025-03-28,14:50-15:00,2.183683333333306
2025-03-28,15:50-16:00,16.165466666666703
2025-03-29,5:00-5:50,101.80836666666659
2025-03-29,6:00-6:50,550.743183333333
2025-03-29,7:00-7:40,358.4453
2025-03-29,16:50-17:00,3.64313333333331
2025-03-29,17:50-18:00,1.280966666666643
2025-03-30,5:00-6:00,130.18641666666667
2025-03-30,7:10-7:50,506.3938166666669
2025-03-30,8:00-9:30,836.8556333333332
2025-03-30,10:50-11:00,43.77083333333326
2025-03-30,11:10-11:20,16.647249999999985
2025-03-30,12:50-13:00,16.6255666666666
2025-03-30,13:50-14:00,37.924683333333405
2025-03-30,14:30-15:00,89.92121666666662
2025-03-30,15:50-16:00,39.63831666666647
2025-03-30,16:50-17:00,15.884000000000015
2025-03-30,17:50-18:00,2.5294000000000096
2025-03-31,5:00-6:50,904.2896499999999
2025-03-31,7:00-7:50,856.0963833333336
2025-03-31,8:00-8:50,895.8389833333331
2025-03-31,9:00-11:00,939.8353833333329
2025-03-31,12:50-13:00,24.679916666666713
2025-03-31,13:50-14:00,37.784316666666655
2025-03-31,14:30-15:00,81.97146666666674
2025-03-31,15:50-16:00,38.90244999999993
2025-03-31,16:50-17:00,13.6404500000001
2025-04-01,5:00-6:00,166.9569333333336
2025-04-01,7:00-7:50,645.7280338333368
2025-04-01,8:00-8:50,567.862616666667
2025-04-01,9:00-9:10,10.721883333333153
2025-04-01,10:00-10:20,55.90373333333309
2025-04-01,16:50-17:00,8.88409999999999
2025-04-01,17:50-18:00,0.9226666666667143
2025-04-02,5:00-5:50,155.14594999999997
2025-04-02,6:00-6:50,610.9191159999988
2025-04-02,7:00-7:50,451.7340666666669
2025-04-02,8:00-8:50,626.3166333333329
2025-04-02,9:00-9:20,33.84005000000025
2025-04-02,10:00-10:50,436.87991666666676
2025-04-02,12:40-13:00,18.338366666665706
2025-04-02,14:50-15:00,13.252983333333304
2025-04-02,15:50-16:00,25.05321666666657
2025-04-02,16:50-17:00,20.321816666666678
2025-04-02,17:50-18:00,2.4613166666666757
2025-04-03,5:00-5:50,163.36611666666636
2025-04-03,6:00-6:10,98.42489283333748
2025-04-03,6:20-6:50,288.5748666666666
2025-04-03,7:00-7:50,562.3767499999998
2025-04-03,8:00-8:50,598.8603666666664
2025-04-03,9:00-9:30,320.2825999999999
2025-04-04,5:00-7:30,1238.4977
2025-04-04,17:50-18:00,0.7201833333333525
2025-04-05,5:00-6:50,1001.9673333333332
2025-04-05,7:00-7:20,159.7966166666667
2025-04-05,12:30-13:00,63.81388333333348
2025-04-05,13:30-14:00,123.04171666666639
2025-04-05,14:40-15:00,79.20346666666671
2025-04-05,15:50-16:00,28.489233333333345
2025-04-05,16:50-17:00,20.948500000000024
2025-04-05,17:50-18:00,5.865933333333317
2025-04-06,5:00-6:00,250.9992666666668
2025-04-06,7:10-8:50,1117.2418333333335
2025-04-06,9:00-9:20,104.74501666666663
2025-04-06,10:00-10:10,51.703515843619016
2025-04-06,10:30-11:40,324.5189999999998
2025-04-06,12:50-13:00,3.8997499999998126
2025-04-07,5:00-5:50,289.5573833333334
2025-04-07,6:00-10:30,3832.961166666666
2025-04-07,10:50-11:00,27.237499999999727
2025-04-07,11:50-12:00,15.86248333333333
2025-04-07,12:50-13:00,9.886283333333267
2025-04-07,13:50-14:00,23.47671666666679
2025-04-07,14:50-15:00,15.921299999999974
2025-04-07,15:50-16:00,12.477883333333239
2025-04-07,16:50-17:00,15.662666666666723
2025-04-07,17:50-18:00,1.1717833333333374
2025-04-08,5:00-5:50,232.93979999999976
2025-04-08,7:00-7:50,507.79215699999406
2025-04-08,8:00-8:50,738.2167000000001
2025-04-08,9:00-9:40,173.17436666666651
2025-04-08,10:40-10:50,19.5313000000001
2025-04-08,11:00-11:10,10.13353333333339
2025-04-08,12:50-13:00,2.9913000000240118
2025-04-08,13:50-14:00,13.8906833333333
2025-04-08,14:40-15:00,18.25656666666646
2025-04-08,15:50-16:00,14.321300000000065
2025-04-08,16:50-17:00,3.2168000000000347
2025-04-08,17:50-18:00,1.8943499999999176
2025-04-09,5:00-6:50,967.642516666667
2025-04-09,7:00-7:50,699.3065499999997
2025-04-09,8:00-8:40,569.6383500000004
2025-04-09,8:50-10:40,965.0356833333336
2025-04-09,11:00-12:00,226.41581666666684
2025-04-09,12:50-13:00,4.52178333333336
2025-04-09,15:50-16:00,6.6127500000000055
2025-04-10,5:00-7:50,1925.3839833333332
2025-04-10,8:00-8:50,564.3099000000001
2025-04-10,9:00-9:50,333.61139999999943
2025-04-10,10:00-10:30,300.56543333333343
2025-04-10,13:30-14:00,17.769666666667035
2025-04-10,15:50-16:00,27.586099999999988
2025-04-10,16:50-17:00,20.85593333333327
2025-04-10,17:50-18:00,5.748316666666597
2025-04-11,5:00-6:50,1219.484
2025-04-11,7:00-7:20,123.71091666666666
2025-04-11,13:50-14:00,11.889599999999973
2025-04-11,14:50-15:00,26.91319999999996
2025-04-11,15:50-16:00,11.873599999999897
2025-04-11,16:50-17:00,17.622666666666646
2025-04-11,17:50-18:00,3.676116666666644
2025-04-12,5:00-5:50,364.74246666666664
2025-04-12,6:00-7:20,910.0067000000006
2025-04-12,12:00-13:00,249.47124999999937
2025-04-12,15:50-16:00,4.460400000000163
2025-04-12,16:50-17:00,1.603399999999965
2025-04-13,5:00-6:00,288.61229999999955
2025-04-13,6:30-9:50,1942.7546166666657
2025-04-13,10:00-11:10,688.2662833333334
2025-04-13,11:20-11:50,138.48886666666635
2025-04-13,12:50-13:00,11.353116666666665
2025-04-13,13:20-13:30,3.622433333333447
2025-04-13,13:50-14:00,26.92868333333331
2025-04-13,14:50-15:00,24.41576666666674
2025-04-13,15:50-16:00,15.909483333333242
2025-04-14,5:00-5:50,311.11154999999997
2025-04-14,7:10-7:50,621.8391166666661
2025-04-14,8:00-9:30,762.9359166666667
2025-04-14,12:00-12:30,172.2756499999998
2025-04-14,12:40-13:00,52.164966666666714
2025-04-14,13:40-14:00,69.28961666666646
2025-04-14,14:50-15:00,33.782366666666576
2025-04-14,15:40-16:00,55.47843333333344
2025-04-14,16:50-17:00,22.798916666666628
2025-04-14,17:50-18:00,3.443300000000022
2025-04-15,5:00-5:50,374.8185666666667
2025-04-15,6:00-7:50,1479.1486666666667
2025-04-15,8:00-8:50,877.9823166666673
2025-04-15,9:00-9:40,451.84976666666716
2025-04-15,10:00-10:50,275.5925666666676
2025-04-15,12:50-13:00,4.954233333333377
2025-04-15,13:40-14:00,29.17636666666681
2025-04-15,14:40-15:00,44.50745000000006
2025-04-15,15:40-16:00,25.459199999999896
2025-04-15,16:50-17:00,23.696550000000116
2025-04-15,17:50-18:00,14.33383333333336
2025-04-16,5:00-5:50,376.41261666666674
2025-04-16,6:00-6:10,258.0872833333333
2025-04-16,6:20-9:50,2328.10095
2025-04-16,10:00-10:40,580.0548666666671
2025-04-16,12:00-12:10,107.66766666666672
2025-04-16,12:20-12:40,168.94416666666666
2025-04-17,5:00-6:50,1181.401183333333
2025-04-17,7:00-7:50,678.1935666666662
2025-04-17,8:00-8:50,757.6371166666664
2025-04-17,9:00-9:40,586.7405500000002
2025-04-17,10:20-10:40,33.12809999999968
2025-04-17,10:50-11:20,145.00598333333278
2025-04-17,12:50-13:00,12.748050000000148
2025-04-17,13:50-14:00,5.029750000000149
2025-04-17,15:50-16:00,14.359849999999824
2025-04-17,16:50-17:00,12.77796666666677
2025-04-17,17:50-18:00,4.102716666666652
2025-04-18,5:00-6:50,1225.430116666667
2025-04-18,7:00-7:10,64.65008333333333
2025-04-18,12:40-13:50,284.8931166666662
2025-04-18,14:50-15:00,43.4385166666666
2025-04-18,15:40-16:00,67.45246666666685
2025-04-18,16:50-17:00,8.842866666666623
2025-04-19,5:00-5:50,406.03400000000005
2025-04-19,6:00-6:50,525.1458499999987
2025-04-19,7:00-7:30,206.67298333333326
2025-04-19,12:30-13:00,47.975066666666635
2025-04-19,13:40-14:00,23.8599999999999
2025-04-20,5:00-6:50,1295.2783
2025-04-20,7:00-8:50,1329.6172333333334
2025-04-20,9:00-10:20,1077.7494833333328
2025-04-20,10:30-10:50,5.3042333333328315
2025-04-20,12:00-12:50,153.57304999999906
2025-04-20,14:20-14:30,3.0419333333331906
2025-04-21,5:00-6:10,802.9893814999984
2025-04-21,6:20-9:00,2342.2548166666666
2025-04-21,11:20-11:30,151.37331666666637
2025-04-21,11:40-11:50,33.29278333333332
2025-04-21,12:20-12:30,43.5745666666669
2025-04-22,5:00-5:50,389.9755833333334
2025-04-22,6:00-7:50,1624.1642500000003
2025-04-22,8:00-8:50,652.9853833333335
2025-04-22,9:00-9:50,544.4979333333338
2025-04-22,10:00-10:40,364.8068833333332
2025-04-22,12:00-13:00,268.1609000000001
2025-04-22,13:30-14:00,38.02686666666682
2025-04-23,5:00-6:50,1313.0398499999997
2025-04-23,7:00-7:50,696.3340500000004
2025-04-23,8:00-8:50,576.0597000000006
2025-04-23,9:00-9:30,333.0650999999998
2025-04-23,10:00-10:10,14.0945999999999
2025-04-23,11:20-12:20,126.92211666666708
2025-04-23,12:50-13:00,1.3294166666667024
2025-04-24,5:00-5:50,462.7163166666667
2025-04-24,6:00-6:20,558.2673166666667
2025-04-24,6:50-7:50,829.7196333333334
2025-04-24,8:00-8:50,814.3559666666661
2025-04-24,10:20-10:30,131.26999999999998
2025-04-24,10:40-12:40,1052.2780166666682
2025-04-25,5:00-7:00,1490.3730499999997
2025-04-25,14:50-15:00,6.275000000000091
2025-04-25,17:50-18:00,0.6611166666666577
2025-04-26,5:00-7:10,1421.374696296297
2025-04-27,5:00-5:50,462.3830833333333
2025-04-27,6:00-7:50,1518.6156999999994
2025-04-27,8:00-8:50,487.8990999999995
2025-04-27,9:00-9:40,404.04090000000065
2025-04-27,12:50-13:00,11.618733333333466
2025-04-27,13:50-14:00,22.876233333333175
2025-04-27,14:50-15:00,36.73104999999987
2025-04-27,15:50-16:00,18.226099999999974
2025-04-27,17:50-18:00,2.589433333333318
2025-04-28,5:00-5:50,436.36081666666644
2025-04-28,6:00-8:50,1989.5048333333334
2025-04-28,9:00-9:50,665.472433333333
2025-04-28,14:50-15:00,5.009950000000117
2025-04-28,15:50-16:00,3.892183333333378
2025-04-29,5:00-5:50,517.1815333333332
2025-04-29,6:00-6:20,458.17251666666664
2025-04-29,6:30-6:50,127.12771666666663
2025-04-29,7:00-7:50,661.3623666666667
2025-04-29,8:00-8:50,726.2850333333331
2025-04-29,9:00-9:40,207.19651666666664
2025-04-29,10:00-10:20,112.0084500000005
2025-04-29,11:20-11:30,9.306716666666716
2025-04-29,12:00-12:10,21.51246666666657
2025-04-29,12:30-12:50,46.499466666666876
2025-04-29,13:30-13:50,23.296433333333653
2025-04-29,17:50-18:00,4.827483333333362
2025-04-30,5:00-12:00,5104.459399999998
2025-04-30,12:10-12:40,98.31841666666674
2025-04-30,12:50-13:00,0.12361666666652127
2025-04-30,13:50-14:00,21.443500000000085
2025-04-30,14:50-15:00,25.766299999999774
2025-04-30,15:50-16:00,13.013583333333372
2025-04-30,17:50-18:00,10.636083333333318
2025-05-01,5:00-6:50,1165.119633333333
2025-05-01,7:00-7:50,393.4509833333336
2025-05-01,8:00-8:50,605.2175166666663
2025-05-01,9:00-9:10,37.73440000000005
2025-05-01,10:20-10:50,66.21701666666672
2025-05-01,11:00-12:00,743.4302999999993
2025-05-01,13:10-13:30,35.653549999999996
2025-05-02,5:00-5:50,428.75733333333335
2025-05-02,6:00-6:50,575.382266666666
2025-05-02,7:00-7:30,146.0951833333334
2025-05-02,12:50-13:10,7.667216666666491
2025-05-03,5:00-5:50,451.70956666666655
2025-05-03,6:00-6:50,521.3449516666677
2025-05-03,7:00-7:20,162.68881666666664
2025-05-03,12:20-12:30,6.91916666666657
2025-05-04,5:00-5:50,581.5581833333333
2025-05-04,7:00-8:50,1561.5383166666672
2025-05-04,9:00-12:00,2399.0664333333343
2025-05-04,13:00-13:20,191.78498333333323
2025-05-04,13:30-13:40,60.28873333333331
2025-05-04,13:50-14:00,32.48121666666657
2025-05-04,14:50-15:00,43.931233333333466
2025-05-04,15:50-16:00,44.61189999999988
2025-05-04,16:50-17:00,31.326866666666774
2025-05-05,5:00-5:50,444.5934833333332
2025-05-05,6:00-6:50,497.7787868333255
2025-05-05,7:00-7:50,574.7106666666665
2025-05-05,8:00-8:50,831.5054166666671
2025-05-05,9:00-9:40,509.31841666666617
2025-05-05,9:50-10:40,487.5386333333338
2025-05-05,11:00-11:40,183.7534499999997
2025-05-05,13:30-14:00,86.63128333333316
2025-05-05,14:50-15:00,16.93083333333334
2025-05-05,15:50-16:00,18.668749999999818
2025-05-05,16:50-17:00,24.88468333333344
2025-05-05,17:50-18:00,13.283816666666553
2025-05-06,5:00-6:50,1260.7323333333331
2025-05-06,7:00-11:50,3258.193500000001
2025-05-06,15:50-16:00,9.591733333333195
2025-05-06,17:50-18:00,5.292149999999992
2025-05-07,5:00-5:50,461.2407999999996
2025-05-07,6:00-7:50,1319.8773999999992
2025-05-07,8:00-8:40,515.4782500000002
2025-05-07,9:00-10:40,1075.8303333333338
2025-05-07,11:00-12:00,258.02175000000057
2025-05-07,16:50-17:00,0.9566166666666049
2025-05-07,17:50-18:00,1.582933333333358
2025-05-08,5:00-6:00,512.1978333333333
2025-05-08,6:50-9:50,2150.9493666666663
2025-05-08,12:10-12:20,6.2792833333332965
2025-05-08,12:40-12:50,15.80619999999999
2025-05-08,16:50-17:00,18.675000000000182
2025-05-08,17:50-18:00,9.55015000000003
2025-05-09,5:00-6:50,1126.505383333333
2025-05-09,7:00-7:30,184.19653333333338
2025-05-09,12:30-12:50,15.882983333333186
2025-05-09,13:40-14:00,49.31343333333325
2025-05-09,14:50-15:00,20.57770000000005
2025-05-09,16:50-17:00,3.365283333333309
2025-05-10,5:00-5:50,555.9996166666666
2025-05-10,6:00-7:20,635.8995333333341
2025-05-10,7:30-7:50,25.894133333333457
2025-05-10,13:30-13:50,68.08919999999989
2025-05-10,15:50-16:00,8.130616666666583
2025-05-10,16:50-17:00,4.887133333333281
2025-05-10,17:50-18:00,2.6527666666667074
2025-05-11,5:00-6:50,1273.8850666666663
2025-05-11,7:00-11:40,2908.018816666665
2025-05-11,12:20-13:00,147.75933333333364
2025-05-12,5:00-5:50,532.8575
2025-05-12,6:00-6:50,908.4052333333334
2025-05-12,7:00-7:50,960.3964499999998
2025-05-12,8:00-8:30,239.03540000000044
2025-05-12,9:00-9:50,481.84174999999937
2025-05-12,12:10-13:50,261.93680000000063
2025-05-12,14:50-15:00,9.531783333333351
2025-05-12,15:50-16:00,12.9760500000001
2025-05-12,17:50-18:00,5.123083333334989
2025-05-13,5:00-6:00,604.0487166666665
2025-05-13,7:20-11:00,2643.1494500000013
2025-05-13,11:40-12:10,94.0152000000005
2025-05-14,5:00-5:50,416.0700166666666
2025-05-14,6:00-6:50,776.9068
2025-05-14,7:00-7:50,885.9300166666665
2025-05-14,8:00-8:50,700.7260666666662
2025-05-14,9:00-9:30,96.41381666666666
2025-05-14,12:40-13:00,57.77690000000007
2025-05-14,13:30-14:00,59.23236666666685
2025-05-15,5:00-5:50,551.2701666666665
2025-05-15,6:00-11:10,3424.1065833333337
2025-05-15,13:40-14:00,29.479533333333166
2025-05-15,14:50-15:00,30.038416666666308
2025-05-15,16:50-17:00,11.799449999999979
2025-05-15,17:50-18:00,3.8965833333332967
2025-05-16,5:00-7:10,1241.4262744855962
2025-05-16,13:50-14:00,0.9120666666667603
2025-05-16,14:50-15:00,7.866066666666711
2025-05-17,5:00-7:00,1154.4351166666665
2025-05-17,12:00-12:20,69.43388333333314
2025-05-17,14:50-15:00,2.7926833333333434
2025-05-17,15:40-16:00,46.55206666666663
2025-05-17,16:50-17:00,39.59449999999998
2025-05-17,17:50-18:00,14.647633333331726
2025-05-18,5:00-6:00,589.421583333333
2025-05-18,6:40-6:50,34.424516666666705
2025-05-18,7:00-7:50,355.6704333333329
2025-05-18,8:00-8:50,985.3080499999995
2025-05-18,9:00-9:30,240.55519999999956
2025-05-18,12:20-12:30,35.430816666666715
2025-05-18,12:40-13:00,12.742250000000013
2025-05-18,13:50-14:00,7.71521666666672
2025-05-18,15:50-16:00,5.359649999999988
2025-05-19,5:00-6:10,815.9206999999999
2025-05-19,6:20-6:30,145.73296666666658
2025-05-19,6:40-6:50,57.0403
2025-05-19,7:00-7:50,671.3176999999997
2025-05-19,8:00-8:50,811.6373666666666
2025-05-19,9:00-9:10,7.785750000000007
2025-05-19,9:20-9:30,31.84965000000011
2025-05-19,10:00-10:50,494.1961666666664
2025-05-19,11:00-11:30,199.2447499999996
2025-05-19,17:50-18:00,4.714483333333305
2025-05-20,5:00-5:50,547.7669166666665
2025-05-20,6:00-6:50,725.8918666666665
2025-05-20,7:00-7:50,941.5096
2025-05-20,8:00-8:50,767.5376333333331
2025-05-20,9:00-9:50,224.05914999999982
2025-05-20,10:00-10:30,64.20503333333363
2025-05-20,11:50-12:00,15.980583333333243
2025-05-20,12:10-12:50,79.05563333333293
2025-05-20,14:50-15:00,5.094516666666664
2025-05-20,15:40-16:00,18.187316666666675
2025-05-20,16:50-17:00,12.056249999999977
2025-05-20,17:50-18:00,6.9927000000000135
2025-05-21,5:00-5:50,600.6975833333333
2025-05-21,6:00-6:50,820.9689499999995
2025-05-21,7:00-7:50,612.8896333333336
2025-05-21,8:00-8:50,234.09533333333297
2025-05-21,9:00-9:20,46.14873333333321
2025-05-21,9:30-9:50,37.87996666666663
2025-05-21,10:00-10:50,254.06031666666672
2025-05-21,11:00-11:20,128.9863333333335
2025-05-21,11:30-11:50,25.642866666667032
2025-05-21,12:00-13:00,104.05153333333283
2025-05-21,14:50-15:00,16.692716666666797
2025-05-21,15:50-16:00,5.669499999999971
2025-05-21,17:50-18:00,0.3733166666665966
2025-05-22,5:00-5:50,581.2922333333333
2025-05-22,6:00-6:50,693.7788166666667
2025-05-22,7:00-7:50,837.266366666667
2025-05-22,8:00-8:50,597.7097666666667
2025-05-22,9:00-9:10,17.90633333333335
2025-05-22,10:00-10:40,500.06281666666655
2025-05-22,11:00-12:10,416.1193833333334
2025-05-22,12:30-13:00,65.69901666666647
2025-05-22,13:50-14:00,21.152516666666543
2025-05-22,14:50-15:00,36.37455
2025-05-22,15:50-16:00,17.28635000000031
2025-05-22,16:50-17:00,18.756033333333335
2025-05-22,17:50-18:00,16.00066666666669
2025-05-23,5:00-5:50,580.1247666666667
2025-05-23,6:00-6:50,628.2877316666667
2025-05-24,5:00-6:50,1160.4892166666664
2025-05-25,5:00-5:50,570.2667333333331
2025-05-25,6:00-6:50,661.2167333333333
2025-05-25,7:00-7:50,921.8374333333336
2025-05-25,8:00-8:50,287.6044166666668
2025-05-25,9:00-9:40,353.8630333333331
2025-05-25,11:00-11:20,57.32083333333367
2025-05-25,12:40-13:00,72.3156156378484
2025-05-25,13:50-14:00,31.43393333333347
2025-05-25,14:30-15:00,72.58368333333306
2025-05-25,17:50-18:00,5.399416666666639
2025-05-26,5:00-6:50,1174.6160333333332
2025-05-26,7:00-7:50,836.2838166666668
2025-05-26,8:00-8:40,482.5916666666667
2025-05-26,9:00-9:10,48.743966666666665
2025-05-26,11:00-12:00,620.2591333333335
2025-05-26,12:20-13:00,91.42539999999985
2025-05-26,13:30-14:00,35.30728333333309
2025-05-26,16:50-17:00,7.3101500000000215
2025-05-27,5:00-6:50,1435.4731666666667
2025-05-27,7:00-9:50,2333.6282999999994
2025-05-27,10:00-10:50,177.0758833333341
2025-05-27,11:00-11:10,67.00496666666663
2025-05-27,14:50-15:00,3.8084499999999935
2025-05-27,15:50-16:00,3.3984333333335144
2025-05-27,16:50-17:00,15.495133333333342
2025-05-27,17:50-18:00,2.056250000000091
2025-05-28,5:00-5:50,478.3114333333334
2025-05-28,6:00-6:50,660.0822166666668
2025-05-28,7:00-7:40,469.71016666666685
2025-05-28,8:00-8:40,442.8008000000001
2025-05-28,9:00-9:10,35.4343333333336
2025-05-28,10:00-10:20,69.73671666666655
2025-05-28,11:00-11:20,114.73725000000013
2025-05-28,11:30-12:50,758.155833333333
2025-05-28,13:50-14:00,7.202800000000025
2025-05-28,14:50-15:00,1.1715666666666493
2025-05-28,17:50-18:00,0.21791666666661058
2025-05-29,5:00-6:50,1285.6754666666666
2025-05-29,7:00-7:50,427.2986999999996
2025-05-29,8:00-8:40,692.8636666666666
2025-05-29,9:00-9:30,151.02580000000034
2025-05-29,11:30-11:40,13.422700000000077
2025-05-29,12:00-12:40,315.3429500000004
2025-05-29,12:50-13:00,0.49193333333346345
2025-05-29,13:50-14:00,12.47416666666686
2025-05-29,14:50-15:00,1.5713499999999385
2025-05-29,15:50-16:00,33.58731666666654
2025-05-29,16:50-17:00,2.492166666666435
2025-05-29,17:50-18:00,5.530483333333336
2025-05-30,5:00-7:10,1407.2699135802472
2025-05-30,12:30-12:50,11.00446666666653
2025-05-30,16:50-17:00,7.217949999999973
2025-05-30,17:50-18:00,1.527433333333306
2025-05-31,5:00-5:50,499.5644166666668
2025-05-31,6:10-7:20,433.11806666666604
2025-05-31,12:50-13:00,12.77735000000007
2025-05-31,15:50-16:00,1.7609166666668443
2025-06-01,5:00-6:00,678.985133333333
2025-06-01,6:10-6:50,385.88616666666667
2025-06-01,7:00-7:50,391.8458833333334
2025-06-01,8:00-8:30,164.6437166666667
2025-06-01,9:00-9:40,176.62009999999998
2025-06-01,11:00-11:30,66.94829999999979
2025-06-01,13:40-14:20,121.4831499999998
2025-06-01,14:30-14:50,60.58248333333336
2025-06-01,15:50-16:00,41.384599999999864
2025-06-01,16:50-17:00,42.89963333333344
2025-06-01,17:50-18:00,27.85876666666661
2025-06-02,5:00-5:50,459.25168333333346
2025-06-02,6:00-6:20,377.63484999999935
2025-06-02,7:00-7:10,162.0483166666669
2025-06-02,7:20-7:30,35.59283333333315
2025-06-02,7:40-9:30,1178.7942333333328
2025-06-02,13:50-14:00,9.685000000000173
2025-06-03,5:00-5:50,396.93061666666665
2025-06-03,6:00-6:50,477.0671166666665
2025-06-03,7:00-7:40,327.5663666666669
2025-06-03,8:00-8:50,541.0364000000001
2025-06-03,10:00-10:10,17.1720499999999
2025-06-03,11:00-11:10,10.717849999999999
2025-06-03,12:20-12:50,155.458616666667
2025-06-03,14:30-14:40,1.0579000000000178
2025-06-03,16:50-17:00,7.0619333333334
2025-06-03,17:50-18:00,16.864266666666595
2025-06-04,5:00-5:50,520.961966666667
2025-06-04,7:30-7:50,51.42621666666662
2025-06-04,8:00-8:50,680.5990000000002
2025-06-04,9:00-9:30,177.67781666666644
2025-06-04,13:00-13:10,3.9693833333330986
2025-06-04,13:20-13:50,16.761349999999993
2025-06-05,5:00-5:50,472.5063500000001
2025-06-05,6:00-9:50,1766.0335666666667
2025-06-05,10:00-10:10,38.64786666666669
2025-06-05,11:10-11:20,16.10211666666646
2025-06-05,12:00-13:00,164.37868333333313
2025-06-05,13:40-14:00,30.64841666666689
2025-06-05,14:50-15:00,21.341049999999996
2025-06-05,15:40-16:00,20.08878333333314
2025-06-05,17:50-18:00,0.8594833333334009
2025-06-06,5:00-7:40,1344.2925666666667
2025-06-06,10:20-10:30,143.76603333333333
2025-06-06,10:40-12:00,799.2203333333337
2025-06-06,12:30-13:00,42.85363333333339
2025-06-06,13:50-14:00,10.615199999999845
2025-06-06,14:20-15:00,86.94759999999997
2025-06-06,15:40-16:00,33.08301666666671
2025-06-06,16:40-17:00,27.81976666666651
2025-06-06,17:50-18:00,8.366183333333424
2025-06-07,5:00-5:50,426.7954999999998
2025-06-07,7:20-7:40,135.8921333333334
2025-06-07,10:20-11:10,386.75318827160595
2025-06-07,11:30-12:00,78.76168333333317
2025-06-07,12:20-12:30,8.319233333333386
2025-06-08,5:00-5:50,484.72285
2025-06-08,7:10-7:50,624.2753545000014
2025-06-08,8:00-9:50,854.0774333333337
2025-06-08,10:50-11:00,7.6559666666667
2025-06-08,12:00-12:50,327.98011666666616
2025-06-08,17:50-18:00,5.70920000000001
2025-06-09,5:00-6:00,482.06365
2025-06-09,7:10-7:50,180.63353483333128
2025-06-09,8:00-8:50,1052.5300500000003
2025-06-09,9:00-9:40,179.01625000000024
2025-06-10,5:00-6:50,1137.4014420000042
2025-06-10,7:00-9:50,1629.6835833333323
2025-06-10,10:00-10:30,190.58156666666673
2025-06-10,10:40-11:00,45.165783333333366
2025-06-10,11:10-12:00,387.73156666666705
2025-06-10,12:20-12:40,24.123733333333348
2025-06-10,13:50-14:00,0.4317833333332146
2025-06-10,17:50-18:00,2.2819333333333134
2025-06-11,5:00-5:50,380.6584166666666
2025-06-11,6:00-6:50,546.9874666666666
2025-06-11,7:00-7:50,547.7318666666671
2025-06-11,8:00-8:40,299.8531999999998
2025-06-11,9:00-9:30,155.02134999999953
2025-06-11,10:00-10:40,518.9189666666662
2025-06-11,11:30-11:40,1.0722833333334165
2025-06-11,17:50-18:00,0.10358333333329028
2025-06-12,4:00-4:30,0.26893333333327973
2025-06-12,4:40-5:50,457.19868333333307
2025-06-12,6:00-8:50,1754.782000000001
2025-06-12,9:00-9:30,394.2594166666671
2025-06-12,10:00-10:10,1.9456500000001142
2025-06-12,10:20-10:40,54.087749999999915
2025-06-12,13:30-13:50,41.70776666666666
2025-06-12,14:40-15:00,3.555749999999989
2025-06-12,16:50-17:00,5.860600000000204
2025-06-12,17:50-18:00,9.100083333333373
2025-06-13,4:00-4:30,0.868533333333346
2025-06-13,4:40-6:50,896.6888666666666
2025-06-13,7:00-7:40,343.14093333333324
2025-06-13,8:00-8:10,13.859816666666688
2025-06-13,11:10-11:30,46.66869999999858
2025-06-13,12:00-13:00,268.08558333333303
2025-06-13,13:30-14:00,45.67348333333348
2025-06-13,15:50-16:00,12.864566666666633
2025-06-13,16:50-17:00,0.6912333333332299
2025-06-13,18:50-19:00,0.0009499999999889042
2025-06-14,4:00-4:30,1.6944333333332793
2025-06-14,4:40-6:50,1016.4087333333334
2025-06-14,7:00-7:30,202.75206666666668
2025-06-14,10:50-12:00,357.7172666666661
2025-06-14,12:10-12:30,172.24116666666646
2025-06-14,12:50-13:00,16.492933333333212
2025-06-14,13:30-14:00,90.91503333333321
2025-06-14,14:40-15:00,69.64803333333327
2025-06-14,15:40-16:00,63.17056666666667
2025-06-14,16:50-17:00,15.972150000000056
2025-06-14,17:50-18:00,8.117633333333288
2025-06-15,4:00-5:50,502.1335666666666
2025-06-15,6:00-6:50,587.9478333333332
2025-06-15,7:00-7:50,480.36818333333326
2025-06-15,8:00-8:50,365.0886499999997
2025-06-15,9:00-9:40,420.0683166666664
2025-06-15,10:00-11:40,363.56091666666657
2025-06-16,4:00-4:50,3.2132166666666535
2025-06-16,5:00-5:50,395.8750166666669
2025-06-16,6:00-8:40,1782.025883333333
2025-06-16,8:50-9:50,293.5265666666663
2025-06-16,10:00-10:20,201.1524499999997
2025-06-16,12:30-12:50,95.20428333333359
2025-06-16,13:40-14:00,28.057050000000118
2025-06-16,14:30-14:50,80.54473333333351
2025-06-16,15:40-16:00,33.147399999999834
2025-06-16,16:40-17:00,27.77203333333341
2025-06-16,17:50-18:00,16.324683333333383
2025-06-16,18:50-19:00,0.0013666666666267702
2025-06-17,4:00-4:50,3.9099499999999807
2025-06-17,5:00-5:50,504.8718499999998
2025-06-17,6:00-9:30,1866.5928166666663
2025-06-17,9:50-11:00,435.38251666666713
2025-06-17,11:20-11:50,101.80385000000001
2025-06-17,13:20-14:00,93.63490000000002
2025-06-17,14:10-14:50,157.63845000000015
2025-06-17,17:50-18:00,4.55824999999993
2025-06-17,18:50-19:00,0.008733333333339033
2025-06-18,4:00-8:50,2506.880450000001
2025-06-18,13:20-13:40,55.11896666667258
2025-06-19,4:00-4:50,5.345266666666475
2025-06-19,5:00-5:50,432.43903333333316
2025-06-19,6:50-7:00,5.081783333333419
2025-06-19,7:10-10:10,1844.3447499999997
2025-06-19,10:20-10:50,299.0179666666668
2025-06-19,11:20-12:50,346.7024666666671
2025-06-19,16:50-17:00,12.98739999999998
2025-06-19,17:50-18:00,14.58736666666664
2025-06-19,18:50-19:00,0.002816666666603851
2025-06-20,4:00-4:50,5.963833333333241
2025-06-20,5:00-5:50,468.6015
2025-06-20,6:00-7:10,546.4729499999986
2025-06-20,12:00-12:20,49.86141666666663
2025-06-20,13:20-13:40,5.188983333333226
2025-06-20,13:50-14:00,8.72524999999996
2025-06-20,14:30-15:00,51.71331666666663
2025-06-20,16:50-17:00,3.0028333333332284
2025-06-20,17:50-18:00,8.789366666666751
2025-06-21,4:00-4:50,5.2415999999999485
2025-06-21,5:00-5:50,362.6616
2025-06-21,6:00-7:20,713.1668166666661
2025-06-22,4:00-4:50,7.5766500000002
2025-06-22,5:00-6:00,636.942583333333
2025-06-22,6:20-10:40,2710.341166666667
2025-06-22,12:00-12:20,47.13120000000026
2025-06-22,15:50-16:00,2.503600000000006
2025-06-22,17:50-18:00,5.126133333333314
2025-06-23,4:00-4:50,6.092783333333273
2025-06-23,5:00-5:50,415.5919333333335
2025-06-23,6:00-6:50,602.3819499999998
2025-06-23,7:00-7:50,537.3314166666663
2025-06-23,8:00-8:40,284.52891666666676
2025-06-23,9:00-9:40,357.21323333333294
2025-06-23,10:00-10:10,39.29131666666672
2025-06-23,12:40-13:00,22.20111666666662
2025-06-23,13:50-14:50,378.3686666666671
2025-06-23,15:50-16:00,0.4457166666666126
2025-06-23,16:50-17:00,6.34134999999992
2025-06-24,4:00-6:50,1094.0010000000002
2025-06-24,7:00-7:50,252.14430000000004
2025-06-24,8:00-9:30,410.3037499999997
2025-06-24,9:50-10:50,821.263016666666
2025-06-24,13:20-13:50,141.91264999999999
2025-06-25,4:00-4:50,5.078383333333591
2025-06-25,5:00-5:50,448.12285000000014
2025-06-25,6:00-6:50,645.0091166666665
2025-06-25,7:00-7:50,763.8559833333333
2025-06-25,8:00-8:50,492.4589166666665
2025-06-25,11:00-11:40,330.03973333333306
2025-06-25,14:20-14:50,79.08413333333328
2025-06-26,4:00-4:50,4.349033333333296
2025-06-26,5:00-5:50,371.5982499999999
2025-06-26,6:00-7:50,1451.4894333333332
2025-06-26,8:00-8:50,168.36161666666624
2025-06-26,9:00-9:30,233.05510000000015
2025-06-26,10:00-10:10,28.62401666666665
2025-06-26,12:50-13:10,15.944716666666864
2025-06-26,14:50-15:00,7.984349999999949
2025-06-26,15:50-16:00,16.320450000000164
2025-06-27,4:00-4:50,2.9961999999999875
2025-06-27,5:00-5:50,353.2375833333333
2025-06-27,6:10-7:20,577.8909666666663
2025-06-27,11:20-11:50,62.14039999999977
2025-06-27,12:30-13:00,33.08300000000122
2025-06-27,13:20-13:30,10.84875000000011
2025-06-27,13:50-14:00,9.811249999999973
2025-06-27,14:50-15:00,26.971649999999954
2025-06-27,15:40-16:00,59.31623333333346
2025-06-27,16:50-17:00,33.50658333333331
2025-06-27,18:50-19:00,0.006233333333284463
2025-06-28,4:00-4:30,2.0680333333333465
2025-06-28,4:40-6:50,1091.0863333333332
2025-06-28,7:00-7:50,172.47286666666685
2025-06-28,11:00-11:50,259.4085833333329
2025-06-28,13:50-14:00,0.8675333333334265
2025-06-29,4:00-4:30,1.2482500000000982
2025-06-29,4:40-4:50,0.43343333333336886
2025-06-29,5:00-5:50,389.70139999999975
2025-06-29,6:00-8:50,1741.766266666666
2025-06-29,9:00-9:50,631.1538666666663
2025-06-29,10:00-11:00,584.5400166666673
2025-06-29,11:10-12:00,325.08101666666767
2025-06-29,12:40-12:50,26.363883333333206
2025-06-29,13:20-13:40,32.1573666666668
2025-06-29,15:40-15:50,2.1650999999999385
2025-06-29,16:50-17:00,6.2495833333332484
2025-06-29,17:50-18:00,2.5987666666667337
2025-06-30,4:00-4:30,0.6090666666665356
2025-06-30,4:40-6:00,447.973916666667
2025-06-30,6:30-6:50,45.983883333333324
2025-06-30,7:00-7:50,827.5091
2025-06-30,8:00-8:50,359.91338333333385
2025-06-30,9:00-9:20,125.7038666666665
2025-06-30,9:50-11:00,1132.7990833333329
2025-06-30,11:50-13:30,248.8710500000011
2025-06-30,13:50-14:00,0.5586833333334198
2025-06-30,14:40-14:50,12.850066666666407
2025-06-30,18:50-19:00,0.004066666666631136
2025-07-01,4:10-4:30,0.0261000000000422
2025-07-01,4:40-6:50,1150.09375
2025-07-01,7:00-7:50,608.9260999999998
2025-07-01,8:00-8:50,172.79328333333365
2025-07-01,9:00-9:10,89.92753333333349
2025-07-01,10:00-10:50,344.86646666666684
2025-07-01,11:00-12:20,556.4055333333329
2025-07-01,12:40-13:00,37.195516666666435
2025-07-01,13:50-14:00,34.4040500000001
2025-07-01,14:50-15:00,35.79743333333363
2025-07-01,16:50-17:00,2.9463000000000648
2025-07-02,5:00-5:50,553.7533333333334
2025-07-02,6:00-6:50,578.8138499999999
2025-07-02,7:00-11:00,3005.2135166666667
2025-07-02,11:50-12:00,22.31371666666655
2025-07-02,13:00-13:40,39.09418333333292
2025-07-02,15:50-16:00,14.80091666666658
2025-07-02,17:50-18:00,9.109649999999988
2025-07-03,5:00-5:50,514.5556
2025-07-03,6:00-6:50,436.6729
2025-07-03,7:00-7:50,211.54336666666677
2025-07-03,8:00-8:30,241.18278333333342
2025-07-03,9:00-9:40,209.88868333333335
2025-07-03,10:00-10:20,62.27866666666705
2025-07-03,12:00-12:10,31.427766666666685
2025-07-03,12:40-13:00,25.748933333333298
2025-07-03,13:50-14:00,21.502216666666754
2025-07-03,15:50-16:00,33.89531666666676
2025-07-03,16:50-17:00,15.953083333333325
2025-07-04,5:00-5:50,581.1540333333332
2025-07-04,6:00-6:50,457.1141833333328
2025-07-04,7:00-7:20,215.59149999999994
2025-07-04,10:30-10:40,23.098483333333206
2025-07-04,12:50-13:00,0.2388499999999567
2025-07-04,13:50-14:00,8.287566666666635
2025-07-04,14:50-15:00,11.747600000000034
2025-07-04,15:50-16:00,25.945850000000064
2025-07-04,16:40-17:00,30.68706666666685
2025-07-05,5:00-5:50,430.0815999999999
2025-07-05,6:00-6:50,575.369283333332
2025-07-05,7:00-7:30,263.19338333333326
2025-07-05,11:20-11:40,51.662216666666154
2025-07-05,12:00-12:10,123.71893333333355
2025-07-05,12:30-13:00,46.61540000000127
2025-07-05,13:50-14:00,29.232600000000048
2025-07-05,14:50-15:00,31.48644999999999
2025-07-05,15:50-16:00,15.321133333333364
2025-07-05,16:50-17:00,12.017500000000041
2025-07-05,17:50-18:00,12.08956666666677
2025-07-06,5:00-5:50,487.14369999999974
2025-07-06,6:00-6:50,790.4786833333336
2025-07-06,7:00-7:50,468.4799833333335
2025-07-06,8:00-8:40,337.1133166666664
2025-07-06,9:00-9:20,147.37983333333318
2025-07-06,10:00-10:20,132.25608333333298
2025-07-06,12:50-13:00,0.5538666666668632
2025-07-07,5:00-5:50,598.7245
2025-07-07,7:00-7:50,907.6550166666669
2025-07-07,8:00-10:00,1309.267566666666
2025-07-07,10:20-11:50,307.5882833333342
2025-07-07,13:30-13:50,22.72893333333309
2025-07-08,5:00-6:00,533.6391000000001
2025-07-08,7:00-7:50,581.9197
2025-07-08,8:00-8:50,751.3014333333333
2025-07-08,9:00-10:50,792.7206333333336
2025-07-08,11:10-11:30,182.8531166666669
2025-07-08,13:50-14:00,2.341299999999819
2025-07-08,17:50-18:00,2.3862833333332674
2025-07-09,5:00-6:00,544.4296333333333
2025-07-09,6:40-7:50,610.4434166666665
2025-07-09,8:00-8:50,791.7727166666667
2025-07-09,9:00-9:50,390.1046999999994
2025-07-09,13:50-14:00,7.346250000000055
2025-07-09,14:40-14:50,0.8867000000000189
2025-07-10,5:00-6:50,1402.3240333333333
2025-07-10,7:00-7:50,416.2063333333333
2025-07-10,8:00-8:50,379.6019666666666
2025-07-10,9:00-9:50,614.5799499999996
2025-07-10,10:00-10:50,955.4952833333323
2025-07-10,11:00-12:00,568.6555000000003
2025-07-10,12:20-13:00,104.52378333333354
2025-07-10,13:50-14:00,32.67571666666663
2025-07-10,15:50-16:00,31.108066666666673
2025-07-10,16:50-17:00,26.443233333333183
2025-07-10,17:50-18:00,7.330716666666717
2025-07-11,5:00-5:50,464.5175166666665
2025-07-11,6:00-7:40,888.9210333333331
2025-07-11,13:00-13:40,246.57423333333395
2025-07-11,13:50-14:00,1.1436166666667305
2025-07-11,14:40-15:00,10.897816666666586
2025-07-11,15:50-16:00,12.811116666666749
2025-07-11,16:50-17:00,27.317949999999996
2025-07-11,17:50-18:00,11.19010000000003
2025-07-12,5:00-5:50,507.0307666666666
2025-07-12,6:00-7:40,840.7934
2025-07-12,11:10-11:20,53.92390000000023
2025-07-12,12:20-12:40,53.92119999999977
2025-07-13,5:00-5:50,519.4760999999999
2025-07-13,7:00-7:50,553.5605166666662
2025-07-13,8:00-8:50,527.5661499999998
2025-07-13,9:00-9:30,218.95990000000006
2025-07-13,11:10-11:50,240.68006572427498
2025-07-13,15:40-16:00,48.96631666666667
2025-07-13,16:50-17:00,12.268750000000182
2025-07-13,17:50-18:00,15.124750000000063
2025-07-14,5:00-6:00,622.2181666666664
2025-07-14,6:40-6:50,61.41811666666672
2025-07-14,7:00-9:40,1689.2321666666655
2025-07-14,9:50-11:50,867.1381999999992
2025-07-14,12:40-12:50,32.667283333333444
2025-07-15,5:00-6:00,553.4700500000001
2025-07-15,7:20-7:50,245.35361666666688
2025-07-15,8:00-8:50,917.9622666666664
2025-07-15,9:00-11:00,1071.268633333334
2025-07-15,11:30-11:50,123.0976999999998
2025-07-15,12:10-13:00,192.72523333333288
2025-07-15,13:10-14:00,100.5981666666662
2025-07-15,14:30-15:00,59.23006666666652
2025-07-15,15:40-16:00,72.23321666666675
2025-07-15,16:50-17:00,37.998600000000124
2025-07-15,17:50-18:00,2.356866666666747
2025-07-16,5:00-5:50,471.8305166666669
2025-07-16,7:00-7:50,665.6361666666667
2025-07-16,8:00-8:50,848.6723833333333
2025-07-16,9:00-9:50,526.4798999999996
2025-07-16,10:00-11:30,775.4693333333319
2025-07-16,11:50-12:00,59.83628333333331
2025-07-16,12:40-13:00,20.549133333333202
2025-07-16,13:50-14:00,5.8301833333332524
2025-07-17,5:00-11:00,4169.954366666669
2025-07-17,12:50-13:00,3.8614833333333536
2025-07-17,15:50-16:00,7.198316666666642
2025-07-18,5:00-5:50,551.8257833333332
2025-07-18,6:00-6:50,613.7684499999999
2025-07-18,7:00-7:40,233.72709999999978
2025-07-18,11:30-11:50,21.67718333333346
2025-07-18,12:40-13:00,79.69318333325327
2025-07-18,13:10-14:00,101.87730000000056
2025-07-18,14:50-15:00,58.97381666666661
2025-07-18,15:30-16:00,96.95096666666677
2025-07-18,16:50-17:00,23.487983333333432
2025-07-18,17:50-18:00,7.579716666666741
2025-07-19,5:00-6:50,1409.8667333333333
2025-07-19,7:00-7:10,18.473216666666644
2025-07-19,12:30-12:50,47.54284999999982
2025-07-20,5:00-5:50,466.59531666666646
2025-07-20,6:10-7:50,1298.4422999999997
2025-07-20,8:00-8:50,903.8369333333329
2025-07-20,10:00-10:40,457.22974999999997
2025-07-20,13:20-13:30,20.973899999999958
2025-07-21,5:00-6:00,586.2544666666665
2025-07-21,7:00-7:50,596.0309333333336
2025-07-21,8:00-8:30,327.4229833333337
2025-07-21,9:00-9:40,468.80988333333335
2025-07-21,10:00-11:00,646.9254666666659
2025-07-21,12:40-12:50,26.88296666666679
2025-07-22,5:00-8:50,2680.8176333333327
2025-07-22,9:00-9:30,155.31859999999983
2025-07-22,11:00-11:10,3.296350000000075
2025-07-22,16:50-17:00,4.437283333333426
2025-07-22,17:50-18:00,7.381183333333297
2025-07-23,5:00-5:50,467.1817333333332
2025-07-23,7:20-9:20,1691.3242999999998
2025-07-23,12:50-13:00,7.824033333333318
2025-07-23,13:50-14:00,1.7617499999998927
2025-07-24,5:00-5:50,528.1684666666669
2025-07-24,7:20-7:50,272.1865166666669
2025-07-24,8:00-9:20,634.1285666666666
2025-07-24,9:30-9:50,56.378666666666504
2025-07-24,10:10-10:40,212.6667833333338
2025-07-24,11:10-11:40,141.78966666666634
2025-07-24,13:40-13:50,62.415583333333416
2025-07-24,15:50-16:00,27.767816666666704
2025-07-24,16:50-17:00,21.00630000000001
2025-07-24,17:50-18:00,11.079683333333378
2025-07-25,5:00-7:10,1442.7801833333335
2025-07-25,7:30-7:50,92.85376666666662
2025-07-25,10:40-11:00,74.87635000000023
2025-07-25,12:50-13:00,6.728716666666514
2025-07-25,13:50-14:00,3.8915666666666766
2025-07-25,14:40-15:00,15.54913333333343
2025-07-25,15:40-16:00,23.41673333333324
2025-07-25,16:50-17:00,0.7819833333333008
2025-07-26,5:00-6:50,1318.5469166666662
2025-07-26,7:00-7:10,34.18020000000001
2025-07-26,11:00-11:50,501.21873333333315
2025-07-26,12:00-12:10,1.5598166666668476
2025-07-26,12:50-13:00,3.6265500000001794
2025-07-26,16:50-17:00,13.36573333333331
2025-07-26,17:50-18:00,2.101350000000025
2025-07-27,5:00-5:50,439.65533333333315
2025-07-27,6:40-6:50,38.411516666666785
2025-07-27,7:00-7:50,594.3882666666667
2025-07-27,8:00-8:50,535.4331000000002
2025-07-27,9:00-9:40,468.7186666666664
2025-07-27,10:00-10:50,570.8211000000006
2025-07-27,11:10-11:20,72.99219999999968
2025-07-27,12:50-13:00,5.590533333333269
2025-07-27,13:50-14:00,18.664350000000013
2025-07-27,14:40-15:00,48.30998333333309
2025-07-27,15:50-16:00,4.07541666666657
2025-07-27,16:50-17:00,11.970133333333251
2025-07-28,5:00-5:50,526.7916
2025-07-28,6:00-6:50,701.3892166666666
2025-07-28,7:00-7:30,337.68828333333363
2025-07-28,8:00-11:00,2296.046300000002
2025-07-28,12:10-12:50,117.50623641976767
2025-07-28,13:50-14:00,5.8998666666666395
2025-07-28,15:50-16:00,3.277349999999842
2025-07-28,16:50-17:00,20.36256666666668
2025-07-28,17:50-18:00,6.183533333333344
2025-07-29,5:00-6:50,1073.2370166666667
2025-07-29,7:00-7:50,575.5683166666671
2025-07-29,8:00-8:50,444.7754
2025-07-29,9:00-9:20,70.29910000000041
2025-07-29,11:00-11:20,149.89641666666648
2025-07-29,12:00-12:20,56.53228333333345
2025-07-30,5:00-7:50,1714.0030499999993
2025-07-30,8:00-8:50,579.8830333333334
2025-07-30,9:00-9:40,335.3731
2025-07-30,10:00-10:20,27.0940999999998
2025-07-30,10:50-11:50,683.7032166666663
2025-07-30,16:50-17:00,2.8642666666667083
2025-07-30,17:50-18:00,8.051166666666631
2025-07-31,5:00-11:00,3786.2671666666665
2025-07-31,11:50-12:00,27.574333333333243
2025-07-31,12:50-13:00,2.5282999999999447
2025-07-31,13:50-14:00,5.824833333333345
2025-07-31,17:50-18:00,1.093366666666725
2025-08-01,5:00-5:50,706.7755333333332
2025-08-01,6:00-7:20,737.4815166666666
2025-08-01,15:50-16:00,0.9507333333333463
2025-08-01,16:50-17:00,11.537816666666686
2025-08-02,5:00-7:20,1400.9496833333328
2025-08-02,12:40-14:00,445.74028333333285
2025-08-02,14:40-15:00,53.109083333333274
2025-08-02,15:50-16:00,5.433083333333343
2025-08-03,5:00-10:40,4318.820666666667
2025-08-03,11:00-11:50,294.17651666666666
2025-08-03,12:10-12:40,269.36643333333313
2025-08-03,13:30-14:00,57.92696666666734
2025-08-03,15:50-16:00,22.59375
2025-08-03,17:50-18:00,5.975000000000023
2025-08-04,5:00-5:50,527.4220999999998
2025-08-04,6:00-7:50,1622.687566666666
2025-08-04,8:00-8:50,844.9344999999993
2025-08-04,9:00-9:40,207.25724999999989
2025-08-04,10:00-10:10,5.233316666666724
2025-08-04,12:30-12:40,15.098100000000159
2025-08-04,13:30-14:00,77.07453333333342
2025-08-04,14:50-15:00,48.57301666666672
2025-08-04,15:40-16:00,49.851050000000214
2025-08-04,16:50-17:00,24.22499999999991
2025-08-04,17:50-18:00,8.251616666666678
2025-08-05,5:00-5:50,487.38853333333327
2025-08-05,6:00-6:50,884.1105666666668
2025-08-05,7:00-9:20,1635.8903000000003
2025-08-05,10:00-12:10,948.7863999999993
2025-08-05,12:50-13:00,7.067466666666633
2025-08-05,13:40-14:00,28.064516666666805
2025-08-05,14:50-15:00,23.942966666666734
2025-08-05,15:50-16:00,13.473483333333206
2025-08-05,16:50-17:00,14.115533333333588
2025-08-05,17:50-18:00,9.540133333333415
2025-08-06,5:00-6:30,1130.2822333333334
2025-08-06,6:50-8:50,1698.0664833333335
2025-08-06,9:40-11:40,504.03109300467895
2025-08-06,12:50-13:00,8.879866666666885
2025-08-06,13:50-14:00,2.026183333333165
2025-08-06,15:50-16:00,8.600216666666483
2025-08-06,16:50-17:00,1.226566666666713
2025-08-06,17:50-18:00,0.19023333333336723
2025-08-07,5:00-6:00,636.6400000000001
2025-08-07,6:20-6:50,140.69537766666656
2025-08-07,7:00-7:50,686.5547166666664
2025-08-07,8:00-8:50,939.2258
2025-08-07,10:00-10:20,269.409616666665
2025-08-07,11:00-11:10,116.88883333333342
2025-08-07,12:50-13:00,10.024533333333238
2025-08-08,5:00-5:50,491.8677333333332
2025-08-08,6:00-7:30,821.8523166666664
2025-08-08,12:50-13:00,29.831783333333533
2025-08-08,14:50-15:00,21.449333333333243
2025-08-08,15:50-16:00,18.169750000000022
2025-08-09,5:00-5:50,504.0609833333334
2025-08-09,6:00-7:20,997.747266666667
2025-08-09,12:50-13:20,130.09291666666695
2025-08-10,5:00-5:50,545.6367333333335
2025-08-10,6:00-6:20,545.7135666666666
2025-08-10,6:30-6:40,126.42229999999995
2025-08-10,7:00-8:50,1666.2459833333337
2025-08-10,9:00-11:00,1730.194366666667
2025-08-10,11:40-12:00,114.50356666666721
2025-08-10,12:50-13:20,109.34428333333335
2025-08-10,13:50-14:00,16.21193333333349
2025-08-10,14:50-15:00,22.379699999999957
2025-08-11,5:00-5:50,522.2383
2025-08-11,6:00-6:50,739.9010000000002
2025-08-11,7:00-7:50,859.2886500000001
2025-08-11,8:00-8:30,332.41151666666667
2025-08-11,9:00-9:50,506.3665000000001
2025-08-11,10:00-10:20,184.69428333333371
2025-08-11,13:00-13:30,18.72661666666636
2025-08-11,16:50-17:00,9.481616666666696
2025-08-11,17:50-18:00,4.234450000000038
2025-08-12,5:00-6:00,648.576233333333
2025-08-12,6:30-7:50,965.9768073333391
2025-08-12,8:00-8:30,221.2595333333336
2025-08-12,8:40-9:20,105.52933333333362
2025-08-12,9:30-9:40,16.692633333333333
2025-08-12,9:50-11:30,589.0206666666661
2025-08-13,5:00-5:50,470.3102499999999
2025-08-13,6:00-11:30,3511.039316666667
2025-08-13,11:50-12:00,6.521650000000136
2025-08-13,12:50-13:00,8.675283333333482
2025-08-13,13:50-14:00,11.42060000000015
2025-08-13,14:50-15:00,6.361316666666653
2025-08-13,17:50-18:00,0.607216666666659
2025-08-14,5:00-6:50,1233.5955166666672
2025-08-14,7:00-7:50,389.2369000000002
2025-08-14,8:00-8:50,863.8592666666665
2025-08-14,9:00-9:50,333.56100000000015
2025-08-14,10:00-10:40,281.0828333333327
2025-08-15,5:00-7:20,1479.3468500000001
2025-08-15,12:30-13:00,172.3043666666672
2025-08-15,13:50-14:00,25.748433333333423
2025-08-15,14:50-15:00,36.36720000000014
2025-08-15,15:50-16:00,26.84878333333336
2025-08-15,16:50-17:00,3.0935499999999365
2025-08-16,5:00-7:20,1650.3716
2025-08-16,13:50-14:00,6.145633333333535
2025-08-16,14:50-15:00,8.415950000000066
2025-08-16,16:50-17:00,8.103683333333379
2025-08-17,5:00-5:50,399.6822999999996
2025-08-17,7:00-7:50,1115.7499499999992
2025-08-17,8:00-8:50,624.1840999999997
2025-08-17,9:00-9:50,522.0665500000002
2025-08-17,10:00-10:30,528.8779000000006
2025-08-17,12:50-13:00,0.9092166666787307
2025-08-17,13:30-14:00,73.81790000000092
2025-08-18,5:00-5:50,482.9955
2025-08-18,6:00-6:50,765.6299166666668
2025-08-18,7:00-7:50,794.0824499999997
2025-08-18,8:00-8:50,600.4047500000003
2025-08-18,9:00-9:20,181.03888333333293
2025-08-18,10:00-10:50,743.9173833333327
2025-08-18,13:40-13:50,3.039549999999963
2025-08-18,14:50-15:00,14.755599999999959
2025-08-18,16:50-17:00,4.026250000000118
2025-08-19,5:00-6:50,1357.4404795000057
2025-08-19,7:00-9:50,2209.0162666666665
2025-08-19,10:00-10:10,1.4915833333334376
2025-08-19,11:30-11:40,10.885899999999992
2025-08-19,12:40-13:00,34.354333333333216
2025-08-19,13:50-14:00,9.661366666666709
2025-08-19,14:50-15:00,10.193483333333461
2025-08-19,17:50-18:00,4.498199999999997
2025-08-20,5:00-6:00,392.02338333333347
2025-08-20,7:00-7:50,504.5095
2025-08-20,8:00-8:40,485.9287333333335
2025-08-20,9:00-9:30,440.19901666666647
2025-08-20,10:00-11:50,473.2832000000003
2025-08-20,12:00-13:00,293.9839166666668
2025-08-20,13:40-14:00,31.076900000000023
2025-08-20,14:40-14:50,20.519849999999906
2025-08-20,16:50-17:00,2.8150833333331775
2025-08-21,5:00-5:50,428.78466666666657
2025-08-21,7:20-7:50,223.38896666666653
2025-08-21,8:00-8:30,398.5126833333329
2025-08-21,9:00-9:50,268.26638333333335
2025-08-21,10:00-10:50,588.5084166666663
2025-08-21,11:30-12:30,310.13135000000034
2025-08-21,12:50-13:00,11.181650000000218
2025-08-21,13:40-14:00,18.763183333333018
2025-08-21,16:50-17:00,21.60335000000009
2025-08-21,17:50-18:00,5.867950000000064
2025-08-22,5:00-7:20,1462.5556499999998
2025-08-22,12:40-12:50,10.440816666666933
2025-08-22,13:50-14:00,3.8929333333333034
2025-08-22,14:50-15:00,29.63771666666662
2025-08-22,15:40-16:00,63.34466666666651
2025-08-22,16:50-17:00,35.655483333333336
2025-08-22,17:50-18:00,14.804566666666574
2025-08-23,5:00-5:50,429.3252833333334
2025-08-23,6:00-7:20,683.7569833333333
2025-08-23,12:50-13:00,12.870133333333115
2025-08-23,13:50-14:00,14.717083333333449
2025-08-23,14:50-15:00,9.198533333333444
2025-08-24,5:00-7:50,1969.7397333333333
2025-08-24,8:00-8:50,499.3050333333334
2025-08-24,9:00-9:10,39.94046666666668
2025-08-24,11:00-11:50,259.45016666668744
2025-08-24,12:40-12:50,7.2500333333334765
2025-08-25,5:00-6:00,409.2941833333333
2025-08-25,7:30-9:20,1113.0035499999985
2025-08-25,13:00-13:20,20.582366666666303
2025-08-25,15:50-16:00,24.06354999999985
2025-08-25,16:50-17:00,14.569516666666686
2025-08-26,5:00-11:30,4591.720483333334
2025-08-27,5:00-5:50,339.68848333333335
2025-08-27,6:00-8:50,1848.0109999999995
2025-08-27,9:00-9:50,1009.4935333333336
2025-08-27,15:50-16:00,1.0135666666665202
2025-08-27,16:50-17:00,2.681033333333289
2025-08-27,17:50-18:00,1.8812333333332845
2025-08-28,5:00-11:20,4017.3298166666664
2025-08-28,11:50-12:50,379.8452666666658
2025-08-29,5:00-5:50,315.03148333333337
2025-08-29,6:00-6:50,653.7878499999993
2025-08-29,7:00-7:40,513.9573
2025-08-29,12:50-13:00,6.553733333333412
2025-08-29,13:50-14:00,13.427816666666786
2025-08-29,14:50-15:00,8.355149999999867
2025-08-30,5:00-5:50,348.9415999999998
2025-08-30,6:00-6:50,773.1174751666668
2025-08-30,7:00-7:20,118.78928333333329
2025-08-30,12:50-13:00,20.163499999999885
2025-08-30,13:50-14:00,13.130133333333333
2025-08-31,5:00-7:50,2228.3403333333326
2025-08-31,8:00-8:50,755.7428166666668
2025-08-31,9:00-9:50,147.09686666666607
2025-08-31,10:00-10:10,22.77523333333329
2025-08-31,10:20-11:00,118.26091666666662
2025-08-31,12:00-13:00,224.42264999999975
2025-08-31,13:50-14:00,18.633616666666512
2025-08-31,15:40-16:00,35.90409999999997
2025-08-31,16:50-17:00,19.56208333333325
2025-09-01,5:00-5:50,338.0626666666669
2025-09-01,7:20-7:30,154.19748333333337
2025-09-01,7:40-7:50,7.869416666666666
2025-09-01,8:00-8:50,468.5296999999995
2025-09-01,13:50-14:00,3.2708333333332575
2025-09-02,5:00-9:40,3026.0914833333327
2025-09-02,10:00-10:40,307.04305
2025-09-02,12:10-13:00,62.917766666666466
2025-09-02,13:50-14:00,14.024133333333339
2025-09-02,14:50-15:00,8.524716666666563
2025-09-02,15:50-16:00,21.800283333333482
2025-09-02,16:50-17:00,25.03511666666668
2025-09-02,17:50-18:00,3.102549999999951
2025-09-03,5:00-6:00,317.66949999999997
2025-09-03,7:00-7:50,884.3472666666669
2025-09-03,8:00-8:40,527.1280833333334
2025-09-03,9:00-9:50,491.56029999999987
2025-09-03,11:00-11:40,555.4402999999995
2025-09-03,13:30-14:00,60.62563333333378
2025-09-03,14:50-15:00,22.880366666666532
2025-09-03,15:50-16:00,12.04921666666678
2025-09-03,16:50-17:00,8.772600000000011
2025-09-04,5:00-8:50,2740.7011723333326
2025-09-04,9:50-10:40,277.0505499999906
2025-09-04,10:50-12:00,790.9277666666671
2025-09-04,12:10-12:20,7.634183333333567
2025-09-04,13:50-14:00,20.050366666666832
2025-09-04,14:30-15:00,28.29021666666631
2025-09-04,15:50-16:00,2.034599999999955
2025-09-04,16:50-17:00,1.629033333333382
2025-09-05,5:00-6:50,1153.9479000000001
2025-09-05,7:00-7:10,80.54133333333323
2025-09-05,12:50-13:00,33.78433333333351
2025-09-05,13:50-14:00,16.44374999999991
2025-09-05,14:40-15:00,73.35940000000005
2025-09-05,15:50-16:00,48.647966666666775
2025-09-05,16:50-17:00,42.458650000000034
2025-09-05,17:50-18:00,6.833600000000047
2025-09-06,5:00-7:40,1319.9811666666665
2025-09-06,13:50-14:00,9.931249999999864
2025-09-06,15:50-16:00,8.23869999999988
2025-09-06,16:50-17:00,7.723733333333257
2025-09-06,17:50-18:00,0.025966666666590754
2025-09-07,5:00-6:50,1068.098883333333
2025-09-07,7:00-7:50,705.8056999999995
2025-09-07,8:00-8:50,703.6351166666666
2025-09-07,9:00-10:20,873.5408500000008
2025-09-07,12:40-13:30,120.23784999999998
2025-09-07,13:50-14:00,6.051066666666657
2025-09-07,14:40-14:50,2.1242999999999483
2025-09-08,5:00-6:00,228.75175000000013
2025-09-08,7:00-7:50,700.7337666666667
2025-09-08,8:00-8:50,695.7875166666668
2025-09-08,9:00-9:20,73.97320000000013
2025-09-08,10:00-11:10,861.0280833333334
2025-09-08,16:50-17:00,11.064483333333328
2025-09-08,17:50-18:00,1.1294666666683497
2025-09-09,5:00-5:50,193.07346666666683
2025-09-09,6:00-8:50,3044.3900499999995
2025-09-09,9:00-10:20,939.1530833333327
2025-09-09,10:50-11:50,322.5758833333332
2025-09-09,13:50-14:00,7.5323000000000775
2025-09-09,15:50-16:00,5.095466666666653
2025-09-09,16:50-17:00,6.014799999999923
2025-09-09,17:50-18:00,0.0995666666666466
2025-09-10,5:00-5:50,153.40155000000016
2025-09-10,6:00-6:50,747.6991499999998
2025-09-10,7:00-8:10,1166.7845666666672
2025-09-10,8:20-8:40,254.36746666666693
2025-09-10,9:00-9:40,400.58773333333295
2025-09-10,10:00-11:00,459.8295666666668
2025-09-10,11:10-11:40,168.36264999999958
2025-09-10,12:40-13:00,30.231016666666847
2025-09-10,14:50-15:00,2.2143666666668196
2025-09-10,15:50-16:00,17.454150000000027
2025-09-10,16:50-17:00,11.05006666666668
2025-09-10,17:50-18:00,0.14056666666658657
2025-09-11,5:00-6:00,165.08850000000018
2025-09-11,7:10-7:50,525.433116666667
2025-09-11,8:00-8:50,894.634666666667
2025-09-11,9:00-9:20,92.03078333333337
2025-09-11,11:20-12:00,301.1223500000008
2025-09-11,12:10-12:30,154.2181833333334
2025-09-11,13:50-14:00,23.14556666666681
2025-09-11,15:50-16:00,13.642866666666578
2025-09-12,5:00-5:50,116.64256666666654
2025-09-12,6:00-7:40,1120.9149333333323
2025-09-12,12:10-12:40,79.33073333333346
2025-09-13,5:00-6:50,834.7458666666666
2025-09-13,7:00-7:30,307.84148333333343
2025-09-13,13:50-14:00,3.4535833333334267
2025-09-13,14:50-15:00,8.952433333333374
2025-09-13,15:50-16:00,11.598233333333383
2025-09-13,16:50-17:00,1.0259166666666033
2025-09-13,17:50-18:00,1.6138999999999442
2025-09-14,5:00-5:50,83.95836666666617
2025-09-14,6:30-6:50,142.08209999999997
2025-09-14,7:00-7:30,560.5375333333291
2025-09-14,7:40-7:50,41.98686666666674
2025-09-14,8:00-8:50,445.8337499999999
2025-09-14,9:00-9:20,188.7007666666666
2025-09-14,16:50-17:00,1.9876500000000306
2025-09-15,5:00-9:20,3046.714216666667
2025-09-15,10:00-10:40,508.8167078189324
2025-09-15,11:00-12:00,383.29471666666655
2025-09-15,12:50-13:00,16.97221666666678
2025-09-15,13:50-14:00,21.24414999999999
2025-09-15,14:50-15:00,24.8424500000001
2025-09-15,15:50-16:00,25.826733333333323
2025-09-15,16:50-17:00,9.193533333333335
2025-09-16,5:00-5:50,69.48755000000017
2025-09-16,7:20-7:50,302.31413333333353
2025-09-16,8:00-8:50,674.5980999999997
2025-09-16,9:00-9:20,87.19163333333336
2025-09-16,9:30-9:40,19.83829999999989
2025-09-16,10:00-10:10,15.021266666666634
2025-09-16,10:30-10:50,17.45589999999993
2025-09-16,15:40-15:50,0.40658333333340124
2025-09-16,16:50-17:00,13.081249999999955
2025-09-16,17:50-18:00,1.261449999999968
2025-09-17,5:00-6:00,47.732366666666394
2025-09-17,6:40-8:40,1391.8455166666663
2025-09-17,9:00-9:40,365.6952166666665
2025-09-17,9:50-12:00,1663.9704333333339
2025-09-17,12:40-13:00,18.152716666666493
2025-09-17,13:40-14:00,19.816916666666202
2025-09-17,15:50-16:00,7.927050000000236
2025-09-18,5:00-5:50,31.274299999999926
2025-09-18,6:00-6:50,789.0614166666666
2025-09-18,7:00-7:50,896.7090499999998
2025-09-18,8:00-8:50,513.96105
2025-09-18,9:00-9:40,398.21485000000007
2025-09-18,10:00-10:30,278.0276000000001
2025-09-18,15:50-16:00,6.114516666666532
2025-09-18,16:50-17:00,4.89161666666655
2025-09-18,17:50-18:00,0.0038499999999430656
2025-09-19,5:00-7:50,1222.7038499999999
2025-09-19,12:00-13:00,141.40290720164398
2025-09-19,13:40-14:00,33.152366666666694
2025-09-19,14:50-15:00,2.1726833333334525
2025-09-19,16:50-17:00,8.163966666666738
2025-09-20,5:00-5:30,2.9674499999999284
2025-09-20,5:40-7:50,1370.2178166666665
2025-09-20,13:50-14:00,6.053566666666484
2025-09-20,14:50-15:00,10.363833333333332
2025-09-20,15:50-16:00,27.574050000000057
2025-09-20,16:50-17:00,26.238483333333306
2025-09-20,17:50-18:00,0.021383333333233168
2025-09-21,6:00-8:50,2542.6378666666665
2025-09-21,9:00-9:20,62.27525000000014
2025-09-21,12:20-12:40,66.20899999999983
2025-09-21,12:50-13:00,17.37848333333318
2025-09-21,13:50-14:00,20.534283333333406
2025-09-21,14:50-15:00,34.29449999999997
2025-09-22,7:00-9:20,1874.7180949999934
2025-09-22,10:30-10:40,135.57573333333335
2025-09-22,10:50-11:50,532.368483333333
2025-09-22,15:50-16:00,6.8019500000000335
2025-09-22,16:50-17:00,14.668433333333269
2025-09-23,6:30-6:50,106.01389033333578
2025-09-23,7:00-9:50,2114.3134333333337
2025-09-23,10:00-12:00,974.1067333333342
2025-09-23,13:50-14:00,14.52828333333332
2025-09-23,15:50-16:00,6.975883333333286
2025-09-24,6:00-11:00,3904.7992666666664
2025-09-24,11:30-12:00,149.42188333333343
2025-09-24,12:20-13:00,125.86581666666666
2025-09-24,13:50-14:00,16.926066666666657
2025-09-24,14:50-15:00,2.0774000000000115
2025-09-25,6:00-6:50,782.037983333333
2025-09-25,7:00-7:50,676.7842666666669
2025-09-25,8:00-8:50,593.2601666666675
2025-09-25,9:00-9:10,38.2824833333334
2025-09-25,10:00-10:30,219.96079999999984
2025-09-25,12:40-12:50,16.722533333333104
2025-09-26,6:00-6:50,719.6359333333337
2025-09-26,7:00-7:40,551.1968499999999
2025-09-26,12:10-13:00,279.0581999999931
2025-09-26,13:50-14:00,24.139283333333424
2025-09-26,14:50-15:00,26.179583333333312
2025-09-26,15:50-16:00,33.587549999999965
2025-09-26,16:50-17:00,20.72031666666669
2025-09-27,6:00-6:50,645.9251999999998
2025-09-27,7:00-7:40,527.7855666666666
2025-09-27,11:00-11:10,35.26078333333271
2025-09-27,11:40-12:00,41.54065000000014
2025-09-27,12:30-12:40,0.8979666666664343
2025-09-27,13:50-14:00,15.613866666666809
2025-09-27,14:50-15:00,17.755733333333296
2025-09-27,15:50-16:00,13.204166666666652
2025-09-27,16:50-17:00,1.9788499999999658
2025-09-28,6:00-6:50,709.194983333333
2025-09-28,7:00-7:50,814.9150500000003
2025-09-28,8:00-8:50,601.0526333333337
2025-09-28,9:00-9:40,311.3927833333332
2025-09-28,10:00-10:30,85.64136666666627
2025-09-28,14:50-15:00,23.24708333333342
2025-09-28,15:50-16:00,5.202766666666776
2025-09-29,6:00-6:10,20.39463333333333
2025-09-29,7:10-9:50,2159.23805
2025-09-29,11:00-11:50,950.1195253086514
2025-09-29,12:50-13:00,0.3061499999998887
2025-09-30,6:00-6:50,678.0053999999999
2025-09-30,7:00-12:00,3819.2593833333335
2025-10-01,6:10-6:20,232.04579999999999
2025-10-01,6:40-7:50,1061.8823833333336
2025-10-01,8:00-8:50,959.2040499999993
2025-10-01,9:00-9:30,378.46271666666644
2025-10-02,7:10-7:50,443.16714999999886
2025-10-02,8:00-8:50,735.2673666666664
2025-10-02,9:00-9:20,170.30618333333325
2025-10-02,16:50-17:00,15.370000000000118
2025-10-03,6:00-6:50,780.7975166666666
2025-10-03,7:00-7:40,403.43306666666655
2025-10-03,13:40-14:00,39.85213333333354
2025-10-03,14:50-15:00,19.93203333333338
2025-10-04,6:00-6:20,322.13243333333344
2025-10-04,6:30-7:40,934.1941666666667
2025-10-04,12:50-13:00,7.352983333333441
2025-10-04,13:30-14:00,94.38728333333302
2025-10-04,14:50-15:00,32.8266500000002
2025-10-04,15:50-16:00,19.142716666666615
2025-10-04,16:50-17:00,12.53230000000002
2025-10-05,7:10-7:50,501.68486666666547
2025-10-05,8:00-8:50,762.0750833333335
2025-10-05,9:00-9:20,97.88544999999976
2025-10-05,12:40-12:50,14.773733333333439
2025-10-06,6:00-6:50,791.8847166666667
2025-10-06,7:00-12:00,3483.6879666666678
2025-10-06,12:50-13:00,8.498633333333373
2025-10-06,13:50-14:00,28.018316666666806
2025-10-06,14:50-15:00,38.49471666666682
2025-10-06,15:50-16:00,29.339366666666592
2025-10-06,16:50-17:00,4.508383333333313
2025-10-07,6:00-6:50,740.9568666666667
2025-10-07,7:00-7:50,839.6088999999997
2025-10-07,8:00-8:50,680.835916666666
2025-10-07,9:00-9:50,667.9711333333335
2025-10-07,10:00-10:50,162.50360000000046
2025-10-07,11:00-11:50,214.25821666666707
2025-10-07,13:50-14:00,2.1799000000000888
2025-10-07,15:50-16:00,0.4660000000001219
2025-10-07,16:50-17:00,5.4238500000001295
2025-10-08,6:00-11:10,4176.726549999999
2025-10-08,11:30-13:00,292.3308333333339
2025-10-08,13:30-14:00,23.9991
2025-10-08,16:50-17:00,8.382900000000063
2025-10-09,7:10-9:20,2025.2879000000003
2025-10-09,12:50-13:00,17.39071666666655
2025-10-09,13:50-14:00,14.163583333333236
2025-10-09,15:50-16:00,13.561816666666573
2025-10-09,16:50-17:00,7.116516666666712
2025-10-10,6:00-7:40,1345.624716666667
2025-10-10,14:50-15:00,21.148066666666637
2025-10-10,15:50-16:00,8.839749999999981
2025-10-10,16:50-17:00,12.560750000000041
2025-10-11,6:00-7:50,1368.8015000000007
2025-10-11,12:10-12:50,178.62583333333396
2025-10-11,13:50-14:00,2.5998000000001866
2025-10-11,14:50-15:00,5.302533333333258
2025-10-11,15:50-16:00,7.1590666666667175
2025-10-12,6:00-10:10,3510.1875
2025-10-12,11:00-11:10,3.1609166666664805
2025-10-12,12:50-13:00,11.461366666666663
2025-10-12,13:50-14:00,31.266633333333402
2025-10-12,14:40-15:00,66.74470000000008
2025-10-12,15:50-16:00,57.563999999999965
2025-10-12,16:50-17:00,24.736183333333315
2025-10-13,6:00-6:10,213.46605
2025-10-13,6:40-7:50,854.9747166666649
2025-10-13,8:00-8:50,810.2161833333333
2025-10-13,9:00-9:30,264.67036666666627
2025-10-13,11:00-11:20,41.806590946506276
2025-10-13,12:40-13:00,100.19316666666691
2025-10-13,13:30-14:00,115.7309833333336
2025-10-13,14:30-15:00,125.79661666666652
2025-10-13,15:50-16:00,36.36124999999993
2025-10-13,16:50-17:00,19.722333333333154
2025-10-14,6:10-6:50,343.0708333333314
2025-10-14,7:00-7:50,733.3802499999997
2025-10-14,8:00-9:40,1449.8852666666667
2025-10-14,11:30-11:40,27.881572633741598
2025-10-14,11:50-12:00,10.178049999999985
2025-10-14,12:50-13:00,8.03446666666673
2025-10-14,13:50-14:00,20.442883333333157
2025-10-14,15:50-16:00,21.107216666666773
2025-10-14,16:50-17:00,6.828483333333224
2025-10-15,6:30-6:40,110.37498333333338
2025-10-15,7:00-9:30,2147.5759666666672
2025-10-15,12:50-13:00,1.808999999999969
2025-10-15,16:50-17:00,7.90300000000002
2025-10-16,6:00-6:50,600.2827666666664
2025-10-16,7:00-7:50,930.2915333333333
2025-10-16,8:00-8:50,765.1859666666662
2025-10-16,9:00-9:50,657.4695833333333
2025-10-16,10:00-10:50,286.04780000000073
2025-10-16,11:00-12:00,460.54676666666523
2025-10-16,12:50-13:00,1.1780499999999847
2025-10-16,13:50-14:00,10.781866666666701
2025-10-16,15:50-16:00,25.90034999999989
2025-10-16,16:50-17:00,7.735866666666652
2025-10-17,6:00-6:50,634.5799166666666
2025-10-17,7:00-7:50,815.3302537037036
2025-10-17,14:50-15:00,0.594216666666739
2025-10-17,16:50-17:00,4.719366666668293
2025-10-18,6:00-8:00,1520.0292769547323
2025-10-18,11:20-11:30,22.766766666666626
2025-10-18,13:50-14:00,3.6380666666666457
2025-10-18,14:50-15:00,9.07623333333322
2025-10-18,15:50-16:00,4.465166666666619
2025-10-18,16:50-17:00,0.30236666666667134
2025-10-19,6:00-11:40,4209.053467833332
2025-10-19,11:50-12:00,4.4947833333333165
2025-10-20,6:40-10:10,2125.076283333334
2025-10-21,6:00-6:50,495.4273000000003
2025-10-21,7:00-10:50,2985.250871604929
2025-10-21,11:00-12:00,125.84341666666705
2025-10-21,16:50-17:00,1.3077666666667938
2025-10-22,6:00-7:50,1442.4183833333338
2025-10-22,8:00-8:50,526.8933166666661
2025-10-22,9:00-9:50,734.2238499999999
2025-10-22,10:00-10:20,133.48921666666638
2025-10-22,11:00-11:10,9.016366666675367
2025-10-22,11:40-12:00,7.188866666666399
2025-10-22,12:20-13:00,107.8288
2025-10-23,8:10-9:40,1372.7021333333328
2025-10-24,6:00-6:40,463.04286666666644
2025-10-24,6:50-8:10,1023.3673166666665
2025-10-24,11:40-12:00,151.60948333333317
2025-10-25,6:00-7:50,1422.8439166666672
2025-10-25,11:30-11:40,44.92193333333353
2025-10-25,11:50-12:00,3.5611333333333732
2025-10-25,12:20-13:00,37.41498333333334
2025-10-25,13:50-14:00,5.167183333333469
2025-10-25,15:50-16:00,3.5855999999998858
2025-10-25,16:50-17:00,1.2836166666667168
2025-10-26,7:40-9:50,1556.408949999999
2025-10-26,12:20-12:30,11.733549999999923
2025-10-26,12:50-13:00,4.41121666666686
2025-10-27,6:00-8:50,2376.5755166666668
2025-10-27,9:00-9:40,337.74890000000016
2025-10-27,10:00-10:30,296.03046666666705
2025-10-27,12:50-13:00,0.6013500000001386
2025-10-28,6:00-12:00,4244.346100000001
2025-10-29,6:00-6:50,454.5491833333332
2025-10-29,7:00-7:50,768.6669999999999
2025-10-29,8:00-8:50,639.2466499999996
2025-10-29,9:00-9:40,426.8603999999996
2025-10-29,10:00-10:30,192.7668166666664
2025-10-29,12:50-13:00,3.7862333333334846
2025-10-30,6:00-6:10,3.641833333333352
2025-10-30,6:20-12:30,4804.814260666665
2025-10-30,16:50-17:00,1.0278999999999314
2025-10-31,6:00-8:20,1399.0635333333348
2025-10-31,11:00-11:30,43.796816666666246
2025-10-31,12:00-12:40,67.06418333333363
2025-10-31,13:50-14:00,5.543433333333269
2025-10-31,14:50-15:00,9.832899999999995
2025-10-31,15:50-16:00,11.748649999999998
2025-11-01,6:00-8:10,1329.741033333333
2025-11-01,12:50-13:00,3.5155666666667003
2025-11-01,13:50-14:00,6.254316666666796
2025-11-01,14:50-15:00,9.160183333333293
2025-11-02,6:00-10:50,3178.2239833333333
2025-11-03,7:20-10:50,2576.0288606666663
2025-11-04,6:00-6:50,377.41376666666645
2025-11-04,7:00-7:50,815.55835
2025-11-04,8:00-8:50,726.6682500000004
2025-11-04,9:00-9:30,240.76156666666668
2025-11-04,10:00-10:40,245.64615000000026
2025-11-04,11:00-12:00,729.0896166666671
2025-11-04,12:50-13:00,6.302216666666709
2025-11-04,13:50-14:00,27.979483333333178
2025-11-04,14:50-15:00,19.072450000000117
2025-11-04,15:50-16:00,11.204533333333302
2025-11-04,16:50-17:00,3.2915666666667676
2025-11-05,6:30-6:40,3.227683333333289
2025-11-05,7:10-10:10,2350.6309999999994
2025-11-05,13:50-14:00,4.975550000000112
2025-11-05,15:50-16:00,6.89994999999999
2025-11-05,16:50-17:00,2.885850000000005
2025-11-06,6:00-11:30,3257.8454666666657
2025-11-06,11:40-12:00,23.384549999999763
2025-11-07,6:00-6:20,116.41450000000009
2025-11-07,6:30-6:50,102.62594999999999
2025-11-07,7:00-7:50,741.2747999999999
2025-11-07,8:00-8:30,343.5072724279832
2025-11-07,12:00-12:10,7.345350000000053
2025-11-08,7:00-8:10,963.1135500000003
2025-11-08,11:30-12:00,118.74364999999989
2025-11-09,6:00-6:20,67.68898100000206
2025-11-09,6:40-6:50,45.53604999999993
2025-11-09,7:00-7:50,779.6134166666668
2025-11-09,8:00-8:50,764.0274999999999
2025-11-09,9:00-9:50,553.3183333333335
2025-11-09,10:00-10:20,108.52034999999978
2025-11-09,11:10-11:50,138.55968333333317
2025-11-09,12:50-13:00,1.5269499999999425
2025-11-09,14:50-15:00,0.7419333333332361
2025-11-09,15:50-16:00,13.662983333333273
2025-11-09,16:50-17:00,2.19489999999837
2025-11-10,6:00-8:50,1770.7197833333332
2025-11-10,9:00-9:50,600.2529666666665
2025-11-10,12:00-12:30,58.44893333333357
2025-11-10,12:40-12:50,25.430083333337734
2025-11-11,6:20-6:30,2.0516666666667334
2025-11-11,7:40-9:50,1446.3266833333341
2025-11-11,10:00-10:50,407.3143999997567
2025-11-12,6:00-6:50,255.45621666666636
2025-11-12,7:00-7:50,792.4775166666665
2025-11-12,8:00-8:50,660.5524999999997
2025-11-12,9:00-9:40,442.5586833333334
2025-11-12,10:00-10:40,243.04109999999991
2025-11-12,13:50-14:00,2.4567333333332044
2025-11-12,15:50-16:00,24.742583333333414
2025-11-12,16:50-17:00,3.9607000000014523
2025-11-13,6:00-8:50,1845.3076499999995
2025-11-13,9:00-9:40,367.6171833333335
2025-11-13,10:00-10:50,478.7021000000001
2025-11-13,11:10-12:00,71.93036666666626
2025-11-13,12:10-13:00,165.0590999999995
2025-11-13,13:40-14:00,51.290583333333416
2025-11-13,14:50-15:00,24.348883333333333
2025-11-13,15:50-16:00,22.749666666666712
2025-11-13,16:50-17:00,2.4372833333334256
2025-11-14,6:00-6:10,46.11495000000002
2025-11-14,6:20-8:20,1212.2578166666663
2025-11-14,11:20-12:00,496.99905000000103
2025-11-14,13:50-14:00,4.395483333333345
2025-11-14,14:50-15:00,6.796933333333413
2025-11-14,15:50-16:00,16.26218333333327
2025-11-14,16:50-17:00,1.1397333333350161
2025-11-15,7:00-8:30,930.0120333333332
2025-11-15,8:50-9:10,26.363316666666606
2025-11-15,10:20-11:10,240.4427847736539
2025-11-15,13:30-14:00,7.151649999999904
2025-11-15,14:50-15:00,1.0633833333333769
2025-11-16,6:00-6:50,186.18295000000012
2025-11-16,7:00-7:50,811.8682999999996
2025-11-16,8:00-8:50,573.5885666666665
2025-11-16,9:00-9:40,336.86388333333355
2025-11-16,10:00-10:40,270.2219500000002
2025-11-16,11:00-12:00,579.301083333333
2025-11-16,15:50-16:00,12.588716666666642
2025-11-16,16:50-17:00,2.4602333333332354
2025-11-17,6:00-8:50,1518.6484833333334
2025-11-17,9:00-9:50,809.1282333333339
2025-11-17,10:00-10:20,43.90045000000032
2025-11-17,11:00-11:20,51.7463166666671
2025-11-17,12:50-13:00,3.5014500000002045
2025-11-18,6:00-6:50,175.05359999999985
2025-11-18,7:00-10:50,2792.3904895061737
2025-11-18,11:10-12:00,465.1801333333344
2025-11-18,13:50-14:00,16.222066666666706
2025-11-18,15:50-16:00,7.459550000000036
2025-11-18,16:50-17:00,1.2842833333334056
2025-11-19,6:00-6:50,157.06386666666663
2025-11-19,7:00-7:50,685.9760666666667
2025-11-19,8:00-8:50,535.8418999999997
2025-11-19,9:00-9:40,404.1063666666669
2025-11-19,10:00-10:30,25.841466666666747
2025-11-19,15:50-16:00,0.44678333333331466
2025-11-19,16:50-17:00,0.11036666666666406
2025-11-20,6:00-11:00,2920.025183333333
2025-11-20,11:40-12:00,29.3447666666666
2025-11-20,12:50-13:00,7.6105666666667275
2025-11-20,13:50-14:00,19.211816666666664
2025-11-21,6:00-6:50,125.37341666666657
2025-11-21,7:00-7:50,776.6539666666665
2025-11-21,8:00-8:20,296.2294417695475
2025-11-21,9:10-9:50,375.0094333333316
2025-11-21,10:00-10:10,18.040333333333365
2025-11-21,12:00-12:10,61.20181666667304
2025-11-21,12:20-12:50,120.1665500000006
2025-11-21,15:50-16:00,7.911533333333296
2025-11-21,16:50-17:00,1.7621500000000196
2025-11-22,6:00-6:10,24.312883333333332
2025-11-22,6:40-7:00,21.260383333333266
2025-11-22,7:20-8:50,634.9088619897108
2025-11-22,9:00-9:10,14.270633333333308
2025-11-22,10:20-10:40,136.40829999999994
2025-11-22,12:00-12:10,0.23478333333332557
2025-11-22,12:40-13:00,45.94699999999966
2025-11-22,13:50-14:00,9.992900000000077
2025-11-22,14:50-15:00,8.863233333333369
2025-11-22,15:50-16:00,7.440999999999917
2025-11-22,16:50-17:00,0.16161666666664587
2025-11-23,6:00-6:50,97.21178333333319
2025-11-23,7:00-7:50,678.2346833333336
2025-11-23,8:00-8:50,639.2749166666663
2025-11-23,9:00-9:50,416.8331666666669
2025-11-23,10:00-11:50,957.457416666667
2025-11-23,12:00-12:50,131.31443333333368
2025-11-23,13:50-14:00,24.360950000000116
2025-11-23,14:50-15:00,15.284650000000056
2025-11-23,15:50-16:00,5.469833333333327
2025-11-23,16:50-17:00,0.1757833333333565
2025-11-24,6:00-6:50,101.58021666666639
2025-11-24,7:00-7:50,853.6220166666666
2025-11-24,8:00-12:00,2405.8758499999994
2025-11-24,12:30-13:00,52.60109999999963
2025-11-24,15:50-16:00,0.6478499999998348
2025-11-25,7:20-7:30,45.03031966666401
2025-11-25,7:40-7:50,32.3430166666667
2025-11-25,8:00-10:40,1590.0848666666648
2025-11-26,6:00-6:50,76.95771666666667
2025-11-26,7:00-7:50,750.1284333333329
2025-11-26,8:00-8:50,546.5513166666668
2025-11-26,9:00-9:40,265.26850000000024
2025-11-26,10:00-10:30,138.95334999999977
2025-11-26,13:50-14:00,3.058899999999994
2025-11-26,15:50-16:00,15.901499999999942
2025-11-26,16:50-17:00,1.8074499999984255
2025-11-27,6:00-6:50,75.09806666666668
2025-11-27,7:00-7:50,802.6081000000001
2025-11-27,8:00-8:50,737.8735
2025-11-27,9:00-9:40,276.33560000000057
2025-11-27,10:00-10:30,57.47891666666692
2025-11-27,11:00-11:20,66.55424999999991
2025-11-27,12:50-13:00,10.221000000000004
2025-11-27,13:50-14:00,14.080233333333581
2025-11-27,14:50-15:00,16.02209999999991
2025-11-27,15:50-16:00,2.834816666666711
2025-11-27,16:50-17:00,0.17211666666503334
2025-11-28,6:00-8:50,1458.8258166666667
2025-11-28,9:00-9:50,514.9088166666664
2025-11-28,10:00-10:40,355.04538333333335
2025-11-28,12:00-12:30,201.5531000000001
2025-11-28,12:40-13:00,14.020183333333307
2025-11-28,13:50-14:00,1.5279500000000326
2025-11-28,15:50-16:00,8.349150000000009
2025-11-29,8:30-9:00,92.70441666666659
2025-11-29,9:50-10:30,108.19493333333332
2025-11-29,12:40-12:50,3.3227333333334172
2025-11-29,16:50-17:00,0.0692666666666355
2025-11-30,6:00-6:50,49.18593333333308
2025-11-30,7:00-10:30,2298.675149999999
2025-11-30,12:00-12:10,3.3894833333333736
2025-11-30,12:30-12:50,50.48626666666655
2025-11-30,13:50-14:00,2.8112499999997453
2025-11-30,16:50-17:00,0.011816666666618403
2025-12-01,6:00-6:10,7.4053166666674315
2025-12-01,7:50-10:50,2443.634066666666
2025-12-01,13:50-14:00,9.819233333333159
2025-12-02,7:00-7:30,445.14994783332793
2025-12-02,7:40-7:50,38.28178333333335
2025-12-02,8:00-9:40,1216.4476833333333
2025-12-02,10:00-10:40,333.38873333333345
2025-12-02,15:50-16:00,1.484083333333274
2025-12-03,6:00-6:50,28.70166666666671
2025-12-03,7:00-7:50,712.4201499999998
2025-12-03,8:00-8:50,712.9024166666668
2025-12-03,9:00-9:50,666.9532333333331
2025-12-03,10:00-10:40,240.476216666666
2025-12-03,13:50-14:00,1.8479999999999563
2025-12-04,6:00-10:50,2848.1619499999997
2025-12-05,6:00-6:50,15.448583333333204
2025-12-05,7:00-7:50,654.53225
2025-12-05,8:00-8:50,700.2227333333333
2025-12-05,9:00-9:40,322.04721666666603
2025-12-05,10:00-10:40,158.0927499999998
2025-12-05,12:50-13:00,14.88076666666666
2025-12-05,13:50-14:00,9.55524999999227
2025-12-06,7:30-7:50,140.38206666666667
2025-12-06,8:00-8:50,546.0257333333333
2025-12-06,9:00-9:40,263.61228333333327
2025-12-06,10:00-10:20,103.5038166666667
2025-12-06,11:00-11:30,52.39663333333306
2025-12-06,12:50-13:00,10.322299999999927
2025-12-06,13:50-14:00,7.154800000000137
2025-12-06,14:50-15:00,5.595100000000002
2025-12-06,15:50-16:00,12.062549999999874
2025-12-06,16:50-17:00,0.10308333333330211
2025-12-07,7:40-8:30,545.9072173333378
2025-12-07,8:40-10:40,1091.900650000001
2025-12-07,12:50-13:00,2.1372166666669727
2025-12-07,13:50-14:00,8.648249999999962
2025-12-07,16:50-17:00,0.0032666666667182653
2025-12-08,6:00-8:50,1595.162433333332
2025-12-08,9:00-9:40,216.363933333334
2025-12-08,14:50-15:00,0.7964333333334253
2025-12-08,15:50-16:00,3.391149999999925
2025-12-08,16:50-17:00,0.027166666666744277
2025-12-09,6:10-6:20,0.7400833333333594
2025-12-09,6:40-7:00,0.7489166666666733
2025-12-09,7:40-8:50,667.9456999999999
2025-12-09,9:00-9:50,675.0969999999996
2025-12-09,10:00-10:30,190.66151666666656
2025-12-09,13:50-14:00,10.361866666666629
2025-12-09,14:50-15:00,12.697116666666716
2025-12-09,15:50-16:00,7.504083333333256
2025-12-09,16:50-17:00,0.01398333333327173
2025-12-10,6:00-6:30,0.92201666666665
2025-12-10,6:40-10:50,2565.5223333333342
2025-12-10,11:00-11:20,20.353966666666793
2025-12-10,12:50-13:00,0.5147666666669011
2025-12-10,13:50-14:00,0.14165000000002692
2025-12-11,7:10-7:30,221.8379096666714
2025-12-11,7:40-7:50,49.03263333333325
2025-12-11,8:00-8:50,619.4415666666663
2025-12-11,9:00-9:50,472.4950333333329
2025-12-11,10:00-10:40,313.1584499999999
2025-12-11,13:50-14:00,4.867166666666435
2025-12-11,15:50-16:00,17.04458333333332
2025-12-12,7:00-7:50,622.8712666666667
2025-12-12,8:00-8:50,699.128283333333
2025-12-12,9:00-9:40,172.96245000000044
2025-12-12,10:00-10:20,42.14443333333338
2025-12-13,7:20-9:50,1437.827033333333
2025-12-13,10:00-11:50,563.0220333333339
2025-12-13,14:50-15:00,2.915583333333416
2025-12-14,7:00-10:50,2443.882083333333
2025-12-14,11:00-11:30,66.38885000000005
2025-12-15,7:00-8:50,1426.085916666667
2025-12-15,9:00-10:40,737.4241666666662
2025-12-15,10:50-11:00,0.38501666666684287
2025-12-15,12:00-12:10,27.284933333333356
2025-12-15,13:40-14:00,3.642166666666526
2025-12-16,7:00-7:50,594.8643166666666
2025-12-16,8:00-8:50,533.4219333333328
2025-12-16,9:00-9:50,468.1654999999996
2025-12-16,10:00-10:20,196.25210000000015
2025-12-16,10:40-10:50,11.494699999999966
2025-12-16,11:00-12:00,167.37631666725338
2025-12-16,12:30-13:00,22.646333333333814
2025-12-16,13:50-14:00,17.916450000000168
2025-12-16,15:50-16:00,7.916783333333115
2025-12-17,8:00-9:50,1381.6610745000003
2025-12-17,10:00-10:20,137.37025000000017
2025-12-17,10:30-10:40,1.239866666666785
2025-12-17,12:50-13:00,15.8894333333335
2025-12-17,13:30-14:00,27.33148333333338
2025-12-17,14:50-15:00,17.116783333333387
2025-12-17,15:50-16:00,5.083316666666633
2025-12-18,7:00-7:50,666.1407000000002
2025-12-18,8:00-8:50,636.1032666666664
2025-12-18,9:00-9:50,316.2457333333334
2025-12-18,10:00-10:50,615.6836833333333
2025-12-18,11:00-11:30,156.50753333333319
2025-12-18,12:50-13:00,8.44984999999997
2025-12-18,13:50-14:00,10.73643333333348
2025-12-19,7:00-7:50,628.4105
2025-12-19,8:00-8:50,606.7765333333334
2025-12-19,9:00-9:50,736.4060333333327
2025-12-19,10:00-10:30,95.73758333333319
2025-12-19,12:00-13:00,175.7364666666665
2025-12-19,13:50-14:00,15.637933333333194
2025-12-19,14:50-15:00,25.708499999999958
2025-12-19,15:50-16:00,23.03125
2025-12-20,7:20-9:40,1457.049085999998
2025-12-20,10:00-12:00,474.99543333333384
2025-12-20,13:50-14:00,14.129616666666607
2025-12-20,14:50-15:00,1.7564500000000862
2025-12-20,15:50-16:00,4.900983333333329
2025-12-21,7:10-11:50,2465.5570353333387
2025-12-22,7:00-7:50,612.7609833333333
2025-12-22,8:00-8:50,673.7385166666671
2025-12-22,9:00-9:50,516.1317999999999
2025-12-22,10:00-10:40,252.64848333333316
2025-12-22,11:00-12:00,341.85643333333337
2025-12-22,12:30-13:00,14.959033333332854
2025-12-22,13:50-14:00,16.67531666666673
2025-12-23,7:40-10:40,1561.8902163333355
2025-12-23,12:10-12:30,12.966683333333322
2025-12-23,12:50-13:00,4.928300000000036
2025-12-23,13:50-14:00,4.347383333333255
2025-12-23,14:50-15:00,10.372766666666394
2025-12-24,7:00-8:50,1138.303633333333
2025-12-24,9:00-9:50,448.58671666666623
2025-12-24,10:00-11:20,468.3751166666668
2025-12-24,11:40-12:00,62.090799999999945
2025-12-24,12:50-13:00,6.922133333332795
2025-12-24,13:50-14:00,18.40800000000013
2025-12-24,14:50-15:00,24.756849999999986
2025-12-24,15:50-16:00,22.717966666666598
2025-12-25,7:00-12:20,3318.5144999999993
2025-12-26,7:00-7:50,686.6321666666663
2025-12-26,8:00-8:50,581.3225333333334
2025-12-26,9:00-9:50,547.2220833333337
2025-12-26,10:00-10:50,794.4442666666665
2025-12-26,11:20-12:00,71.30743333333317
2025-12-26,12:40-13:00,23.860566666666728
2025-12-26,13:40-14:00,32.04545000000007
2025-12-26,14:50-15:00,18.890350000000012
2025-12-26,15:50-16:00,7.447149999999965
2025-12-27,7:00-7:50,756.3505500000001
2025-12-27,8:00-8:50,650.5696833333333
2025-12-27,9:00-9:50,503.00626666666653
2025-12-27,10:00-12:00,1051.9983999999995
2025-12-28,7:00-11:10,2472.8104166666653
2025-12-28,11:20-12:00,83.73301666666634
2025-12-28,12:50-13:00,2.9373666666665486
2025-12-28,13:50-14:00,3.1422500000001037
2025-12-29,7:00-8:50,1621.8703999999998
2025-12-29,9:00-9:50,460.18881666666675
2025-12-29,10:00-10:20,50.73454999999967
2025-12-30,7:00-11:50,3162.643049999999
2025-12-30,15:50-16:00,18.563533333333226
2025-12-31,6:00-6:30,0.28236666666816745
2025-12-31,6:40-6:50,0.12141666666661877
2025-12-31,7:00-10:50,2261.1384833333336
2025-12-31,12:40-12:50,0.7725833333331593
