日期,小区负载电量_kWh,光伏实际电量_kWh,计划购电量_kWh,调整购电量_kWh,调整净变化_kWh,上调购电量_kWh,下调购电量_kWh,紧急购电量_kWh,充电量_kWh,放电量_kWh,实际弃光量_kWh,计划购电费_元,调整费用_元,紧急购电费_元,总费用_元,0:00储电量_kWh,24:00储电量_kWh
2025-02-01,76305.20628333333,41927.03035,38221.338517078184,39589.71497695473,1368.3764598765483,1368.3764598765463,0.0,2415.7098499999975,17724.87241934156,14357.146659666663,4259.5231339465045,20623.88166965426,894.0912559747243,10178.19541855832,31696.168344187303,6000.0,6000.0
2025-02-02,121705.97265,43349.69469999999,84399.82723045268,84832.55183436215,432.72460390947526,432.724603909469,0.0,2384.643797666664,24737.68981769548,20037.52875233333,4160.7566166666675,52473.59891582315,483.51685206056004,11794.176222024322,64751.29198990803,6000.0,6000.000000000004
2025-02-03,122603.769,42386.85249999999,88036.56763333332,88036.56763333332,0.0,4.888534022029489e-12,1.4779288903810084e-12,1999.4574666666674,24432.402325102878,19790.245883333337,5176.952158230464,55026.69350106,1.0055350685433949e-11,10082.41905466667,65109.11255572668,6000.0,5999.999999999995
2025-02-04,121578.09884999998,40383.2349,89295.94271666666,89295.94271666667,1.4551915228366852e-11,2.2737367544323206e-12,0.0,2051.9629166666627,25027.010576131685,20271.87856666667,5397.9096738683165,56045.49893456833,4.256844476913102e-12,9513.142858258314,65558.64179282665,6000.0,6000.0
2025-02-05,121991.08443333334,41242.65745,84644.98419864608,86263.39263464608,1618.408435999998,1618.4084359999954,1.0231815394945443e-12,2470.5850333333333,24606.348333744863,19931.14215033334,3310.344501234562,52740.988818328595,1522.3334585535952,11592.491801866665,65855.81407874885,6000.0,6000.000000000001
2025-02-06,122252.1627,41981.10548333333,90656.13744897119,90656.13744897119,0.0,0.0,7.958078640513122e-13,2209.200739833328,24347.86935411523,19721.77417683334,7968.185794855964,56810.75382177823,4.998071290174266e-13,10837.024446140644,67647.77826791887,6000.0,5999.999999999999
2025-02-07,76168.59693333332,44362.91726666666,39553.82654218107,39553.82654218107,0.0,0.0,0.0,1820.0941999999995,18336.42338765433,14852.502944000003,6084.320631860086,21144.12139582062,0.0,8382.887419524997,29527.008815345616,6000.0,6000.0
2025-02-08,75746.78751666666,44169.6248,35425.13346152263,35844.04606152263,418.9126000000033,418.9126000000009,0.0,2468.7527833333334,17157.24041152263,13897.364733333332,3475.7604499999984,18787.698275624687,477.4550999175013,11268.21587155833,30533.36924710052,6000.0,5999.999999999998
2025-02-09,121547.90356666666,41992.48759999999,85970.8027563786,86331.0117703786,360.20901399999275,360.2090140000052,0.0,1887.1524351666685,23475.0959063786,19014.827684166667,4202.480016666673,53829.00157651148,428.4967719208102,8954.786660137343,63212.28500856963,6000.0,5999.999999999996
2025-02-10,121477.56451666665,47150.92693333333,81685.42790679011,82933.37679362137,1247.948886831262,1247.94888683127,1.5916157281026244e-12,2381.5214353333313,23219.623310288058,18807.894881333334,6576.532216666663,50509.65643215722,1411.9500529007046,11497.675420617657,63419.28190567558,6000.0,6000.0
2025-02-11,121441.28161666667,46220.68448333333,82770.11567773044,82770.11567773044,0.0,0.0,3.637978807091713e-12,3162.9140047325163,24282.434955349803,19668.772313833335,6098.769907613161,51584.16103331916,2.2848325897939503e-12,14897.998605512268,66482.15963883142,6000.0,6000.000000000004
2025-02-12,121363.85288333334,46097.116749999994,82719.79079287447,82719.79079287447,0.0,0.0,1.5916157281026244e-12,2622.5352898333404,24328.013186008226,19705.69068066666,5453.26744403292,51594.483310790165,9.905420483846682e-13,13080.236967071536,64674.7202778617,6000.0,6000.000000000003
2025-02-13,121310.28371666666,49980.80469999999,77352.8109393004,78363.04904814812,1010.2381088477268,1010.2381088477333,1.5916157281026244e-12,2711.4570573724386,23349.10441502057,18912.77457616666,5308.697249999999,47298.60311036335,1191.566451165615,13656.971391902796,62147.140953431765,6000.0,6000.000000000005
2025-02-14,75872.63794999999,46070.83613333333,35053.60619650205,35782.129896502054,728.5237000000052,728.5236999999945,0.0,1799.809066666669,17105.395946502056,13855.370716666665,4530.111916666664,18580.440276988455,805.3946092049955,7541.374725833346,26927.209612026796,6000.0,6000.0
2025-02-15,76054.55225,46774.46115,35272.93437139918,36252.640371399175,979.7059999999983,979.7060000000018,0.0,2189.2783,16066.773621399178,13014.086633333334,6109.140583333334,19071.478976185514,689.0180757400011,8156.802568200002,27917.299620125516,6000.0,6000.0
2025-02-16,121276.97728333331,45899.59818333333,83983.55094279835,83983.55094279835,0.0,1.5916157281026244e-12,1.6484591469634324e-12,2519.7249953332966,23198.320396707808,18790.63952133333,6718.21596275717,52194.90746154703,4.0605328877063585e-12,12549.231194205579,64744.13865575261,6000.0,5999.999999999998
2025-02-17,120960.37281666666,49776.50964999999,83470.8265627572,83470.82656275728,8.731149137020111e-11,9.890754881780595e-11,0.0,1385.3380908333338,23379.46659567889,18937.367942499997,9230.202833745076,51249.08094626354,1.8635665810506906e-10,7227.844512842086,58476.92545910581,6000.0,5999.999999999893
2025-02-18,121331.27123333333,49239.883449999994,74806.81433583333,77041.69723312758,2234.882897294243,2234.8828972942456,0.0,2574.571066666667,23258.617016460907,18839.47978333333,3105.743283333335,45992.52930863216,2009.7924494429976,11157.900139241667,59160.22189731683,6000.0,5999.999999999996
2025-02-19,121866.79411666666,48987.466733333335,75753.29759418723,76849.42665658434,1096.1290623971145,1096.1290623971263,1.5916157281026244e-12,4012.1297743333384,23814.302706584367,19289.585192333332,3457.511533333331,46682.399973501015,1115.7387012848844,17839.45932501785,65637.59799980375,6000.0,6000.000000000004
2025-02-20,121105.25703333333,50112.12329999999,77965.56229933332,78177.512216,211.9499166666792,211.94991666666817,0.0,2321.315866666665,23108.108337242797,18717.567753166666,5115.1537652572015,47685.15891770666,260.99527346750284,11587.783901791658,59533.93809296582,6000.0,5999.999999999998
2025-02-21,75802.00203333332,50241.74,33663.921533744855,33872.546833744855,208.6252999999997,208.62530000000075,0.0,1364.2005942386786,16232.282427983537,13148.148766666665,6592.351733333329,17725.62564696613,242.97848171750078,5883.249352247715,23851.85348093135,6000.0,6000.0
2025-02-22,75682.24226666667,47837.47938333333,33820.62886831275,33976.83050166666,156.20163335391408,156.2016333539107,0.0,2021.2051499999964,16083.911499999998,13027.968314999998,5097.3295833333295,18058.29903873642,168.3337145663717,8765.841851549982,26992.474604852774,6000.0,5999.999999999996
2025-02-23,121142.14093333333,49610.287249999994,77510.8454184465,77939.69129211316,428.8458736666653,428.84587366666744,0.0,3271.515983333333,22330.958187860073,18088.076132166665,5436.471536419758,47315.92263918992,528.0086136416019,15632.002736549997,63475.93398938152,6000.0,6000.0
2025-02-24,120628.98854999998,52425.954933333334,73823.07381316871,74551.4046111111,728.3307979423844,728.3307979423752,4.547473508864641e-13,2474.1895833333338,22291.250164609042,18055.912633333337,4587.223046502059,45704.505830192196,484.6768691567207,11751.969188291667,57941.15188764058,6000.0,5999.999999999997
2025-02-25,121093.33288333332,55272.00965,76740.34084362138,76740.34084362138,0.0,1.1368683772161603e-12,0.0,1679.700499999999,22031.954740534977,17845.883339833337,8412.64670958642,47081.585025128596,2.1420305529318284e-12,8826.450571124995,55908.03559625359,6000.0,6000.0
2025-02-26,121060.73411666666,52245.88608333333,69840.53613312758,72643.1671040823,2802.6309709547204,2802.6309709547277,0.0,3754.6787333333336,23235.8304600823,18821.02267266667,3168.190016666671,42323.214225213924,2578.1705996166024,16840.61127370833,61741.99609853886,6000.0,5999.999999999998
2025-02-27,120599.48893333334,53642.90473333333,70695.47325925925,71651.64937016666,956.1761109074141,956.17611090741,5.684341886080801e-13,3493.5678333333367,23031.374316666668,18655.413196500005,3812.671883333339,43341.52303665647,959.5706471897332,16559.321876541682,60860.41556038789,6000.0,6000.000000000001
2025-02-28,75385.10795,52092.51439999999,32508.672199999997,32763.620099999996,254.9478999999992,254.94789999999992,0.0,1678.5870999999995,16153.761234567899,13084.5466,8080.399015432101,17345.789542391663,278.30534020249996,6931.235407508332,24555.330290102494,6000.0,6000.0
2025-03-01,72244.16014999998,48585.39421666667,32356.778452166665,33600.98920216667,1244.210750000002,1244.2107499999997,0.0,1735.9443,15999.999999999998,12960.0,8638.167568833338,17511.965149326883,901.1019897000001,6654.267843583335,25067.33498261022,6000.0,6000.000000000001
2025-03-02,117860.41708333333,45502.110016666666,77374.23705766667,78517.64417483333,1143.4071171666583,1143.40711716667,0.0,2271.7892666666667,24000.502911728392,19440.4073585,3871.0308216049393,47366.821241487065,1380.925876738755,10487.324238733332,59235.07135695915,6000.0,5999.999999999999
2025-03-03,117958.7456,45941.59896666666,79963.17138065843,80774.23545000001,811.0640693415771,811.0640693415685,0.0,2092.259200000001,24741.26022633745,20040.420783333335,6148.508573662555,49118.737125756845,969.0803848947277,10347.716345758336,60435.53385640991,6000.0,5999.999999999999
2025-03-04,118139.02498333334,48939.56705,70750.44928456789,72686.66319935184,1936.213914783948,1936.213914783947,0.0,3375.496933333334,22534.20543518518,18252.7064025,2581.203166666668,43060.38214933309,1746.4085131545633,14333.664720500003,59140.45538298766,6000.0,6000.0
2025-03-05,118073.44383333332,51942.971816666664,74326.74727696707,74332.99157696708,6.244300000005751,6.244300000000294,0.0,2073.5752456666687,22437.700452674893,18174.537366666667,6012.9317199588495,45162.06237272797,8.278692940000587,9758.492998675672,54928.83406434364,6000.0,6000.000000000001
2025-03-06,117673.59855,51732.944416666665,69316.12837037037,70016.36893436214,700.2405639917706,700.2405639917702,0.0,3429.924666,22805.537984362138,18472.48576733333,3172.587249999998,42375.35124209765,556.9316732401867,15528.065178514,58460.34809385183,6000.0,6000.000000000002
2025-03-07,71680.36145,50758.07591666667,31521.209254526744,31976.072454526737,454.8631999999925,454.86319999999273,0.0,1649.2441000000001,16000.0,12960.0,9663.031021193405,17107.876272460988,287.2923552749952,6709.326965983335,24104.49559371932,6000.0,5999.9999999999945
2025-03-08,72344.71158333334,53281.57206666666,30757.892549999997,31949.547989666666,1191.6554396666688,1191.6554396666654,6.252776074688882e-13,1509.0010499999999,16037.156699999998,12990.096927,11348.349750000001,16420.63431951333,859.0979026950984,6225.250790599999,23504.98301280843,6000.0,5999.999999999999
2025-03-09,117692.9865,54359.461449999995,73464.9813781111,75346.61434366666,1881.63296555556,1881.632965555552,2.4868995751603507e-14,2110.6613163333345,22648.763465020576,18345.49840666667,9820.48555164609,44648.23808924535,2152.245113610662,10131.931469366506,56932.41467222252,6000.0,5999.999999999998
2025-03-10,117943.06436666666,49900.99291666666,70684.44720563167,71965.08966687243,1280.6424612407573,1280.6424612407402,2.842170943040401e-14,3404.1321666666663,22654.901193415637,18350.46996666667,3022.719156790124,42543.11561869293,1241.2290068258449,15223.194063799998,59007.53868931877,6000.0,6000.0
2025-03-11,117499.55295,53560.63415,61363.84376748971,67570.4576,6206.6138325102875,6206.613832510294,4.547473508864641e-13,3597.5693166666665,22180.98333333333,17966.5965,3014.721283333337,38130.515527422234,4337.06988877288,16559.181168458334,59026.76658465345,6000.0,5999.9999999999945
2025-03-12,118112.23683333333,55676.70215,71617.0534329218,73785.61901790123,2168.5655849794275,2168.5655849794284,0.0,1832.7681166666669,22585.402325102878,18294.175883333333,8891.626009465028,43714.6803294338,2265.4081414804996,8592.632559450003,54572.7210303643,6000.0,5999.999999999999
2025-03-13,118237.27705,50691.65903333333,72088.1001845679,72834.97030370371,746.8701191358123,746.8701191358122,6.821210263296962e-13,2336.2120646666663,21625.28790370371,17516.483202000003,3516.7596499999995,43822.19808757475,686.9078053542686,11003.261293283666,55512.36718621268,6000.0,6000.000000000002
2025-03-14,72108.86895,56079.44296666667,29803.645445166665,30484.79344516666,681.1479999999938,681.1479999999965,0.0,1402.9954214999993,16000.000000000002,12960.0,12818.362883333328,15838.412646362418,650.2646839349966,5508.909390347665,21997.58672064508,6000.0,6000.000000000002
2025-03-15,72724.98178333332,51800.85663333333,30439.637749999994,30796.315772333328,356.6780223333335,356.67802233333384,0.0,1576.7272956666684,15929.152199999993,12902.613281999997,8422.379000000004,16196.802545386668,445.2809042068005,6643.409193032674,23285.492642626145,6000.0,6000.0
2025-03-16,117983.21598333333,54632.16905,68704.55932366254,69949.98766851852,1245.4283448559727,1245.4283448559713,0.0,3145.974533333334,21909.1286419753,17746.3942,5582.180826543213,42088.589808750185,935.845468449355,15016.408291600004,58040.843568799544,6000.0,6000.000000000002
2025-03-17,117693.6218,59835.490366666665,63589.03156172838,65803.31193600822,2214.2803742798424,2214.2803742798346,0.0,2519.4789166666674,21783.280569341558,17644.457261166663,6325.836111166662,38691.57068670746,2209.919872455804,11446.379311008333,52347.8698701716,6000.0,5999.999999999999
2025-03-18,117253.42358333332,56127.465216666664,72331.98503766666,72331.98503766666,0.0,3.296918293926865e-12,3.410605131648481e-13,1766.7718996666695,22386.908637037035,18133.395996,8719.28592962963,43806.44397844986,6.3697143559693356e-12,8337.132059469513,52143.57603791938,6000.0,5999.999999999998
2025-03-19,117281.55799999999,57816.08755,58696.642644855965,63271.174676366245,4574.53203151028,4574.532031510289,4.547473508864641e-13,4899.528399999997,21839.967244032923,17690.37346766667,4555.638850000006,36385.87316963302,3420.133147050863,21702.49013184166,61508.49644852554,6000.0,6000.0
2025-03-20,117648.38173333331,55439.41991666666,67445.61404686215,69340.33744266667,1894.7233958045254,1894.723395804526,3.296918293926865e-12,3073.341370833332,22405.60881049382,18148.5431365,5947.651322839509,41663.25466204186,1964.4463627186246,13490.573528931243,57118.27455369173,6000.0,6000.000000000004
2025-03-21,72593.53221666666,60560.06769999999,29545.726061666668,29923.2768,377.55073833333154,377.5507383333339,0.0,1224.5565333333332,16000.0,12960.0,16074.368816666665,15652.019998656333,346.37138263325016,5191.404549399999,21189.795930689583,6000.0,5999.999999999999
2025-03-22,71936.92953333333,56055.7298,29891.111149999997,31513.3179,1622.2067500000012,1622.2067500000007,0.0,1336.7000166666671,15999.999999999998,12960.0,13928.818183333335,15892.12049225,1428.4569339850007,5186.628031425001,22507.205457660002,6000.0,5999.999999999999
2025-03-23,117739.97726666665,58970.257150000005,69613.16473401646,69613.16473401646,0.0,0.0,0.0,1701.1866213333315,21934.978971604934,17767.332967,8376.98523407819,42277.525020154746,0.0,8040.414615412657,50317.9396355674,6000.0,6000.000000000002
2025-03-24,117425.17061666667,59426.67353333333,64873.0866329218,65710.06073168723,836.9740987654368,836.9740987654392,9.094947017729282e-13,2419.779316666625,22204.248443415636,17985.44123916667,5912.535760771567,39207.63636771921,918.724697215381,11247.237866083216,51373.59893101781,6000.0,5999.999999999996
2025-03-25,118053.16781666665,57103.043099999995,73064.99094053498,74581.35370658434,1516.3627660493657,1516.3627660493876,0.0,1623.2582833333327,22240.029732510287,18014.42408333333,11028.881624074076,44245.365602937425,1665.638911407354,7812.429628916662,53723.43414326144,6000.0,5999.999999999996
2025-03-26,117704.62779999999,62112.07293333333,62064.5648510288,62064.5648510288,0.0,3.410605131648481e-13,0.0,3121.8445999999976,20677.280727983532,16748.59738966667,5665.171246045273,38471.134354126625,6.426091658795485e-13,14564.845257866655,53035.97961199328,6000.0,6000.0
2025-03-27,117952.59836666666,59235.60896666667,66325.18131831275,66325.18131831275,0.0,2.2737367544323206e-12,0.0,3529.525583333333,21893.004053292178,17733.33328316667,6978.046731520579,40196.225130810795,4.256844476913102e-12,15475.405306891666,55671.630437702464,6000.0,6000.0
2025-03-28,71891.76726666666,61069.8865,29477.226916666667,29477.226916666667,0.0,0.0,0.0,1008.0576166666674,15996.219423868304,12956.93773333333,16624.122076131694,15500.042267888333,0.0,3910.3953323166697,19410.437600205005,6000.0,5999.9999999999945
2025-03-29,72118.27746666667,64411.06828333333,28748.428566666662,29010.93146666666,262.5028999999995,262.50290000000297,0.0,1015.9209499999995,15999.999999999998,12960.0,19279.64323333333,15023.810160919998,348.5517250600044,4099.175943274998,19471.537829255,6000.0,6000.000000000004
2025-03-30,117994.70585,62649.086149999996,65379.30489238682,65379.30489238682,0.0,3.410605131648481e-13,0.0,1736.377133333338,21773.699588477368,17636.696666666663,7633.059403909462,39413.68794907999,6.426091658795485e-13,7790.405959841675,47204.09390892167,6000.0,6000.000000000003
2025-03-31,117075.66561666667,60124.27613333333,55252.92561563786,59590.76366816872,4337.83805253086,4337.838052530866,7.958078640513122e-13,3793.039000000001,18433.517113168724,14931.148861666665,2930.0449333333345,34662.24507696623,3006.112355445224,17364.9187554,55033.276187811454,6000.0,6000.0
2025-04-01,117967.1463,57758.29478333333,69315.52392489712,69764.65150411522,449.1275792180968,449.1275792180995,2.9558577807620168e-12,1456.979967166672,21112.196954115214,17100.87953283333,7001.4625333333315,41250.41726944636,467.49764232842045,6419.4140114730235,48137.328923247806,6000.0,6000.000000000003
2025-04-02,117986.62945,57551.29404999999,65847.65107860081,66119.93946728396,272.2883886831405,272.2883886831296,2.1600499167107046e-12,2394.263432666666,20955.760350617285,16974.165884,4097.273033333328,39353.23322477691,274.30037132879954,10903.750588860667,50531.284184966375,6000.0,6000.000000000003
2025-04-03,117884.45609999998,62020.92583333333,66839.3950265432,66839.3950265432,0.0,5.229594535194337e-12,0.0,2031.8855928333364,20365.273630246906,16495.871640499994,9138.348362962975,40674.99611772249,9.853340543486411e-12,9224.691809489683,49899.68792721218,6000.0,5999.999999999996
2025-04-04,71735.75181666667,65304.949566666655,27862.5575,27926.07630666667,63.51880666667057,63.51880666666713,0.0,1239.2178833333348,16013.582666666669,12971.001959999998,19691.911233333332,14479.135829651666,83.14227710550065,4877.36464631667,19439.642753073837,6000.0,6000.000000000002
2025-04-05,72602.74256666665,60558.62758333332,27988.533499999998,28133.457383999994,144.92388399999618,144.9238840000002,0.0,1483.126683333333,16020.793600000003,12976.842816,14528.518299999996,14592.461861604997,182.09283909990035,5855.330308025,20629.885008729896,6000.0,6000.0
2025-04-06,117205.43058333333,62795.354316666664,62113.443023868305,63954.67221831275,1841.2291944444441,1841.229194444441,1.8189894035458565e-12,1853.1083825102855,22064.385267489703,17872.152066666662,7205.471133333329,37399.23214400166,1999.6963628699045,7804.532239693093,47203.460746564655,6000.0,5999.999999999998
2025-04-07,117015.14203333334,63772.422750000005,54277.75763230452,56128.56031661317,1850.8026843086482,1850.8026843086466,0.0,4244.215166666666,17895.371490946505,14495.250907666668,3729.9356166666676,33244.5131288258,1863.1396944777928,19459.900746258332,54567.553569561926,6000.0,5999.999999999998
2025-04-08,117713.29026666666,63360.09664999999,63903.60654032921,64010.110640329214,106.50410000000556,106.50410000000306,0.0,1736.3588570000177,21221.058612757202,17189.057476333335,7361.274744238704,38927.953007064745,141.67169033000565,7744.9927777304065,46814.61747512515,6000.0,5999.999999999999
2025-04-09,117677.52253333332,58543.21151666666,62263.47112304526,63526.47609773662,1263.0049746913573,1263.004974691357,1.0231815394945443e-12,3439.173450000001,19994.25384773662,16195.345616666666,4032.4302999999964,37988.523614533435,952.1616617052774,14925.57155336667,53866.25682960538,6000.0,6000.000000000002
2025-04-10,117668.70068333333,63208.06278333333,60325.66939794239,60784.97408127572,459.30468333333556,459.3046833333341,0.0,3195.8307333333332,18843.389999999996,15263.145900000001,5939.922814609057,37424.63291967889,305.34575348000146,14080.676979083331,51810.65565224222,6000.0,6000.0
2025-04-11,72091.99675,66775.34658333333,26995.24498333333,27257.312883333332,262.0679000000018,262.06789999999864,0.0,1415.1700999999998,15999.999999999998,12960.0,20315.832816666665,13873.682679903333,336.357749459998,5497.063596183332,19707.104025546665,6000.0,6000.0
2025-04-12,71957.17576666665,62932.01521666667,27316.930623,27454.21995,137.2893269999986,137.289327000002,0.0,1530.284216666667,15999.999999999996,12959.999999999996,16919.343616666665,14323.398007981235,89.38025903455379,5362.479992916668,19775.258259932456,6000.0,6000.0
2025-04-13,117283.06219999999,63006.703716666656,57223.67994032921,58359.99273332921,1136.3127929999973,1136.312792999996,1.3642420526593924e-12,3140.3515499999985,19199.368473662536,15551.488463666657,3576.1057899999932,35028.49187919422,775.7547865427637,13566.857392866661,49371.10405860364,6000.0,6000.0
2025-04-14,117901.37268333332,65373.34088333332,61901.19031358026,62692.0548606996,790.8645471193449,790.8645471193449,0.0,2105.1198333333323,21365.594897119343,17306.131866666667,8209.679863580257,37801.7528117125,720.9303705216123,8568.65766665833,47091.34084889244,6000.0,6000.000000000002
2025-04-15,117056.90516666666,66917.47633333332,51705.757052469125,53697.844174485595,1992.08712201647,1992.0871220164595,1.5916157281026244e-12,3601.519516666669,17069.390041152263,13826.20593333333,3916.7507499999983,32223.153639071475,1732.5199399290445,16122.390357991677,50078.0639369922,6000.0,6000.000000000001
2025-04-16,117924.88506666665,62145.29311666667,59231.42619666667,60478.019716831295,1246.593520164628,1246.5935201646328,1.0231815394945443e-12,3819.267550000001,17486.093386831246,14163.735643333333,5195.337573333386,35569.567845905665,1462.109834015507,16511.56259211667,53543.240272037845,6000.0,5999.9999999999745
2025-04-17,117487.04263333333,64618.700283333324,52434.10586646091,55983.29728127572,3549.1914148148135,3549.191414814818,3.296918293926865e-12,3431.124833333335,17142.76183127572,13885.637083333331,3288.9550166666695,33197.748905822475,2796.2047757647333,14839.754267783348,50833.70794937055,6000.0,5999.999999999996
2025-04-18,71490.16935,65136.05216666666,26199.902516666665,26327.387644,127.48512733333337,127.48512733332961,0.0,1694.7071666666666,16008.815933333331,12967.140906,18626.3026,13356.378805208336,162.33819768079496,6500.731666841665,20019.448669730795,6000.0,5999.999999999997
2025-04-19,71905.41535,65120.736099999995,25948.146977833334,26477.26471666667,529.1177388333344,529.1177388333343,0.0,1209.6878999999985,15999.999999999993,12959.999999999998,17862.273366666668,12994.018136968683,718.2848588669765,4297.17415421666,18009.47715005232,6000.0,6000.0
2025-04-20,117197.81635000001,65240.07146666667,53709.50992037037,55284.33836934156,1574.8284489711878,1574.8284489711973,1.0231815394945443e-12,3864.564233333331,17891.013786008232,14491.72116666667,3791.865100000001,33014.67341527611,1320.3578447054351,16822.785875774993,51157.817135756544,6000.0,6000.000000000001
2025-04-21,118481.63788333331,69964.7275,58592.04100370371,58592.04100370371,0.0,3.410605131648481e-13,0.0,3373.484864833332,16283.157574279832,13189.357635166667,10354.815546090538,35628.39247682555,6.426091658795485e-13,14198.407083804323,49826.79956062988,6000.0,6000.000000000001
2025-04-22,117811.00101666666,65658.0717,52398.30085884774,55346.61952345679,2948.3186646090544,2948.3186646090608,1.2505552149377763e-12,3882.617800000001,17240.25845679013,13964.609349999999,3800.6589000000004,32156.255505961046,2639.075842935747,16529.870496050004,51325.201844946794,6000.0,5999.999999999998
2025-04-23,118030.51476666666,66630.59805,50325.45328662552,55065.98759609053,4740.534309465009,4740.534309465016,5.684341886080801e-13,3060.8448333333336,16668.723312757204,13501.665883333335,3559.858283333331,31264.10067813072,3840.351800385365,12641.40675524167,47745.85923375776,6000.0,6000.0
2025-04-24,117497.77966666667,70407.67296666667,51467.500667283944,53930.84646728395,2463.345800000003,2463.3458000000037,4.547473508864641e-13,3848.607250000001,17271.347700617283,13989.7916375,7407.790954166672,32078.733504657037,2217.6644865150065,14638.46372416667,48934.86171533872,6000.0,6000.0
2025-04-25,71763.3212,69762.96354999999,26033.2590375,26069.19922933333,35.94019183333148,35.94019183333277,0.0,1497.3091666666664,16022.251753909472,12978.023920666667,22521.922912757196,13558.665851009582,44.9288338108493,5418.114844916665,19021.709529737098,6000.0,6000.0
2025-04-26,72100.92436666667,72030.73073333333,25851.196516666663,25954.299732666666,103.10321600000316,103.10321600000364,0.0,1421.374696296297,16104.051029629627,13044.281333999998,24245.711100000004,13261.76455985333,136.12287113360503,5070.2368050898185,18468.124236076754,6000.0,5999.999999999998
2025-04-27,117032.52253333334,68459.05135,49749.519724666665,53438.974051004116,3689.4543263374508,3689.4543263374526,0.0,2964.980333333333,16317.610093004118,13217.264175333334,4730.137283333335,31208.245545466198,3603.3187212128123,12439.939173249999,47251.50343992901,6000.0,6000.000000000001
2025-04-28,117537.3008,60915.33348333332,60245.63419074074,62480.93709650205,2235.3029057613094,2235.3029057613185,0.0,3100.2402166666666,17854.94306584362,14462.503883333335,5566.770813991772,36209.89659109765,1728.1948898651867,13184.945701233331,51123.03718219617,6000.0,6000.000000000002
2025-04-29,117252.75871666666,69819.545,50058.75818518519,51838.106087654305,1779.3479024691187,1779.347902469127,0.0,2914.776700000001,16125.364287654316,13061.545072999998,4255.8498563333305,31315.562689863502,1863.4508873856416,12278.63598111667,45457.64955836581,6000.0,6000.000000000003
2025-04-30,117682.88071666665,69426.02628333334,48858.336248,49549.493877999994,691.1576299999942,691.1576300000007,0.0,5273.7608999999975,16071.20453333333,13017.675671999996,3512.8714833333306,30965.802565674796,869.2455602390014,21789.82614639165,53624.874272305446,6000.0,6000.000000000002
2025-05-01,120364.58391666666,69353.20511666666,53363.14284218107,56590.97365958847,3227.8308174073973,3227.8308174074014,0.0,3046.8233999999993,16342.65974074074,13237.554390000001,5521.3129088477335,34658.67096388784,3122.990422281555,11387.75580770833,49169.41719387772,6000.0,6000.0
2025-05-02,74761.02673333333,60470.70664999999,29744.007483333327,29744.007483333327,0.0,1.2505552149377763e-12,0.0,1157.9019999999991,15973.621728395063,12938.633600000001,13576.601271604934,16444.61804645333,2.293393208674388e-12,4100.621756799997,20545.23980325333,6000.0,6000.000000000002
2025-05-03,74894.84928333333,66027.67763333333,28834.64448333333,28868.865183333328,34.22069999999803,34.220700000000534,0.0,1142.6625016666676,15931.20483333333,12904.275914999997,18117.427116666666,15795.333878279998,48.57825235750074,3952.4570389150044,19796.3691695525,6000.0,5999.999999999998
2025-05-04,120670.08423333333,68935.4169,57486.610685390944,57486.610685390944,0.0,1.7053025658242404e-12,0.0,4946.587866666669,17842.01795041153,14452.03453983334,7308.547808146087,36362.83789012006,3.213045829397743e-12,19585.68753176667,55948.525421886734,6000.0,6000.0
2025-05-05,120612.16386666667,65536.15706666667,58772.317745473236,58772.317745473236,0.0,0.0,3.296918293926865e-12,3689.5982201666584,18390.236250823047,14896.091363166674,3891.7642779835305,37253.26206601162,2.0706295345007677e-12,16120.696876276714,53373.95894228834,6000.0,6000.000000000004
2025-05-06,121017.19009999999,68147.10773333334,52273.94406666666,55149.17717718518,2875.233110518515,2875.2331105185185,0.0,4533.8097166666685,16285.14198518519,13190.965008000005,3718.727550000001,33562.44476116833,2989.8395245069046,20017.163682591672,56569.447968266904,6000.0,6000.0
2025-05-07,121160.21501666667,66092.36906666667,55119.943108847736,58641.5206553498,3521.5775465020633,3521.577546502057,0.0,3632.988083333333,16991.857572016455,13763.404633333334,3978.2098500000043,35672.01882413,2937.1620833162087,15312.131294333334,53921.31220177954,6000.0,5999.999999999996
2025-05-08,120445.47738333332,64618.964983333324,59647.236793415635,61398.614174279835,1751.3773808642,1751.377380864199,0.0,2713.457833333333,19244.71107427984,15588.215970166664,4629.064503499998,36771.69358195178,1521.9588097661126,11474.370797666666,49768.02318938456,6000.0,6000.0
2025-05-09,74253.82544999999,65754.4396,27534.764183333333,28161.23658333333,626.4723999999987,626.4723999999974,0.0,1399.8413166666662,16000.0,12960.0,18021.692049999998,14848.579843516669,874.3930747199952,4964.095102799998,20687.068021036663,6000.0,6000.000000000001
2025-05-10,74647.98705,62526.941766666656,27881.6722125,28398.1041825,516.4319699999978,516.4319700000018,0.0,1301.5530000000008,16013.040083333333,12970.562467499996,14536.134283333333,15016.655803875417,682.9337149888775,4433.54168386667,20133.131202730965,6000.0,6000.0
2025-05-11,120743.09041666667,65259.01133333333,57725.32496851852,58522.91488518519,797.5899166666713,797.58991666667,0.0,4329.663216666665,16307.964423868309,13209.45118333333,4269.985777983549,36006.152112893455,1051.6721038700039,18209.829956099988,55267.65417286345,6000.0,6000.000000000002
2025-05-12,120448.60361666666,68517.40838333333,50022.48526666667,55726.16648725926,5703.681220592589,5703.681220592591,0.0,3412.104050000002,16498.258792592595,13363.589622,4072.406133333334,32233.20056791833,4697.448718836964,13808.855309016679,50739.50459577197,6000.0,6000.000000000002
2025-05-13,120269.6316,67140.41883333333,59342.747999794236,60660.14145082304,1317.3934510288018,1317.3934510288013,2.2737367544323206e-13,3341.213366666668,20732.258534156375,16793.12941266667,6933.012929333334,36306.320898890735,1484.4696570160152,14453.091366641673,52243.881922548426,6000.0,6000.000000000004
2025-05-14,120592.00526666666,67577.85648333334,56853.58923580247,58676.31716111111,1822.727925308638,1822.727925308643,0.0,2993.0559833333327,15909.116316872423,12886.384216666667,5632.492260905357,36094.00110976933,1252.449870218336,12678.42015200833,50024.87113199599,6000.0,6000.0
2025-05-15,119598.30981666666,66833.25153333333,54603.68201399176,56324.647285802464,1720.9652718107027,1720.9652718107027,0.0,4050.590733333333,16314.619876543216,13214.842100000002,4510.401959259255,35353.722413329335,1238.125359229635,17680.21167843333,54272.059450992296,6000.0,6000.0
2025-05-16,74681.34474999999,71965.83821666666,27775.1501,27775.150100000006,7.275957614183426e-12,8.185452315956354e-12,0.0,1250.2044078189294,15987.414711934147,12949.805916666655,23272.239179218115,15135.6357699,1.5011301002232357e-11,4087.607683725307,19223.24345362532,6000.0,5999.999999999998
2025-05-17,75274.53043333333,64825.73134999999,28112.20871666666,28210.58484423868,98.37612757202078,98.3761275720218,0.0,1327.4558833333313,16000.000000000005,12960.000000000002,16049.241644238678,15329.08569541,79.19290170055869,4362.938389191656,19771.216986302214,6000.0,6000.000000000002
2025-05-18,120687.037,67010.8689,60831.84254032921,60895.63854032921,63.79599999999482,63.79599999999982,2.6147972675971687e-12,2266.627716666666,18895.086310699582,15305.019911666663,5896.031757962959,37108.396964718886,98.69400690000137,9685.222107149995,46892.313078768886,6000.0,6000.000000000004
2025-05-19,120072.38798333332,72557.17143333334,53166.88165864197,53882.275928641975,715.3942700000043,715.3942700000009,0.0,3239.439833333334,16529.491291975315,13388.887946500003,6465.895866499999,33553.974062133515,821.8448096520015,13497.000572408333,47872.81944419385,6000.0,6000.000000000002
2025-05-20,120437.57771666667,65910.18289999999,53180.63677448559,57438.206976337446,4257.570201851857,4257.570201851856,0.0,3408.337199999999,16001.371893004114,12961.111233333331,3278.8886999999986,33787.8997906708,3184.9048846180604,14172.465525783331,51145.27020107219,6000.0,6000.000000000001
2025-05-21,120283.05128333332,68920.43599999999,50132.75421666666,55511.17362942385,5378.41941275719,5378.419412757199,0.0,2888.1567833333324,17367.914979423862,14068.011133333333,3736.811283333335,32470.650729484994,4850.701519867191,11062.642736849997,48383.99498620219,6000.0,5999.999999999998
2025-05-22,119729.68001666665,68913.0492,52569.15881666666,53548.862569753095,979.7037530864327,979.7037530864266,0.0,3819.40485,15734.569753086424,12745.001500000002,3562.0683500000036,33679.34974437333,627.6205978237114,15129.335202333334,49436.305544530376,6000.0,5999.999999999998
2025-05-23,74983.38438333332,68562.43549999999,26827.518406999996,28867.443844499994,2039.9254374999982,2039.9254374999964,0.0,1208.4124983333336,16055.708383333334,13005.1237905,20604.322866666662,14308.069376026364,1932.7009023968737,4066.3134543766673,20307.083732799903,6000.0,5999.999999999996
2025-05-24,74693.81781666665,70939.31643333333,27542.757805999994,27542.757806,7.275957614183426e-12,2.2737367544323206e-13,0.0,1160.4892166666677,15951.91300411523,12921.049533333331,21917.882168551438,14896.212525117799,4.1698058339534324e-13,3798.2616392166688,18694.474164334468,6000.0,6000.000000000002
2025-05-25,120319.8776,71774.86741666666,53811.81399465021,54493.66319465021,681.8491999999969,681.8492000000006,1.5916157281026244e-12,3033.8418323045153,15544.525843621397,12591.065933333331,6029.034933333327,33832.22675982741,797.6616601975022,12018.186846868795,46648.07526689371,6000.0,6000.000000000002
2025-05-26,119407.96936666666,64828.13641666666,50781.680116166666,58532.10996369753,7750.429847530861,7750.429847530857,0.0,3296.53745,16701.365247530855,13528.105850499996,4075.5550666666663,32821.470160050565,6467.9283424093765,11834.439045816664,51123.8375482766,6000.0,6000.000000000002
2025-05-27,120046.82734999999,70656.46005,49639.91035,53425.26310816666,3785.352758166664,3785.352758166665,0.0,4037.940583333334,16041.954516666661,12993.9831585,5024.865033333334,32128.43226151166,2885.841744048951,17263.488606608335,52277.762612168946,6000.0,6000.0
2025-05-28,119921.84721666666,67648.02311666666,55991.97219485596,56911.80391363785,919.8317187818902,919.8317187818911,5.684341886080801e-13,3037.561033333334,17018.00261563786,13784.582118666669,4442.120349999997,34699.63402232247,1028.9976647940975,10863.43174264167,46592.06342975824,6000.0,6000.000000000002
2025-05-29,120439.31426666665,66329.19076666667,55561.944492181065,58850.39247536624,3288.4479831851786,3288.447983185184,1.5916157281026244e-12,2941.7767000000003,17483.752677366254,14161.839668666664,4360.132666666664,35027.8061073322,2319.330339827863,11504.185893975,48851.32234113507,6000.0,6000.0
2025-05-30,74612.22448333332,68015.99121666666,26833.58398333333,27064.558783333334,230.9748000000036,230.97480000000405,0.0,1427.019763580247,16109.29524691358,13048.529149999998,18834.579183333335,14390.978354576662,308.3810532600072,4963.609806459568,19662.969214296238,6000.0,6000.000000000004
2025-05-31,74778.33258333334,66389.15103333333,28935.77141666667,28935.771416666663,-7.275957614183426e-12,0.0,1.5916157281026244e-12,947.2207500000025,15979.719362139918,12943.572683333332,18457.66393786008,15721.821683371669,9.729546945891342e-13,3005.4982794750044,18727.319962846675,6000.0,6000.000000000005
2025-06-01,128248.56003333331,57023.73373333333,79091.90448415637,79091.90448415637,0.0,0.0,4.547473508864641e-13,2159.1379333333343,21163.384475514413,17142.34142516667,6005.173067141966,49645.6376701867,2.856040737242438e-13,8152.914049291668,57798.55171947837,6000.0,6000.000000000004
2025-06-02,128080.53698333334,59439.72953333333,80682.46415946502,80693.58285946501,11.118699999991804,11.11869999999999,1.4779288903810084e-12,2223.0069166666663,23188.264135802467,18782.493949999996,9870.012140329214,50708.18156477845,17.200906867500926,9855.78073050833,60581.16320215429,6000.0,6000.000000000002
2025-06-03,128076.84056666667,59884.473733333325,74157.96425555555,75136.13490720163,978.1706516460836,978.1706516460891,0.0,1950.933116666667,21970.53442386831,17796.132883333332,4720.299649999999,46305.75601110368,870.0149925954615,7898.522890941667,55074.29389464081,6000.0,6000.0
2025-06-04,128539.84358333334,58894.58276666666,85182.42934917693,88212.23381283334,3029.804463656401,3029.804463656392,1.3642420526593924e-12,1451.3957333333344,22264.06193888888,18033.890170499995,15788.196961111122,53061.699301178516,3694.9990141998915,6096.420282041669,62853.11859742008,6000.0,5999.999999999998
2025-06-05,128455.92066666666,57306.60264999999,73994.61224053496,76268.25579588478,2273.643555349816,2273.6435553497945,0.0,2530.6063166666663,21561.313662551438,17464.664066666664,3552.8945,45940.4498936088,2523.3360740436733,10424.843655458333,58888.629623110806,6000.0,6000.0
2025-06-06,82747.41500000001,51892.419599999994,36977.75285,37471.85695,494.1041000000041,494.1041000000056,0.0,2496.964333333334,16000.000000000007,12960.0,6073.825883333334,22247.651657588332,317.4864052500053,8582.809079716668,31147.947142555007,6000.0,5999.999999999998
2025-06-07,83156.75975,52030.246583333326,38886.57917674897,41111.25973847736,2224.68056172839,2224.6805617283953,1.5916157281026244e-12,1036.5217382716057,16220.744260082307,13138.802850666667,7939.326900666666,22398.390941596896,1881.23121998389,3332.9090581361156,27612.5312197169,6000.0,6000.000000000002
2025-06-08,128266.94665,63082.023383333326,70803.31296769547,73149.39956719341,2346.0865994979395,2346.0865994979386,0.0,2304.420921166668,21086.98958786008,17080.46156616667,6262.369200000001,44413.465537797405,2394.007964631659,8893.846236803673,55701.319739232735,6000.0,6000.0
2025-06-09,128169.18798333332,57236.47525,80124.81107339711,80425.81554808847,301.0044746913627,301.0044746913651,3.410605131648481e-13,1894.2434848333319,23295.751172839504,18869.55845,6961.153576748975,50602.17979097673,256.5461137794567,8482.700517653995,59341.42642241018,6000.0,5999.999999999992
2025-06-10,127414.49178333333,55796.047549999996,73090.75557263373,75349.48316069957,2258.7275880658417,2258.727588065841,9.094947017729282e-13,3417.4013920000034,20572.330277366247,16663.587524666662,3239.697566666666,46005.76367548255,2223.791934834351,13806.593340511346,62036.14895082825,6000.0,6000.000000000002
2025-06-11,128236.67731666667,52152.23099999999,79541.80516666666,82248.71286337037,2706.907696703711,2706.9076967036976,1.5916157281026244e-12,2450.3471333333327,23726.090070370366,19218.132957,4106.656566666667,50590.62464644229,2452.3443048734343,10404.300408349996,63447.26935966572,6000.0,6000.000000000002
2025-06-12,127721.81298333334,55269.42154999999,77149.3650936214,77180.16645912139,30.80136549999588,30.801365499996948,0.0,2722.7666333333345,21370.036133127567,17309.729267833332,3390.234793827163,48698.37537439971,26.304426401142052,11825.645875900007,60550.32567670086,6000.0,5999.999999999998
2025-06-13,81889.59039999999,53544.276699999995,34800.564783333335,36978.01948333334,2177.454700000002,2177.4547000000075,0.0,1628.542666666665,15999.999999999998,12959.999999999993,7221.248450000005,20658.879093465,1821.9273935425122,5257.457812133329,27738.26429914084,6000.0,6000.0
2025-06-14,82253.15711666667,56059.81436666666,35219.80121666667,35370.835910333335,151.03469366666832,151.03469366666775,0.0,2015.1300166666656,15999.582065432096,12959.661472999998,8152.702584567902,20912.845550023336,189.06378325410225,6433.31513433333,27535.22446761077,6000.0,6000.000000000004
2025-06-15,127368.88451666664,56741.91018333333,70740.30508847735,75820.00575226336,5079.700663786003,5079.700663786007,0.0,2719.167466666666,21975.586234567898,17800.22485,3736.8375010288064,45052.770540350946,3628.76330716685,11028.713572041663,59710.24741955946,6000.0,6000.0
2025-06-16,127618.63201666667,54924.57919999999,74371.55470596708,77449.9507925926,3078.396086625522,3078.396086625521,0.0,2956.8446833333333,21634.161851851848,17523.6711,3602.2519074074116,47082.57300441073,2202.203641709266,12304.754759833331,61589.531405953334,6000.0,5999.999999999997
2025-06-17,127311.75459999999,52674.743383333334,75623.37222901234,79015.45337802262,3392.0811490102788,3392.081149010286,0.0,3168.401316666667,20763.00609074074,16818.0349335,3601.872320781895,48104.94278391777,2524.529653500007,13450.057389983333,64079.529827401115,6000.0,6000.0
2025-06-18,126909.07891666667,55980.68801666667,75670.52144609053,78496.07786367489,2825.556417584361,2825.556417584363,0.0,2561.9994166666756,20419.852208641973,16540.080288999998,6249.914460699592,47669.69105758924,2086.303189788304,10128.99863075837,59884.99287813591,6000.0,6000.000000000002
2025-06-19,127349.06689999998,59089.562699999995,72359.70071028806,76178.05122962962,3818.350519341562,3818.3505193415663,0.0,2960.50885,23406.353377572017,18959.146235833337,6431.8487378909485,45084.545129457714,4150.59721354494,12279.19901035,61514.341353352655,6000.0,6000.0
2025-06-20,81137.07971666666,58736.49886666666,34048.50863333333,34048.50863333333,0.0,0.0,0.0,1148.3194499999981,15999.213374485587,12959.36283333333,9756.396692181077,20090.001151156666,0.0,3922.397987574993,24012.39913873166,6000.0,6000.0
2025-06-21,81408.0648,62073.3244,33899.991716666664,34542.15811666666,642.1663999999946,642.1663999999971,0.0,1081.070016666666,15999.999999999998,12960.0,13248.487733333332,19522.167056405,439.67687535749764,3908.6857187499977,23870.529650512497,6000.0,6000.0
2025-06-22,126539.46191666665,59082.12081666666,68775.11743209875,71305.96314855966,2530.8457164609135,2530.8457164609017,3.410605131648481e-13,3409.6213333333335,18654.423531893,15110.083060833334,3713.9029108333375,42937.49650231111,3031.594076632249,14444.856999416668,60413.94757836003,6000.0,6000.0
2025-06-23,126690.87308333332,59629.587083333325,70319.97864135802,71686.35403806582,1366.3753967078082,1366.3753967078105,0.0,2649.7883999999995,19763.839115226332,16008.709683333329,3519.727006172831,44910.80333188307,930.785208696661,11279.875673316665,57121.4642138964,6000.0,6000.0
2025-06-24,127112.84501666666,50844.05276666667,82715.2343057613,83176.59938909464,461.3650833333377,461.3650833333339,0.0,2719.6247166666662,23963.97325102879,19410.818333333333,5074.276938065859,51907.55116950203,535.5208726725007,11440.580771849995,63883.65281402453,6000.0,6000.0
2025-06-25,126310.40843333333,55872.98706666667,72672.91446794444,75894.64763940328,3221.7331714588363,3221.733171458847,0.0,2763.649116666666,21954.759414403303,17783.355125666676,4049.4711006666653,44827.78580892173,3553.5620643911802,10746.079611908332,59127.42748522125,6000.0,6000.0
2025-06-26,126697.44536666665,59150.061533333326,69629.27009526748,73289.24604958847,3659.975954320995,3659.9759543209975,0.0,2297.726966666666,20915.68191358025,16941.70235,4065.609619341562,43789.072874791724,2835.0567736034345,9268.336369749999,55892.46601814516,6000.0,5999.999999999998
2025-06-27,79563.255,59791.60913333333,34143.13211666666,34143.32771666667,0.19560000000637956,0.19560000000257105,0.0,1169.8088500000017,16109.731950000005,13048.882879500004,12480.641629500002,19955.796205736664,0.36702873000482916,4048.7892620833372,24004.952496550006,6000.0,6000.000000000002
2025-06-28,80661.5728,58884.64668333333,33274.711169,33462.15646666667,187.44529766666528,187.44529766666625,0.0,1525.9033499999996,15998.799176954726,12959.027333333328,10171.361856378599,19309.246863759898,235.43402356529944,4918.459727516666,24463.140614841865,6000.0,6000.000000000001
2025-06-29,126384.80871666667,57117.04018333333,67909.47646790123,72215.19663786008,4305.720169958848,4305.720169958842,9.094947017729282e-13,3743.45895,20105.660637860077,16285.585116666667,2870.811533333331,42223.17854116907,4247.368348106229,15740.176280691667,62210.723169966965,6000.0,5999.999999999999
2025-06-30,125947.32058333333,56069.6366,73533.86457572016,74867.18586172839,1333.3212860082276,1333.3212860082306,0.0,3202.776166666668,22458.18184506173,18191.127294499995,3925.2234944999977,45710.32767067636,1271.29573816321,13302.572968733335,60284.1963775729,6000.0,6000.0
2025-07-01,141546.85106666666,62680.30703333333,79694.95762901235,83199.07837407407,3504.120745061722,3504.120745061725,0.0,3033.382066666667,22378.837407407405,18126.8583,3113.9372999999996,50678.63927435377,3003.666431863547,10956.115455566669,64638.42116178399,6000.0,6000.0
2025-07-02,141198.65821666666,68293.89184999999,75016.90407016462,75341.63704320988,324.73297304526204,324.7329730452642,4.547473508864641e-13,4223.099166666666,17776.22487654321,14398.74215,3282.4871166666694,48621.09532823472,208.22121065956827,18413.831119316663,67243.14765821095,6000.0,5999.999999999998
2025-07-03,141565.53863333334,61805.119699999996,84354.99929444444,85997.96912839505,1642.969833950614,1642.9698339506083,0.0,1804.6493166666673,22810.513497942382,18476.51593333333,3708.201947119338,53899.6152315567,1260.4650782743456,7104.69335526667,62264.77366509772,6000.0,6000.0
2025-07-04,95795.06574999998,66914.19828333333,41997.11276666667,42256.82193066666,259.7091639999853,259.70916399999606,0.0,1353.8651333333328,16068.6106,13015.574586000004,11676.78358333333,25458.681738126666,285.70043205329625,4575.200281599997,30319.582451779963,6000.0,6000.000000000002
2025-07-05,95872.83489999999,67082.75493333332,42501.46667,42657.87678566667,156.41011566666566,156.41011566666458,0.0,1590.7880666666665,16172.895099999998,13100.045031000001,12385.734816666667,25761.014849329335,168.6239243465477,5500.367288816664,31430.006062492546,6000.0,6000.000000000002
2025-07-06,141244.57465,61450.5931,77620.07463271605,86434.7826936214,8814.708060905352,8814.70806090535,0.0,2363.405466666666,22931.40917695473,18574.44143333333,4647.238866666665,50640.22940281311,6989.040843530895,9689.898404666665,67319.16865101067,6000.0,6000.000000000002
2025-07-07,141495.39415,68085.91138333332,78666.67386934155,80961.94443319339,2295.2705638518382,2295.2705638518514,0.0,3145.9642999999996,20995.38063786007,17006.25831666666,6709.303645333328,50561.1330796837,2290.4027943323645,12912.690554966668,65764.22642898273,6000.0,5999.999999999998
2025-07-08,141285.227,65713.83998333334,82291.90077613169,84030.54023374488,1738.639457613186,1738.6394576131856,4.547473508864641e-13,2847.1615666666676,23225.95135041154,18813.020593833346,6893.3840271666795,52499.92736753413,1868.6942829816546,11941.0729205,66309.69457101579,6000.0,6000.0
2025-07-09,140590.70496666664,66531.97995,81912.25714341563,82363.71944341564,451.4623000000138,451.46230000000025,4.547473508864641e-13,2344.983416666666,20671.50971111111,16743.922866,6722.390998304534,52234.031872918764,653.0651719675006,9958.92111485833,62846.01815974459,6000.0,6000.0
2025-07-10,140463.54225,67609.91886666667,74446.9925644033,75618.69333024691,1171.700765843605,1171.7007658436125,2.0463630789890885e-12,4538.944583333332,20062.633580246904,16250.733199999999,3492.1141500000003,48643.71513715426,891.2321940798407,18307.82069840833,67842.76802964244,6000.0,6000.000000000001
2025-07-11,94741.0884,62222.31125,43507.417466666666,43507.417466666666,0.0,0.0,5.115907697472721e-13,1663.3733833333335,16000.000000000004,12960.0,9612.013699999992,26493.348733034996,3.2130458293977426e-13,6130.3338616750025,32623.68259471,6000.0,5999.999999999996
2025-07-12,95318.37109999999,64234.12776666666,42068.13423333333,43955.03143333334,1886.8972000000067,1886.8972000000067,0.0,1455.6692666666668,16000.0,12960.0,11286.45736666667,25394.081060679997,1842.7474918500056,4970.798142625,32207.626695155002,6000.0,5999.999999999998
2025-07-13,139893.36648333335,70625.64608333333,79750.25873057201,79750.25873057205,4.3655745685100555e-11,3.956301952712238e-11,0.0,2136.602549057608,22433.356646090484,18171.01888333333,8356.803116872514,52258.500587173425,7.434256303895381e-11,8244.473165499056,60502.97375267255,6000.0,5999.999999999956
2025-07-14,141062.42346666666,69254.74424999999,76369.86240658436,77810.30526399176,1440.4428574073972,1440.4428574074043,3.410605131648481e-13,3272.6739333333353,19150.335580658437,15511.771820333332,5636.736220333334,49099.27847600302,1647.0815206513244,13373.087379083334,64119.447375737676,6000.0,6000.000000000004
2025-07-15,139545.16266666667,66796.11208333334,78149.83115802468,78270.41231604938,120.58115802469547,120.58115802468808,2.0463630789890885e-12,3376.2944166666666,21135.27631604938,17119.573815999996,4881.953649333329,50012.80100141094,161.44425138694268,14069.393247091666,64243.63849988955,6000.0,6000.000000000002
2025-07-16,140365.26538333332,68230.702,76254.0887654321,78507.93949691358,2253.850731481478,2253.8507314814806,0.0,3374.303899999998,21760.470696913573,17625.9812645,5613.190581166667,49760.3636962524,1579.3379077004001,13900.195969558323,65239.89757351112,6000.0,6000.000000000001
2025-07-17,139569.15928333334,66848.74321666667,73438.22498950617,75971.33649609053,2533.1115065843624,2533.111506584367,4.547473508864641e-13,4181.014166666669,19758.871646090534,16004.686033333332,3677.748983333333,47401.34948915578,2713.5321956348193,18031.65982773334,68146.54151252394,6000.0,6000.0
2025-07-18,93698.0732,62423.8251,42673.82877921811,42692.815279218106,18.98649999999907,18.986499999999694,0.0,1789.5614833332538,16361.994233333215,13253.215328999902,10099.34975821805,25954.02015243562,23.7350236499998,6389.182721608005,32366.937897693624,6000.0,6000.000000000005
2025-07-19,94564.52240000002,67381.70335,43695.44126668107,44096.55969116666,401.11842448559037,401.1184244855867,3.410605131648481e-13,1475.8827999999999,16035.895216666655,12989.0751255,15342.803349999998,27025.249915204142,365.84491835838855,5044.481749133333,32435.576582695863,6000.0,5999.999999999999
2025-07-20,138750.53876666666,66660.56055,78235.91900185184,78898.38949423868,662.4704923868412,662.4704923868322,3.410605131648481e-13,3147.078199999999,19213.288936213983,15562.764038333331,6304.9645796913555,49650.75455384499,895.0557016081182,13589.193269049996,64135.0035245031,6000.0,6000.0
2025-07-21,138442.8198,64453.070449999985,78651.03611502057,81406.19323333334,2755.157118312767,2755.1571183127644,3.410605131648481e-13,2652.3267000000005,22289.35391666667,18054.3766725,5833.7933391666675,50431.39012083547,2907.506335008774,10926.011553941667,64264.90800978591,6000.0,6000.0
2025-07-22,139514.85881666664,65719.71419999999,75458.20690679012,80102.28326506584,4644.076358275721,4644.076358275727,0.0,2851.251049999999,19804.930254732506,16041.993506333329,5395.452950000002,48829.796311179685,3270.1749543597934,11652.69380148333,63752.665067022805,6000.0,6000.0
2025-07-23,139450.03365,65233.48653333333,86309.89440969135,86476.29437779835,166.39996810699813,166.3999681069992,2.0463630789890885e-12,2168.091816666666,23031.449814814816,18655.474349999997,10051.86361298354,55191.64554488261,221.5266163100962,9561.62490928333,64974.79707047604,6000.0,6000.000000000002
2025-07-24,138902.21751666663,65285.74551666666,84572.01764465022,84572.0176446502,-1.4551915228366852e-11,0.0,3.410605131648481e-13,1967.5880500000005,23154.169249382703,18754.877092,8523.841537267499,54250.18237539839,2.2851054382044825e-13,7849.510341441668,62099.69271684006,6000.0,6000.0
2025-07-25,92354.83968333332,65849.52011666667,40454.63678233333,40651.67998333333,197.0432010000004,197.04320099999921,1.1368683772161603e-13,1660.8784333333335,16000.000000000007,12960.000000000004,12767.238849999994,24510.544733478866,266.8138465850991,5869.038139566668,30646.396719630633,6000.0,5999.999999999999
2025-07-26,93187.68993333331,64718.598366666665,40571.445672999995,40936.838272999994,365.3925999999992,365.39260000000064,0.0,1874.5992999999999,15999.999999999998,12960.0,11302.346006333333,24373.30062954673,523.8794046150012,6201.382253258334,31098.562287420064,6000.0,5999.999999999998
2025-07-27,138110.19628333332,64425.00648333333,76807.70519341563,79285.33888251027,2477.6336890946404,2477.633689094648,4.547473508864641e-13,2809.0306,22123.937249176946,17920.38917183333,4205.631605166665,48401.82787942209,2683.7361677854624,12041.037115408333,63126.60116261589,6000.0,6000.0
2025-07-28,138228.99843333333,60274.121199999994,79707.7222674897,81005.81896625513,1298.0966987654247,1298.0966987654247,0.0,4015.1449530864356,20419.300452674892,16539.633366666665,3186.4196000000056,50706.132163658636,1407.9208828476803,17525.5503048519,69639.60335135822,6000.0,6000.0
2025-07-29,138314.74511666666,62245.49916666666,76325.38235077572,82950.70378079834,6625.321430022625,6625.321430022632,4.547473508864641e-13,2370.3085333333343,22275.824109465022,18043.417528666672,5019.3597833333315,49122.87327349156,5132.572758503117,8926.713072408336,63182.15910440302,6000.0,6000.0
2025-07-30,138424.36443333334,64321.11038333333,69431.69387674896,79966.46518703703,10534.771310288066,10534.77131028807,0.0,3350.9719333333323,21425.138703703706,17354.362350000003,5143.406716666666,45294.43603177203,8854.118893627783,12795.61214650833,66944.16707190814,6000.0,6000.0
2025-07-31,137423.31371666666,62728.31745,72838.80353683127,77979.363545679,5140.560008847737,5140.560008847739,4.547473508864641e-13,3823.2879999999996,19942.790679012345,16153.660449999996,3318.5250499999997,46985.55174257658,4499.90478176346,16657.04971163333,68142.50623597337,6000.0,6000.0
2025-08-01,92719.4241,71468.06443333333,40902.11177999999,40912.01366616666,9.90188616667001,9.901886166667282,0.0,1456.7455999999997,16003.819383333337,12963.0937005,18076.673916666663,24985.830178112334,12.378347896950842,4877.21424095,29875.422766959287,6000.0,5999.999999999998
2025-08-02,91562.24421666667,70635.21928333332,40506.074016666666,40544.10181666667,38.02780000000348,38.02780000000689,1.2505552149377763e-12,1905.232133333335,15999.999999999996,12960.000000000002,18482.309016666677,24700.34771747333,58.82995729501355,6975.531474833335,31734.70914960168,6000.0,5999.999999999995
2025-08-03,138062.48614999998,75223.00616666666,64525.7089,64607.167599999986,81.45869999998831,81.45870000000033,1.5916157281026244e-12,4968.859333333336,16006.140637860086,12964.973916666666,3695.3802288065785,43203.41252014667,90.64579900500175,20708.905693900004,64002.96401305168,6000.0,6000.000000000002
2025-08-04,138312.10695,72896.45186666667,69034.37046296295,70809.51355082303,1775.1430878600804,1775.1430878600772,6.934897101018578e-12,3430.608049999999,16588.180034156354,13436.42582766664,5672.712310999983,45912.424613101255,1224.1269694165746,14626.801726749994,61763.353309267826,6000.0,6000.000000000007
2025-08-05,136458.49728333333,71306.18755,65848.49826008231,67906.89012201646,2058.391861934142,2058.391861934156,3.410605131648481e-13,4052.3799,17179.81757201646,13915.652233333334,3542.7949499999995,43552.66120221239,1398.6567643874068,16381.2236524,61332.54161899979,6000.0,5999.999999999999
2025-08-06,136716.08779999998,68601.68853333333,73485.66221790123,74139.92669938214,654.2644814809028,654.2644814809105,6.59383658785373e-12,3353.3028763380125,19011.21709238682,15399.08584483333,5766.699061499992,49012.962245920324,431.77432690239976,13818.169907145508,63262.90647996823,6000.0,6000.000000000007
2025-08-07,136850.75446666667,73462.76921666667,75908.02334423868,76912.45857757202,1004.4352333333372,1004.4352333333329,0.0,2799.4388776666647,18360.85449259259,14872.292139,12835.349851646088,48053.512451479284,1301.0956209724993,11533.268852232824,60887.876924684606,6000.0,6000.0
2025-08-08,90703.21611666666,74928.04486666666,39207.025299999994,39312.6472,105.62190000000555,105.62190000000078,1.1652900866465643e-12,1383.1709166666665,15999.999999999996,12960.000000000002,21880.64686666667,23540.46642690833,142.8046218875018,4961.108576024999,28644.37962482083,6000.0,5999.999999999999
2025-08-09,90303.83174999998,71381.90275,39588.54283333333,40079.42794938271,490.8851160493796,490.88511604937946,0.0,1631.9011666666675,16012.359382716046,12970.011099999996,19747.05183333333,23844.259031828333,326.97975058425743,6009.496257783337,30180.735040195927,6000.0,6000.0
2025-08-10,136535.44471666665,71230.82566666667,69106.44536687242,69106.44536687242,0.0,1.5916157281026244e-12,4.547473508864641e-13,4876.652433333335,17361.318387242794,14062.667893666663,5379.828256629633,45694.62374911827,3.3035234991984907e-12,21481.22002900834,67175.84377812661,6000.0,5999.999999999998
2025-08-11,136422.26351666666,71861.01018333333,67391.02075205761,69928.62667037037,2537.6059183127654,2537.6059183127527,0.0,3177.342933333334,18105.700370370363,14665.617299999998,5104.6332,43802.33768334432,2472.6817473473443,13241.509230683336,59516.52866137499,6000.0,5999.999999999998
2025-08-12,136637.5967,68877.05305,74098.53157263374,75027.08029506172,928.5487224279786,928.5487224279877,3.410605131648481e-13,2547.055207333339,19196.87966172838,15549.472525999992,6166.184716666672,47631.923363917726,1131.563288822443,9312.081408378692,58075.56806111886,6000.0,6000.0
2025-08-13,136547.99718333333,70427.01773333334,66280.71684423868,69513.86921502058,3233.1523707818997,3233.1523707818883,0.0,4014.935633333334,16737.682798353904,13557.523066666665,4227.665666666664,43343.96564471259,2714.685390723884,16906.13348161667,62964.784517053144,6000.0,6000.0
2025-08-14,135936.05536666664,70009.76438333333,67776.45853065843,71194.97240390946,3418.513873251024,3418.5138732510204,0.0,3101.335516666667,17670.34668724279,14312.980816666666,5012.651066666666,45227.896972032344,2774.1229816115374,13866.942524691665,61868.96247833555,6000.0,6000.0
2025-08-15,89968.05776666666,72808.33088333334,40458.251116666666,40550.410116666666,92.15899999999965,92.15899999999935,1.1475265182525618e-12,1743.7091833333338,16000.000000000004,12960.0,22094.392416666662,24484.209825231665,115.20796589999992,6119.322974275003,30718.74076540667,6000.0,6000.0
2025-08-16,90183.53034999999,73254.24998333334,41611.8004065,41786.198983333335,174.39857683333685,174.39857683333358,0.0,1673.0368666666673,16000.360000000002,12960.2916,23489.887083333328,25683.46430030643,218.61694863405057,5935.881867491668,31837.96311643215,6000.0,6000.000000000002
2025-08-17,135369.1165,72203.72288333334,70972.1548584362,71672.04245843622,699.8876000000164,699.8876000000103,4.547473508864641e-13,3265.2879166666794,19151.042311316865,15512.344272166669,8133.238719286042,45754.62642968737,958.7252112275195,14199.490529283386,60912.84217019827,6000.0,5999.999999999989
2025-08-18,135710.17471666663,71316.0591,68632.60725658436,68957.84727325103,325.240016666663,325.2400166666682,4.547473508864641e-13,3589.8902833333323,18033.462386831266,14607.104533333333,4727.264086419765,45267.59327669678,216.21956308000327,15467.34325610833,60951.15609588512,6000.0,5999.999999999991
2025-08-19,135364.48288333332,71046.82283333334,67150.77162633745,68606.65199876542,1455.8803724279715,1455.8803724279767,4.547473508864641e-13,3637.5416128333395,16859.596815432087,13656.273420499992,4723.210166666669,44312.31751212401,1008.9133623012015,15558.295782128609,60879.526656553826,6000.0,5999.999999999996
2025-08-20,135048.05366666667,64397.36259999999,75843.9992483539,76650.70990596694,806.7106576130464,806.7106576130391,3.069544618483633e-12,2644.3395833333334,22041.124922633702,17853.311187333304,4456.544687333208,48561.75304905915,906.9876534560938,10747.8610069,60216.60170941525,6000.0,5999.999999999997
2025-08-21,134971.7989,69127.38041666667,71906.03910246912,73392.45215124279,1486.4130487736693,1486.4130487736634,4.547473508864641e-13,2275.008599999999,21908.276053909456,17745.703603666658,5660.46981766666,46346.37082553167,1180.221451009494,9150.651010258329,56677.24328679949,6000.0,6000.0
2025-08-22,90531.7304,69301.161,40796.21363333333,41674.05176666666,877.8381333333236,877.8381333333299,7.389644451905042e-13,1620.3318333333332,15999.99999999999,12960.000000000002,19023.814200000004,24910.829081689993,732.3867642000004,6026.417345549999,31669.633191439993,6000.0,5999.999999999999
2025-08-23,89697.14623333333,67167.14008333333,39317.04806666666,40598.60298333334,1281.5549166666751,1281.5549166666722,0.0,1149.8680166666697,16000.000000000002,12960.0,16178.464850000004,23443.54289285,1400.9475940075083,4053.81078435834,28898.30127121585,6000.0,6000.000000000003
2025-08-24,135068.0714,71334.48191666666,67799.47353683127,72021.42641152264,4221.952874691371,4221.952874691358,4.547473508864641e-13,2775.685433333354,18465.650925925922,14957.17725,7555.048685596733,45116.394629038725,3991.404688707656,10969.948090000049,60077.74740774643,6000.0,6000.0
2025-08-25,134511.61375,63738.52673333333,89209.30098045267,89209.30098045267,0.0,0.0,0.0,1581.5131666666648,22714.525205761318,18398.765416666665,15701.96734135802,56584.87680594247,0.0,6952.546405566658,63537.42321150913,6000.0,6000.0
2025-08-26,134368.96393333335,68840.14555,68495.5381930041,69124.23333703703,628.6951440329285,628.6951440329241,4.888534022029489e-12,4591.720483333334,18015.58172839506,14592.621199999998,4764.174908641969,45731.74929859166,403.0325732086162,20124.936233200002,66259.71810500027,6000.0,6000.0000000000055
2025-08-27,133788.3821,65874.23323333333,68780.39686851851,73668.20584053498,4887.808972016472,4887.808972016466,0.0,3202.7688499999995,19889.784423868317,16110.725383333333,5177.766783333335,44942.46966887895,4025.8463036601597,14001.275216891663,62969.59118943077,6000.0,6000.0
2025-08-28,134543.81656666665,63776.021583333335,68561.39238395062,74324.96099958847,5763.568615637851,5763.568615637855,4.547473508864641e-13,4397.175083333333,19026.910699588472,15411.797666666665,4339.228066666667,44385.51837810088,5299.53843691799,17870.08339010833,67555.1402051272,6000.0,6000.0
2025-08-29,88328.33254999999,65773.1122,41344.97131666666,41344.97131666667,7.275957614183426e-12,1.6271428648906294e-12,0.0,1511.1133333333328,15999.999999999993,12960.0,17260.86430000001,25146.841695006668,3.0385645999331245e-12,5757.752355049998,30904.59405005667,6000.0,5999.999999999999
2025-08-30,89025.08758333331,70512.36774999999,41137.986212076125,41137.986212076125,0.0,3.694822225952521e-13,0.0,1274.1419918333331,16010.74506172839,12968.703499999996,20857.36680884774,25012.60100969061,6.961599297028442e-13,4837.978359222334,29850.579368912942,6000.0,6000.000000000004
2025-08-31,133365.35983333332,66718.73675,67138.36693580246,70350.59479650206,3212.227860699597,3212.2278606995956,3.410605131648481e-13,3570.738616666665,17869.42594650206,14474.235016666666,3879.5194000000033,44863.622653534025,2385.8197481071393,14961.531829949996,62210.97423159116,6000.0,5999.999999999996
2025-09-01,121263.61926666666,67689.48473333333,64809.37382489711,66868.91342209053,2059.539597193412,2059.5395971934063,0.0,971.9300999999997,21390.780912757193,17326.532539333326,10202.460615333326,39967.32140555864,2086.214795475794,4016.5268713583305,46070.06307239277,6000.0,6000.0
2025-09-02,121532.82414999999,67475.0683,55691.47249567901,58726.181994855964,3034.7094991769554,3034.709499176957,0.0,3468.5390999999995,18048.695411522633,14619.443283333336,4707.71311666667,35617.674189226105,2483.9919286376876,15364.876916999998,53466.54303486379,6000.0,6000.0
2025-09-03,121433.71643333332,65885.99918333333,60363.588582510274,61422.186181275705,1058.597598765431,1058.5975987654306,0.0,2880.473266666667,19142.412181275708,15505.353866833328,5117.883883499995,38405.44548897427,1029.132831793519,11330.978372608335,50765.55669337612,6000.0,6000.000000000002
2025-09-04,121061.17303333333,67135.60748333333,57951.09717098765,58106.719257320976,155.6220863333292,155.62208633332813,0.0,3868.317888999991,17181.443981069955,13916.969624666672,4784.997239917695,37715.52868011994,172.0487224328439,15772.248993400455,53659.82639595324,6000.0,5999.999999999995
2025-09-05,75132.98045,68308.71878333332,31172.460483333332,31331.146683333332,158.6862000000001,158.68620000000004,0.0,1456.016933333337,15999.999999999998,12959.999999999996,22922.90195,17809.11030049833,198.37361862000006,5842.031466408354,23849.515385526684,6000.0,5999.999999999999
2025-09-06,75826.37416666666,68105.29046666666,31248.377549999997,31325.86384999999,77.48629999999321,77.48630000000061,6.59383658785373e-12,1345.9008166666727,15992.653271604944,12954.049149999999,21912.07684506172,17637.755323395,96.8656236300048,5321.17604858337,23055.796995608373,6000.0,6000.000000000008
2025-09-07,120781.00903333332,65820.02541666667,54967.96407345679,58974.54451129012,4006.580437833334,4006.5804378333314,0.0,3479.4937666666665,16332.895673456787,13229.6454955,4389.804483333335,35752.40647418283,3390.8158514583497,15738.960211366666,54882.182537007844,6000.0,6000.0
2025-09-08,121400.59243333332,62005.022899999996,64329.2872,66473.71736831276,2144.4301683127633,2144.430168312751,0.0,2572.468266666669,20950.726951646087,16970.08883083333,5669.977980833333,40238.63052021284,2024.6771504581718,11635.400362325012,53898.70803299602,6000.0,5999.999999999999
2025-09-09,121082.23558333333,67979.40131666667,55527.48897962963,57325.80069835391,1798.3117187242824,1798.311718724283,2.0463630789890885e-12,4517.934616666667,17292.329711934155,14006.787066666666,5455.358403086424,36157.516622568146,1920.7882905910535,20065.116079400002,58143.4209925592,6000.0,6000.0
2025-09-10,121274.78848333332,59958.78983333333,66016.09970987654,68665.80178995473,2649.70208007819,2649.7020800781934,0.0,3412.12285,22186.313576954723,17970.91399733333,6546.526410333333,40699.258418341225,2675.674291831113,14877.014942391666,58251.947652564006,6000.0,6000.0
2025-09-11,120746.77835,67250.69256666666,64631.59346358023,64838.505786625516,206.9123230452824,206.91232304527227,0.0,2169.3160333333353,21348.121522633744,17291.97843333333,9455.592947325105,40966.96924358544,138.51745466265794,9023.62523480834,50129.11193305644,6000.0,6000.0
2025-09-12,75687.22711666666,64135.570916666664,32100.70212683333,32248.849270166662,148.14714333333177,148.1471433333346,0.0,1316.8882333333322,16007.70765,12966.2431965,18972.616850000002,18098.23650671895,166.05347238615178,5165.0457416583295,23429.335720763433,6000.0,5999.999999999999
2025-09-13,75063.58311666666,67056.48163333333,31750.373633333336,31819.609133333335,69.23549999999886,69.23550000000037,0.0,1169.2314166666667,16011.21393004115,12969.08328333333,21939.608419958844,17908.956791413337,86.55129855000047,4809.201925708334,22804.71001567167,6000.0,6000.000000000005
2025-09-14,121237.69566666667,61138.37091666666,70494.23443950617,70494.23443950617,0.0,7.958078640513122e-13,0.0,1465.0870333333285,19704.327309876542,15960.505121000002,8116.174533962965,43739.193493505736,1.4994213870522799e-12,6655.801355899981,50394.99484940572,6000.0,5999.999999999998
2025-09-15,120760.02988333334,65692.99925,57788.3383691358,58783.83977942387,995.5014102880668,995.5014102880637,0.0,4036.904724485599,18622.426687242798,15084.165616666665,4215.452800000001,37290.697391290494,1073.4474891820369,17761.46347934466,56125.60835981719,6000.0,6000.000000000001
2025-09-16,121843.35746666667,62351.58748333332,70307.67232674896,70503.82212674896,196.14979999999923,196.14979999999946,0.0,1200.6561666666664,21961.36484794238,17788.705526833328,8040.048988973248,43971.598262606625,262.8693868399995,5790.676724149999,50025.144373596624,6000.0,6000.0
2025-09-17,120924.79499999998,60964.6766,65387.27965534979,65387.27965534979,0.0,2.7853275241795927e-12,0.0,3515.1402166666658,21636.53072201645,17525.589884833324,4831.3606348333315,41535.11528547645,5.426818461273797e-12,13938.076463424997,55473.19174890146,6000.0,6000.000000000002
2025-09-18,120804.11636666665,61848.06525,58726.393771810704,64735.92865928395,6009.534887473244,6009.534887473252,1.0231815394945443e-12,2918.2582500000008,19002.715750617284,15392.199757999999,5087.6198,38134.81758947531,4699.664728201387,13353.814681133337,56188.29699881003,6000.0,6000.000000000002
2025-09-19,75287.12646666667,59185.77414999999,32597.2033,32732.302300000003,135.09900000000198,135.09900000000016,0.0,1407.5957738683123,15999.021090534983,12959.207083333333,14998.731749999995,18517.792150771667,168.8872599000002,5763.785597066564,24450.465007738232,6000.0,6000.000000000002
2025-09-20,75330.72763333333,59685.2939,32685.185283333325,32792.309583333335,107.12430000001041,107.12430000000249,0.0,1443.4365833333327,16000.000000000002,12960.000000000004,15550.312433333329,18600.512837754995,133.99162515000435,6052.872297274998,24787.37676018,6000.0,5999.999999999999
2025-09-21,120862.28298333334,62574.7955,64908.7148761255,65035.14939279217,126.43451666666806,126.43451666666897,0.0,2743.3293833333328,17401.835938888886,14095.487110500002,6184.642464403292,41012.24885283777,107.55439798000455,12713.535164458332,53833.338415276114,6000.0,6000.0
2025-09-22,121218.04173333332,60604.02184999999,69956.78973765431,69956.78973765431,0.0,1.1368683772161603e-12,0.0,2564.132694999993,21797.958812757213,17656.34663833334,7765.2903748971075,44351.58599132629,2.1420305529318284e-12,11007.895232003306,55359.481223329596,6000.0,6000.0
2025-09-23,121182.28133333333,59065.66575,68149.93810955966,68149.93810955966,0.0,0.0,2.5011104298755527e-12,3215.9382236666725,21015.373907818936,17022.452865333333,5256.339707407402,43341.14766613098,1.5708224054833408e-12,13942.825262545199,57283.97292867618,6000.0,6000.000000000004
2025-09-24,121014.19341666665,59950.968316666665,60304.49460349794,64217.133629835385,3912.6390263374487,3912.639026337447,0.0,4199.090433333333,20749.164279835386,16806.823066666668,3410.6577500000003,38275.24968757765,3182.155556199075,19138.289917266666,60595.69516104339,6000.0,6000.000000000002
2025-09-25,120546.34714999999,60210.89825,64208.18388806583,67369.84713251029,3161.663244444455,3161.663244444452,0.0,2327.0482333333334,21185.664732510282,17160.388433333334,5336.170166666677,40556.65664025265,2436.905325041776,10768.549304083335,53762.11126937777,6000.0,5999.999999999989
2025-09-26,74194.35371666666,56500.11021666666,32778.32818333333,32778.32818333333,0.0,0.0,0.0,1654.5177166666608,16000.000000000002,12960.0,13698.602399999992,18527.11001101333,0.0,6471.94808152499,24999.05809253832,6000.0,6000.000000000002
2025-09-27,75945.77175,58144.46949999999,33321.8168275,33804.16515,482.3483225000018,482.34832250000085,0.0,1299.9627833333325,15999.999999999998,12960.0,14262.825683333333,18888.163941352,567.0698333095011,5345.874725641665,24801.108500303166,6000.0,6000.000000000002
2025-09-28,120389.61958333333,56901.99041666666,64435.38725622221,69983.7939479917,5548.406691769487,5548.40669176955,6.696154741803184e-11,2550.646666666734,21185.28374403301,17160.079832666666,5021.607536625423,40269.9597190622,4303.703571519396,11767.028853983755,56340.69214456535,6000.0,6000.000000000076
2025-09-29,121111.4148,58351.523199999996,68978.52173148148,69709.69806728393,731.1763358024473,731.1763358024656,0.0,3130.0583586419843,22097.012592592593,17898.580200000004,5881.432433333336,43534.59984090719,649.2824831192563,12986.122912894467,57170.005236920915,6000.0,6000.0
2025-09-30,120916.45506666665,55494.2803,67128.0995925926,69793.76531131685,2665.6657187242527,2665.665718724271,0.0,4497.264783333333,22736.879094650198,18416.872066666667,4548.848299999999,42958.52387968075,1916.3414962857632,19777.592011566667,64652.457387533184,6000.0,6000.000000000001
2025-10-01,117218.45471666666,67556.93318333334,59597.897480041145,59674.503480041145,76.60599999999977,76.60600000000204,1.5916157281026244e-12,2631.594950000007,19657.181258847737,15922.316819666665,8909.712457526753,36860.2555262616,101.56423480000457,12413.268844916684,49375.088605978286,6000.0,6000.000000000004
2025-10-02,117231.70978333332,65500.92666666665,67103.99937510287,67103.99937510287,0.0,4.547473508864641e-13,0.0,1364.1106999999986,21464.299711934145,17386.082766666666,12659.11001316873,40943.204018168,8.568122211727314e-13,6701.593480958327,47644.797499126325,6000.0,6000.000000000004
2025-10-03,71524.19113333334,63707.03743333333,28898.461983333335,29113.72708333333,215.2650999999969,215.2650999999993,0.0,1244.0147500000003,15999.999999999998,12960.0,19500.58813333333,15209.936491556666,282.0371321999991,5329.386917266667,20821.360541023332,6000.0,6000.0
2025-10-04,72397.41483333333,59301.43239999999,30871.075549999994,30871.075549999994,0.0,7.389644451905042e-13,0.0,1422.5685333333356,16000.000000000007,12960.000000000002,16157.661649999995,16442.834283146665,1.0051394383481238e-12,5866.281222950005,22309.11550609667,6000.0,6000.000000000003
2025-10-05,117604.4209,62868.45983333333,66777.31795823044,67703.9179302469,926.5999720164546,926.5999720164539,0.0,1376.4191333333322,22026.592222222218,17841.5397,10159.323474691355,40278.39140958061,917.2213058611376,6729.262996849995,47924.875712291745,6000.0,6000.000000000001
2025-10-06,117896.13613333332,60163.02688333333,57490.62678991769,59782.20319135803,2291.5764014403394,2291.5764014403276,4.547473508864641e-13,4384.432100000001,19102.961358024688,15473.3987,2803.963383333333,36213.599333222344,1939.3532482067296,19800.095007225005,57953.04758865408,6000.0,6000.000000000002
2025-10-07,117357.17863333333,59585.615633333335,59897.02492263375,62610.2641436214,2713.239220987656,2713.239220987653,0.0,3314.2043833333337,21313.122510288067,17263.629233333333,4103.412250000003,36603.925243704776,2497.7622128778416,14995.727258125,54097.414714707615,6000.0,6000.000000000001
2025-10-08,117391.06235,60912.56668333333,58082.19890041152,58981.23629876955,899.0373983580357,899.0373983580309,0.0,4501.439383333333,19995.99762510288,16196.758076333332,3204.9404666666765,36139.018787237204,671.3458574605963,20308.112170866665,57118.47681556447,6000.0,5999.999999999991
2025-10-09,117432.98973333332,61673.00805,68569.43597736626,68937.82961872428,368.39364135802316,368.3936413580283,0.0,2077.5205333333333,21912.667489711926,17749.260666666665,11091.96164567902,41896.60672963658,315.0843317021348,10358.088114916667,52569.77917625538,6000.0,6000.000000000001
2025-10-10,72371.53011666666,63027.91919999999,31385.860533333333,31385.860533333333,0.0,0.0,0.0,1388.1732833333335,16000.000000000002,12959.999999999998,20390.422899999998,16902.28760008,0.0,5711.774015900001,22614.06161598,6000.0,6000.000000000002
2025-10-11,71790.96475000001,57684.65116666666,30799.857799999998,30799.857799999998,0.0,0.0,0.0,1562.4887333333352,16000.0,12960.0,15216.032949999997,16533.32560032833,0.0,6079.672675366673,22612.998275695005,6000.0,6000.000000000001
2025-10-12,117709.38418333331,59194.428199999995,62135.33609238683,62460.944030041144,325.607937654313,325.6079376543147,0.0,3705.1213000000002,19390.950596707815,15706.669983333333,3966.8287333333333,37908.1691064429,329.78851413249697,17536.692941583333,55774.65056215873,6000.0,5999.999999999998
2025-10-13,117677.75383333332,60650.358533333325,64128.38205020575,64321.42432572016,193.04227551441,193.04227551440198,1.5916157281026244e-12,2582.9382576131725,21516.995000000003,17428.76595,5788.738233333334,39601.803754934066,131.7803093799091,11944.189956479642,51677.774020793615,6000.0,6000.000000000001
2025-10-14,118032.22918333333,57258.3999,67516.15979979423,69220.14931975308,1703.98951995885,1703.989519958849,0.0,2620.809022633739,21905.354444444438,17743.337100000004,6905.111714609058,41602.33182611222,1736.1945223891694,12441.279849701215,55779.8061982026,6000.0,6000.0
2025-10-15,117342.48076666666,55422.45711666666,70029.20143539093,71064.17210288064,1034.9706674897025,1034.9706674897063,0.0,2267.6629500000004,22307.945288271592,18069.435683499993,7173.301798109046,43004.71795576919,986.1003463222179,10638.464418583335,54629.282720674746,6000.0,6000.000000000003
2025-10-16,117733.27633333334,54766.80338333333,66647.06827246296,67515.52755246914,868.45928000618,868.4592800061762,0.0,3745.420549999998,23174.9974691358,18771.747949999997,3891.225633333337,41242.009540702966,710.9567372478184,16466.56133823333,58419.52761618412,6000.0,5999.999999999998
2025-10-17,71943.17253333333,55938.973216666665,30083.088,32343.88191666666,2260.793916666662,2260.793916666663,0.0,1455.2237537037054,16011.978703703702,12969.70275,14752.630399999998,15967.492324814999,2138.512711279996,6041.024359938898,24147.02939603389,6000.0,5999.9999999999945
2025-10-18,71656.70145,55580.10818333333,31930.251599999996,31991.2281,60.97650000000431,60.976499999999646,0.0,1560.2778769547322,16024.957510288068,12980.215583333333,14430.170783333326,17325.745270323336,76.22672264999956,6437.7660454793195,23839.738038452655,6000.0,6000.000000000002
2025-10-19,117991.24738333334,54105.52485,68651.97656337448,68651.97656337448,0.0,0.0,0.0,4213.548251166666,22601.14802325103,18306.929898833332,4685.584156790125,42516.062158590736,0.0,19164.92001936466,61680.9821779554,6000.0,6000.000000000002
2025-10-20,117903.31864999999,53462.53628333333,72612.9579010288,72612.9579010288,0.0,0.0,2.1600499167107046e-12,2125.0762833333374,22742.938395061727,18421.7801,5976.0935226337415,45050.58427757749,1.356619350190158e-12,10361.76626783335,55412.35054541084,6000.0,6000.000000000004
2025-10-21,117800.84898333333,51338.26763333334,71392.3163728395,71751.02650617284,358.7101333333412,358.7101333333336,1.5916157281026244e-12,3607.829354938265,22893.542098765436,18543.769099999998,4546.501512345664,43651.4233942658,381.11649846750214,16707.548188616325,60740.08808134963,6000.0,6000.0000000000055
2025-10-22,117671.98653333331,52117.08983333333,68373.20716358024,71153.98684994238,2780.7796863621334,2780.7796863621356,0.0,2961.05880000001,22199.391828806583,17981.507381333333,4342.264502469141,42224.052494822274,2766.924547573714,13444.340544891687,58435.317587287675,6000.0,6000.000000000004
2025-10-23,117212.01551666667,53832.518483333326,78729.32113230453,79430.68837386831,701.3672415637848,701.3672415637831,4.618527782440651e-14,1372.7021333333328,22727.419923868307,18409.210138333332,13105.683688333334,48302.935579694175,794.9415642798734,7023.108848258329,56120.985992232374,6000.0,6000.000000000001
2025-10-24,72135.51853333332,53715.46781666666,32213.863599999993,32813.20279999999,599.3391999999985,599.3391999999963,0.0,1638.0196666666661,15999.999999999996,12960.0,12991.171749999994,17467.94773890333,455.7733866749974,6464.134426074998,24387.855551653327,6000.0,5999.999999999998
2025-10-25,72042.787,52644.35426666666,31921.456749999994,32702.37384999999,780.9170999999951,780.917099999994,0.0,1518.7783666666676,15999.999999999995,12960.0,11782.719483333329,17267.578568804995,616.1749855824942,6090.807152250003,23974.56070663749,6000.0,5999.999999999993
2025-10-26,117422.34435,52878.03233333333,72965.22435658435,73787.99519053496,822.7708339506062,822.7708339506162,0.0,1572.5537166666659,22177.936657201637,17964.128692333332,6602.428925666663,44756.15700897423,942.674115074785,8231.70872378333,53930.53984783235,6000.0,6000.0
2025-10-27,117790.56431666666,54237.98265,66729.7808074074,70114.58998900822,3384.8091816008236,3384.8091816008164,6.821210263296962e-13,3010.956233333335,23090.762486008225,18703.517613666663,5185.719683333331,41118.79094530214,2933.246255258403,14297.041294616674,58349.07849517722,6000.0,6000.000000000002
2025-10-28,117514.14480000001,51541.723099999996,66285.21035390945,69632.48458621399,3347.2742323045386,3347.274232304531,0.0,4244.346100000001,22362.036769547325,18113.249783333333,3655.6220000000008,40940.87678864067,2938.744052602228,19317.449372575,63197.0702138179,6000.0,6000.000000000002
2025-10-29,117721.61451666665,48409.357716666666,75088.82136847943,75820.47533231277,731.6539638333343,731.6539638333354,1.1368683772161603e-12,2485.876283333335,23280.809674074077,18857.455836,4570.740977572019,46211.59694010187,918.3053141198532,11651.82534194167,58781.72759616339,6000.0,6000.000000000005
2025-10-30,116916.07056666666,52128.252916666665,65277.2293936214,67379.66313436214,2102.433740740744,2102.43374074074,3.410605131648481e-13,4809.483993999998,22628.1958510288,18328.838639333335,3101.9722666666685,40380.52942714513,2147.2859400537664,21744.773470106324,64272.588837305215,6000.0,5999.999999999999
2025-10-31,71748.98903333332,47844.69696666666,33366.58563930041,33366.58563930041,0.0,0.0,0.0,1537.0495166666678,15999.999999999996,12960.0,7959.3430893004115,18263.175839014937,0.0,6149.65441423334,24412.830253248278,6000.0,5999.999999999999
2025-11-01,71974.20948333332,49430.17105,32824.374599999996,33966.872683333335,1142.4980833333393,1142.498083333336,0.0,1348.6711,15999.999999999998,12960.0,9731.505350000001,17694.644050709998,785.5550496925007,5540.797655625,24020.996756027496,6000.0,6000.000000000004
2025-11-02,117843.23631666665,49046.85238333333,72268.45998127572,74760.18426460905,2491.7242833333294,2491.724283333334,0.0,3178.2239833333333,23324.450720164612,18892.805083333333,4710.378677777777,44908.29762630796,2202.4302602225002,14899.583519383334,62010.311405913795,6000.0,6000.000000000002
2025-11-03,117808.91503333332,48303.98475,77015.47173583538,77037.27013583538,21.798399999999674,21.798399999998537,0.0,2576.0288606666663,23342.878189300412,18907.73133333333,5673.221857201641,47177.69467329906,28.900318719998086,12876.489954434664,60083.084946453724,6000.0,6000.000000000001
2025-11-04,117396.61073333332,49816.5387,70778.07035823044,72322.31132236418,1544.2409641337435,1544.240964133741,0.0,3202.987950000001,22759.91204753086,18435.5287585,3620.8439499999995,43751.21927147446,1463.793332260275,13345.51377901667,58560.526382751406,6000.0,6000.000000000001
2025-11-05,117764.40761666666,48086.38755,79542.0623346008,80308.98123439505,766.9188997942401,766.9188997942322,1.3642420526593924e-12,2368.620033333333,23350.105699588472,18913.58561666667,8563.061118139914,49018.54982575001,859.1436483470305,11468.494403833332,61346.18787793037,6000.0,5999.999999999998
2025-11-06,117713.09413333333,46343.50958333333,74426.47199533333,76246.24074197531,1819.7687466419884,1819.7687466419807,0.0,3281.2300166666655,23138.810308641972,18742.43635,3761.5122500000025,45727.54299387206,2070.2270071788525,15325.08810624166,63122.85810729257,6000.0,5999.999999999999
2025-11-07,72212.37866666666,48893.91688333333,33534.68220658436,33893.444406584356,358.7621999999974,358.7622,5.471179065352771e-13,1311.1678724279832,16399.56734567901,13283.649550000002,8770.2327,18000.255836173106,412.76262354750025,5808.306728893928,24221.325188614534,6000.0,5999.999999999996
2025-11-08,72034.86681666666,48243.65971666666,33527.25693168724,34905.23783168724,1377.9809000000023,1377.980900000001,0.0,1081.8572000000001,16016.787798353907,12973.598116666664,9152.698249999998,18117.575714663806,979.2980001325001,4162.387971408334,23259.26168620464,6000.0,5999.999999999998
2025-11-09,117877.67016666666,46530.85298333333,76591.68048937037,77406.87239801235,815.1919086419803,815.191908641976,0.0,2475.391081,23877.145987654323,19340.48825,3998.78855802469,47423.084887928126,909.3205848458359,11492.772246499,59825.177719272964,6000.0,6000.0
2025-11-10,118420.10276666665,44561.65966666666,77986.26309650205,80566.65449814814,2580.3914016460913,2580.3914016460935,0.0,2454.851766666671,24599.902962962955,19925.9214,4489.081601851858,48472.04114260203,2619.1038320478774,11397.990775358343,62489.13575000825,6000.0,6000.0
2025-11-11,117957.86744999999,46398.84778333333,79817.39081021192,79817.39081021192,0.0,6.821210263296962e-13,0.0,1855.6927499997596,23706.624161934204,19202.3655711667,5609.805302777527,49764.41355749186,1.285218331759097e-12,9543.678033715478,59308.09159120734,6000.0,6000.000000000002
2025-11-12,117416.71383333333,46460.726083333335,75762.19559135802,77868.12646602468,2105.9308746666647,2105.9308746666684,1.5916157281026244e-12,2425.2460333333356,23619.895154732505,19132.11507533333,4849.604669958849,46790.62556618475,2203.1397432375034,11399.555812216679,60393.32112163893,6000.0,6000.000000000001
2025-11-13,117780.10726666667,45384.23595,74007.05132674897,76152.94373209875,2145.892405349776,2145.892405349792,3.296918293926865e-12,3029.4428166666694,22895.22876543209,18545.135299999994,2436.4217666666655,46005.38550965827,2205.0135684490124,13765.893314741683,61976.29239284896,6000.0,6000.000000000004
2025-11-14,71737.89309999999,44139.4378,33907.31608333333,36271.740249999995,2364.424166666664,2364.4241666666658,0.0,1783.9661500000022,15999.999999999998,12960.000000000002,7417.251100000004,18506.858381624996,1806.9814219774985,6548.957220733342,26862.797024335836,6000.0,6000.000000000003
2025-11-15,72466.97681666666,44255.0899,35589.32198189301,35589.32198189301,0.0,0.0,0.0,1205.033168106987,16833.33333333333,13635.0,5384.134899999999,19224.520029237596,0.0,5352.960948910142,24577.480978147738,6000.0,6000.0
2025-11-16,118360.27023333333,43925.725849999995,77053.95078309876,79564.74453936215,2510.793756263389,2510.7937562633742,0.0,2773.0756833333353,24270.381084362143,19659.008678333335,3291.9034333333348,48008.327812010684,2815.3365384025096,11634.973025633337,62458.63737604653,6000.0,6000.000000000004
2025-11-17,117269.71065,44573.95631666666,72633.16636028807,78754.08414985801,6120.9177895699395,6120.9177895699595,5.684341886080801e-13,2426.924933333335,23670.896841358022,19173.426441500003,3987.7843500000026,45090.00440334683,5770.824593345662,11390.12143193334,62250.95042862583,6000.0,5999.999999999997
2025-11-18,117783.6865,42893.134666666665,77389.07288216666,79596.60519633332,2207.5323141666595,2207.5323141666636,0.0,3457.590122839508,23715.21677407407,19209.325587,3657.752298765433,47941.62638930604,2467.0647317891458,15351.607793689205,65760.29891478439,6000.0,6000.0
2025-11-19,118179.70134999999,42811.389749999995,76818.70161149793,81991.42848930041,5172.726877802474,5172.726877802478,0.0,1809.3868166666666,24015.55485596708,19452.599433333333,3869.548283333335,47726.778430838225,5457.487805686277,8505.238053899999,61689.504290424506,6000.0,6000.0
2025-11-20,117846.45723333332,43053.381199999996,76363.98499341564,79287.66198580246,2923.676992386827,2923.6769923868196,0.0,2976.1923333333334,24222.490802469132,19620.21755,2868.5050333333334,47394.5747270364,2917.558282529864,14051.421079466667,64363.55408903293,6000.0,5999.999999999999
2025-11-21,71999.1771,43134.793033333335,34830.56773209876,35117.85539009876,287.2876580000011,287.28765799999985,0.0,1782.3486417695526,16670.145957201643,13502.818225333333,4868.49223333334,18814.472542424937,314.0491304959997,7640.097385646921,26768.61905856786,6000.0,6000.000000000002
2025-11-22,72549.91013333332,42330.08065,36975.90498353909,37228.94693353909,253.0419499999989,253.04194999999368,0.0,903.8015953230436,17852.901467695472,14460.850188833336,4520.867766666661,19865.448046384074,173.33647329249592,4324.257887603582,24363.042407280154,6000.0,6000.000000000005
2025-11-23,117782.69219999999,42550.595916666665,76703.16016502057,79836.948045679,3133.787880658434,3133.7878806584395,3.410605131648481e-13,2965.6176166666673,23755.58234567901,19242.0217,3056.908733333333,47692.49383810207,3601.026808889201,12664.888334025003,63958.40898101628,6000.0,5999.999999999999
2025-11-24,117975.68781666666,43813.74411666666,75923.64062704732,77944.6583127572,2021.0176857098704,2021.0176857098738,1.5916157281026244e-12,3414.3270333333335,24060.42997942386,19488.94828333333,2625.55995,47162.70319953884,2042.244393326279,15092.928558650003,64297.87615151512,6000.0,6000.000000000002
2025-11-25,117682.39221666666,41513.73175,86891.25811995883,86891.25811995883,0.0,1.1368683772161603e-12,0.0,1667.4582029999956,23650.21682757202,19156.67563033334,7896.51465905349,54597.44064707532,2.1420305529318284e-12,8495.727575815981,63093.1682228913,6000.0,6000.000000000003
2025-11-26,117686.43673333332,40928.76985,82073.64296666667,83641.85331666666,1568.210349999994,1568.2103500000085,0.0,1798.6271666666646,24915.08814814814,20181.2214,3948.9468518518606,51101.18093811333,1948.0329424875151,8418.624835524992,61467.838716125836,6000.0,5999.999999999996
2025-11-27,117198.14164999999,41417.248916666664,79121.7086120967,81449.25273744855,2327.544125351851,2327.5441253518547,7.958078640513122e-13,2059.2787000000008,24404.414670781895,19767.57588333334,3090.79991666667,49357.9587614724,2479.020853572504,9564.566838483335,61401.54645352824,6000.0,5999.999999999998
2025-11-28,72239.02128333334,41317.78273333333,35580.75739012345,35642.96442412345,62.20703399999911,62.20703399999749,0.0,2554.2304,17192.250287242798,13925.72273266667,4009.428719547326,19362.231166619073,68.95958177549696,11676.018419049999,31107.20916744457,6000.0,6000.0
2025-11-29,72156.19988333333,37226.74978333333,43527.26037633745,44603.80194526749,1076.5415689300426,1076.5415689300485,0.0,204.29134999999997,21160.752895267495,17140.209845166668,5858.100145166672,22754.80153382969,972.6580505127847,1025.777578916666,24753.237163259142,6000.0,6000.0
2025-11-30,118008.83443333332,37764.00631666666,82877.99106316871,85397.51470016666,2519.523636997954,2519.5236369979525,1.4779288903810084e-12,2404.5599000000016,24872.43798333333,20146.674766499997,2831.48326666667,51673.1008667587,2963.0847611359086,11425.766731375006,66061.9523592696,6000.0,6000.000000000004
2025-12-01,125291.39163333333,38992.4639,93631.13710925926,93639.81280925925,8.675699999992503,8.675699999999779,0.0,2460.858616666667,24655.514963374484,19970.967120333327,5117.195849551437,59383.23003655592,11.502243059999866,12457.815520633332,71852.54780024925,6000.0,6000.0
2025-12-02,125400.62359999999,36762.81365,96996.18376666665,97027.23231666666,31.0485500000068,31.048549999999977,1.5916157281026244e-12,2034.7522311666628,24943.707224897124,20204.402852166673,5684.870225102877,61744.82370623166,51.244870827500975,10066.24061120032,71862.30918825949,6000.0,6000.000000000002
2025-12-03,124622.93113333332,37460.18256666666,86336.52605472428,92949.63807057613,6613.112015851846,6613.112015851849,0.0,2363.301683333332,25371.961687242794,20551.288966666663,3329.5184666666664,53970.72820205917,6731.913316976828,11355.28957283333,72057.93109186932,6000.0,6000.0
2025-12-04,125336.25094999999,38565.042199999996,94634.67931666665,95015.53136533331,380.85204866666754,380.85204866666436,1.5916157281026244e-12,2848.1619499999997,24998.77837613168,20249.010484666665,6342.7166738683145,60311.09533343832,494.68133137069805,13643.353518575,74449.13018338403,6000.0,6000.0
2025-12-05,78868.07108333333,37556.443400000004,45437.791192946504,46918.77890117695,1480.9877082304447,1480.987708230447,0.0,1874.779549999991,20102.22886584361,16282.80538133333,3662.507283333334,23859.358753099626,1248.2710869319399,9002.966106274956,34110.59594630652,6000.0,5999.999999999996
2025-12-06,79470.82115,35806.19033333333,48716.48333374485,49320.407094238675,603.9237604938244,603.9237604938205,0.0,1141.158366666666,20728.222077572005,16789.85988283333,2858.5724494999986,25638.63330190006,527.3894921338824,5661.477344749998,31827.50013878394,6000.0,5999.999999999999
2025-12-07,125067.46291666667,37414.78166666666,96755.26288333333,97388.11057263374,632.8476893004117,632.84768930041,0.0,1648.5966006666727,24862.095122633735,20138.297049333327,6660.227850000005,61724.20157535165,746.294186749568,8385.5798537277,70856.07561582892,6000.0,5999.999999999996
2025-12-08,124410.35393333333,36563.14281666666,95730.8817,95806.02474600001,75.14304600001196,75.14304599999844,0.0,1815.7411166666661,24572.86350288066,19904.019437333343,5105.710680452676,60858.26919584666,89.8166812245004,8676.308312899999,69624.39418997116,6000.0,5999.999999999998
2025-12-09,124694.68108333333,37306.22681666666,95093.91214999999,95180.27155,86.35940000001574,86.35940000000153,0.0,1565.770266666666,25038.82429485598,20281.447678833334,4600.210933977361,60695.480439189996,102.91690640000263,8034.691464574996,68833.08881016499,6000.0,6000.0
2025-12-10,124378.76451666666,35991.146049999996,90986.47525596707,93404.63177633745,2418.1565203703794,2418.1565203703767,0.0,2587.454733333335,25538.66022633745,20686.314783333335,2752.122600000005,57278.14975112726,2469.731733131955,12340.491883275006,72088.37336753422,6000.0,6000.0
2025-12-11,123787.79896666665,37826.544266666664,93621.52330185185,94041.70351616666,420.18021431480884,420.18021431482214,1.1368683772161603e-13,1697.8773430000037,25098.587190329217,20329.855624166667,5009.594593004117,59283.84558060185,476.7269676265337,8468.854586073012,68229.4271343014,6000.0,6000.000000000002
2025-12-12,78661.70368333333,34947.2902,46655.290626337446,49763.151582098755,3107.860955761309,3107.860955761316,0.0,1537.1064333333334,19836.5587654321,16067.6126,3816.8983666666654,24404.96866890185,2522.421887867499,7409.887270733333,34337.27782750268,6000.0,5999.999999999999
2025-12-13,78840.15755,35041.62416666666,47974.92523744856,48843.19759958848,868.27236213992,868.2723621399184,0.0,2003.7646500000005,20049.46496625517,16240.066622666662,3239.0305226666374,24987.657978449755,900.5461616810193,9762.769109249999,35650.973249380775,6000.0,6000.000000000029
2025-12-14,124522.58585,35743.86405,89854.05804320986,94167.67251666666,4313.614473456793,4313.6144734567915,1.5916157281026244e-12,2510.2709333333332,25666.666666666664,20790.0,3022.554983333332,56762.403799502645,4519.077685300223,11940.840489758331,73222.3219745612,6000.0,6000.000000000001
2025-12-15,124305.22548333333,34835.66751666667,89557.90171666666,94869.74945,5311.847733333343,5311.847733333334,0.0,2194.8221999999996,25666.666666666664,20790.0,2718.3470166666693,56356.832862646654,5601.989260042503,10461.942083725,72420.76420641415,6000.0,6000.0
2025-12-16,124646.94338333333,35228.85205,94964.14525,95194.71829259253,230.5730425925285,230.5730425925264,1.5916157281026244e-12,2020.0544333339196,24974.9783127572,20229.73243333333,3051.43551316925,60610.37033911833,268.1369646160679,9211.4252259097,70089.9325296441,6000.0,6000.000000000004
2025-12-17,124466.55465,36274.70758333333,95584.28143683125,95837.00815149999,252.72671466873726,252.7267146687241,9.094947017729282e-13,1585.6922078333341,24722.090399999997,20024.893224,4533.656116666665,60729.53203924702,332.50452769157636,8253.338130608421,69315.37469754701,6000.0,6000.0
2025-12-18,124315.35926666667,36949.0923,90952.190163786,92726.07834465019,1773.888180864189,1773.888180864204,1.2505552149377763e-12,2409.8671999999997,25614.444094650207,20747.69971666667,2902.9342000000024,57685.85457573971,1866.6507275321378,11131.332112158334,70683.83741543017,6000.0,6000.000000000002
2025-12-19,78593.32543333333,35684.93413333333,44480.267074897114,47063.63533168724,2583.368256790127,2583.3682567901246,0.0,2307.4447999999993,20558.089465020577,16652.052466666668,2556.6518333333343,23752.35645288183,1755.4453576680871,10623.13235653333,36130.93416708325,6000.0,6000.000000000002
2025-12-20,78668.52011666665,35812.16786666666,47127.776089917694,47288.12104053497,160.34495061727648,160.3449506172787,1.5347723092418164e-12,1952.8315693333332,20433.900490534972,16551.459397333332,2502.159266666667,24911.975404964694,106.63337503610725,9337.196007942002,34355.804787942805,6000.0,6000.0
2025-12-21,124376.44096666665,35338.659100000004,93776.07118950617,94583.89830925924,807.8271197530703,807.8271197530872,3.183231456205249e-12,2465.5570353333387,25645.24005925926,20772.644447999995,3139.0778666666656,59565.767032845615,789.8467119454662,11224.820641713686,71580.43438650477,6000.0,6000.000000000002
2025-12-22,124718.45381666666,35781.02673333333,92083.09539897117,93894.8875232222,1811.7921242510347,1811.7921242510258,4.547473508864641e-13,2428.7705666666684,25643.47345555555,20771.213499000005,2513.9710500000015,58599.300085393224,1612.302445684485,10866.500365500004,71078.10289657771,6000.0,6000.000000000001
2025-12-23,123956.65456666666,36698.562033333335,93729.21863333331,93745.7303,16.511666666687233,16.511666666667793,0.0,1594.5053496666685,25212.23267530863,20421.908467,3291.818908024702,59583.98001946833,19.662918250002207,8234.522550438509,67838.16548815684,6000.0,6000.000000000001
2025-12-24,123954.37128333331,36099.81196666666,92592.79113497942,92860.16956831276,267.37843333334604,267.3784333333337,1.0231815394945443e-12,2190.1612166666655,25394.46345679012,20569.5154,2370.8234115226333,58997.05706502517,207.55677241250112,9765.405878674994,68970.01971611266,6000.0,5999.999999999999
2025-12-25,123789.8579,35977.40936666667,89085.24219650205,91891.01706460904,2805.7748681069934,2805.7748681069943,2.5011104298755527e-12,3318.5145000000016,25010.73349794239,20258.69413333333,2645.043666666666,56355.39819315704,2761.0064880666355,15181.883477016678,74298.28815824035,6000.0,6000.000000000004
2025-12-26,78270.30764999999,35262.685216666665,44624.55745288066,46330.672236213984,1706.1147833333234,1706.1147833333234,0.0,2763.172,20775.856769547318,16828.44398333333,2138.809016666666,23559.681412224178,1176.3888590235406,12917.832407416667,37653.90267866438,6000.0,5999.999999999999
2025-12-27,78409.18393333333,35070.374866666665,46220.78476545884,47301.15957903909,1080.3748135802525,1080.3748135802507,0.0,2961.924899999999,19922.310766872433,16137.071721166667,3139.036366666667,24344.426893427568,897.8750878316703,12643.645723499998,37885.94770475924,6000.0,6000.000000000002
2025-12-28,123511.26975,36702.015,91362.98428333332,91514.66356152264,151.6792781893164,151.6792781893073,0.0,2562.6230499999983,24892.725411522635,20163.107583333334,2538.4140333333357,57861.32156427333,151.6422338183103,12167.62544436666,70180.5892424583,6000.0,5999.999999999997
2025-12-29,123677.30638333333,36153.54011666667,90500.20576460904,93797.74588366665,3297.5401190576085,3297.5401190576154,4.547473508864641e-13,2132.7937666666667,25692.137633333332,20810.631482999997,3525.267233333332,56818.775476986455,3450.2492908316126,10324.324467208335,70593.3492350264,6000.0,6000.000000000001
2025-12-30,123526.50905,37302.10644999999,91411.9703185185,91704.43093118517,292.4606126666622,292.4606126666706,0.0,3181.2065833333327,24808.346774485595,20094.76088733333,3947.6490273662594,57721.00709022518,397.978632434206,14816.539820983327,72935.52554364271,6000.0,6000.0
2025-12-31,123791.70508333332,35145.28215,93787.90005987654,94212.73656243208,424.8365025555395,424.83650255555057,0.0,2262.3148500000016,25435.710065432097,20602.925153,2995.8435666666664,59522.18106405932,455.1481773346444,10815.179078291672,70792.50831968564,6000.0,5999.999999999998
