日期,小区负载电量_kWh,光伏实际电量_kWh,计划购电量_kWh,紧急购电量_kWh,充电量_kWh,放电量_kWh,弃光量_kWh,0:00储电量_kWh,24:00储电量_kWh,计划购电费_元,紧急购电费_元,总购电费_元,最大电能平衡残差_kWh,最大SOC递推残差_kWh,最大充电功率_kW,最大放电功率_kW
2025-01-01,127286.15238333333,35250.98236666666,54149.36566502058,34900.52509164609,7024.8460000000005,10010.125259999997,0.0,6000.0,1200.0,32909.8652559563,171559.01528220688,204468.88053816318,2.2737367544323206e-13,0.0,4956.2648,5000.0
2025-01-02,127657.07848333332,34771.83921666666,129574.51713333331,0.0,18318.087847530864,14038.06803333333,32409.25805246913,1200.0,2088.4256924074098,87433.03780850666,0.0,87433.03780850666,2.2737367544323206e-13,0.0,5000.0,4622.8615
2025-01-03,81883.55671666666,36378.61535,128867.23231721729,0.0,14761.768467502778,5507.520959760589,74108.04344280844,2088.4256924074098,9254.549580092593,87744.64487864258,0.0,87744.64487864258,2.2737367544323206e-13,0.0,5000.0,3022.4875
2025-01-04,81891.73006666666,37126.1277,80821.13424711477,0.0,12636.473157475997,9875.119364380766,33294.17808735288,9254.549580092593,9655.020572509025,61704.51525692515,0.0,61704.51525692515,2.2737367544323206e-13,0.0,4123.5566333333345,3313.0578
2025-01-05,127674.11883333333,36638.408533333335,63810.995722886815,20526.438415979075,4796.012390126398,11494.288551260503,0.0,9655.020572509025,1200.0,44893.27499601817,101471.25453251248,146364.52952853066,0.0,0.0,3015.0899999999992,4576.1663
2025-01-06,126826.69011666666,36194.20901666666,85834.11498883978,7011.16913039534,11414.21809439533,9201.415075160217,0.0,1200.0,1249.001757,62177.165952532596,31114.40230004734,93291.56825257993,2.2737367544323206e-13,0.0,3688.8338333333336,4589.65
2025-01-07,126927.46214999999,34360.5612,88710.07776311232,5731.2347827357025,10097.43777446337,8223.02617861533,0.0,1249.001757,1200.0,64584.417721455415,25817.865569361646,90402.28329081705,2.2737367544323206e-13,0.0,4789.513175000003,4486.1276
2025-01-08,126695.94394999999,37169.94263333333,100250.3984993393,35.434467619047496,19545.761069727607,14991.734403231747,6205.804983795812,1200.0,2133.702292497358,69276.87584342595,75.32264301785689,69352.19848644381,2.2737367544323206e-13,0.0,5000.0,4632.8547
2025-01-09,127066.61819999998,35975.06208333333,89849.41259254405,2621.56358783806,11065.383862286828,9685.963798571382,0.0,2133.702292497358,1330.3657701428572,65874.7235115171,10487.54647511351,76362.26998663062,2.2737367544323206e-13,0.0,3904.2558333333345,4465.4924
2025-01-10,81486.63841666667,35995.971699999995,90563.959322523,0.0,15672.22104901756,4360.692245527902,33761.76380236668,1330.3657701428572,10590.15110811655,67710.56644817491,0.0,67710.56644817491,1.1368683772161603e-13,0.0,3232.875563095236,3300.2694
2025-01-11,81610.19496666665,36744.30835,81298.63040528004,0.0,11326.589878088605,9476.09789587323,34582.251806398,10590.15110811655,10255.08433631493,62295.675542480276,0.0,62295.675542480276,2.2737367544323206e-13,0.0,2549.308571428571,3545.78
2025-01-12,126519.32696666665,35653.438566666664,81591.62667944739,2808.73638533469,8863.424039292295,15328.9493745102,0.0,10255.08433631493,1200.0,61265.445882117216,6862.1823573836455,68127.62823950086,2.2737367544323206e-13,0.0,4626.027666613108,4445.4175
2025-01-13,126980.35978333333,38706.40281666666,99622.96919717449,0.0,18683.206053821603,14721.568895300496,7387.375071986714,1200.0,1657.5866758833386,69023.42509980909,0.0,69023.42509980909,2.2737367544323206e-13,0.0,5000.0,4550.4998857142855
2025-01-14,127109.49061666665,37829.17768333333,97290.04981208451,163.64252283729815,19503.20803216598,16209.426514349456,4879.597883771954,1657.5866758833386,1200.0,66850.38378150991,389.4640413124661,67239.84782282238,2.2737367544323206e-13,0.0,5000.0,4576.55
2025-01-15,126963.89896666666,36893.55603333333,110707.18493412001,0.0,18659.176250383964,12934.3799230795,14912.04567348222,1200.0,3621.72537747946,77831.41693568404,0.0,77831.41693568404,2.2737367544323206e-13,0.0,5000.0,4668.182236337646
2025-01-16,126807.76418333333,37733.61273333333,103437.69207747628,0.0,15880.596587533026,12965.52836247282,11448.47240241608,3621.72537747946,3508.119681289374,73941.6794409423,0.0,73941.6794409423,2.2737367544323206e-13,0.0,5000.0,4542.863410153302
2025-01-17,80876.07619999998,38186.962733333334,67074.80325564605,0.0,11994.631480631087,8249.417097227564,20640.475405575875,3508.119681289374,5137.269016937838,42568.03480357529,0.0,42568.03480357529,2.2737367544323206e-13,0.0,4963.154438678662,2981.92
2025-01-18,81208.0575,37965.54848333333,64787.98988217129,0.0,9593.951056285976,8045.69370451906,19997.223513737703,5137.269016937838,4832.165295907377,41343.651321511614,0.0,41343.651321511614,1.1368683772161603e-13,0.0,5000.0,3019.930422368645
2025-01-19,126210.84621666666,37527.70675,111314.21926992563,0.0,15282.632591314745,12272.632422443632,19621.07963438786,4832.165295907377,4950.27638093106,78607.63209190386,0.0,78607.63209190386,2.2737367544323206e-13,0.0,5000.0,4288.176228134134
2025-01-20,126565.66615,38498.58959999999,109708.8566106738,0.0,12184.02140500451,9836.609520871913,19294.36817654121,4950.27638093106,4986.329511132997,79247.94588363782,0.0,79247.94588363782,2.2737367544323206e-13,0.0,5000.0,4377.070303305497
2025-01-21,125750.14588333332,42274.2412,106396.20584360487,0.0,12767.515297977552,10860.751777920448,21013.537640214436,4986.329511132997,4409.591303845631,75976.90055391539,0.0,75976.90055391539,2.2737367544323206e-13,0.0,5000.0,4363.77
2025-01-22,126679.58855,37780.82418333333,104681.78396934998,0.0,14609.43126767791,12531.38268133804,13704.97101634345,4409.591303845631,3634.320909935706,75096.09189336275,0.0,75096.09189336275,2.2737367544323206e-13,0.0,5000.0,4636.5983
2025-01-23,126355.43114999999,36789.505549999994,106471.55654466277,0.0,15820.502855654684,12206.608317152459,13291.736406160557,3634.320909935706,4309.875349855527,75803.58871496092,0.0,75803.58871496092,2.2737367544323206e-13,0.0,5000.0,4509.011478033994
2025-01-24,80339.5357,40510.12255,60057.34936939291,0.0,11070.393673961915,8440.55694049388,17598.099485924882,4309.875349855527,4894.833055872488,37570.525596503954,0.0,37570.525596503954,2.2737367544323206e-13,0.0,5000.0,3121.525488336038
2025-01-25,80632.06428333333,42192.488816666664,58266.13655678555,0.0,9602.168671602893,9039.352124020092,19263.744542536082,4894.833055872488,3493.060278070547,36637.61085645845,0.0,36637.61085645845,2.2737367544323206e-13,0.0,5000.0,3091.672101748975
2025-01-26,126385.04864999998,38686.05861666666,104313.53281446782,0.0,15420.750395452891,12357.054427204108,13550.846812885724,3493.060278070547,3641.675159306915,73444.83950677508,0.0,73444.83950677508,2.2737367544323206e-13,0.0,5000.0,4476.5425
2025-01-27,125642.95023333334,41448.033449999995,104332.64276280234,0.0,14419.18871486074,11761.360570414097,17479.897835022377,3641.675159306915,3550.76659111036,73031.91394210877,0.0,73031.91394210877,2.2737367544323206e-13,0.0,5000.0,4528.5695
2025-01-28,126496.61093333332,39516.211566666665,103323.50451574728,0.0,15991.928358302273,12977.298629342864,13328.47542012121,3550.76659111036,3524.2814143125543,72366.62153907734,0.0,72366.62153907734,2.2737367544323206e-13,0.0,5000.0,4561.73
2025-01-29,125425.44486666664,44040.24381666666,100368.75087841178,0.0,14261.86510511797,11220.784701185828,15942.46942447964,3524.2814143125543,3892.421452045585,71574.12207523629,0.0,71574.12207523629,2.2737367544323206e-13,0.0,5000.0,4487.37
2025-01-30,126011.04994999999,42268.46716666667,95879.80455997254,0.0,15210.36074030262,13150.88965711571,10077.7506934523,3892.421452045585,2969.6464993004865,68326.7826183759,0.0,68326.7826183759,2.2737367544323206e-13,0.0,5000.0,4590.91
2025-01-31,80009.91998333333,41245.59693333333,53047.259704241704,0.0,12361.536503943462,9248.635192089067,11170.035342387308,2969.6464993004865,3818.7680283061995,33330.06846203612,0.0,33330.06846203612,1.1368683772161603e-13,0.0,5000.0,3424.7697999999996
2025-02-01,76305.20628333333,41927.03034999999,42490.69342420352,0.0,15270.667808928269,13398.74303240467,6240.592714346587,3818.7680283061995,2674.8767981142305,24442.222713106923,0.0,24442.222713106923,1.1368683772161603e-13,0.0,5000.0,3312.25
2025-02-02,121705.97265000001,43349.6947,76298.4909201812,3931.527542200668,16612.153743774023,14783.233650759765,44.820419367614136,2674.8767981142305,1200.0,49126.338987556635,22181.881845430446,71308.22083298708,2.2737367544323206e-13,0.0,5000.0,5000.0
2025-02-03,122603.76899999999,42386.85249999999,84506.40542879507,205.85851478566457,22327.716948855825,18028.623719323266,196.254214048182,1200.0,1263.141121388847,54074.3971082896,995.2105944172267,55069.60770270683,2.2737367544323206e-13,0.0,5000.0,4969.833653553849
2025-02-04,121578.09884999998,40383.234899999996,97329.73984308411,0.0,21082.102799927532,15128.931288826081,10181.704381982667,1263.141121388847,3427.1099870724192,65521.832419781225,0.0,65521.832419781225,2.2737367544323206e-13,0.0,5000.0,4531.857442112929
2025-02-05,121991.08443333332,41242.65745,91985.29067823448,0.0,19337.42517668908,15699.896840152785,7599.335358364851,3427.1099870724192,3386.462823700612,62232.40099941514,0.0,62232.40099941514,2.2737367544323206e-13,0.0,5000.0,4364.8371
2025-02-06,122252.16269999999,41981.10548333333,95483.31942518623,0.0,20039.501558636395,16150.754111344653,11323.514761227838,3386.462823700612,3476.7318805348677,62922.19475279222,0.0,62922.19475279222,2.2737367544323206e-13,0.0,5000.0,4592.250532144469
2025-02-07,76168.59693333333,44362.91726666666,42028.13206289779,0.0,16139.313475793166,13793.514922699847,7876.653843137811,3476.7318805348677,2675.986316859998,23876.50041575222,0.0,23876.50041575222,2.2737367544323206e-13,0.0,5000.0,3216.2246999999998
2025-02-08,75746.78751666666,44169.6248,40385.63498487337,0.0,16140.853568692264,13470.325580988578,6137.944280503021,2675.986316859998,2235.726105362396,22877.857644839118,0.0,22877.857644839118,1.1368683772161603e-13,0.0,5000.0,3114.9713
2025-02-09,121547.90356666665,41992.48759999999,76152.80106148406,5756.193743691441,17206.401097622846,14869.33838390066,16.516124786659816,2235.726105362396,1200.0,48537.11066382842,30074.249816480835,78611.36048030926,2.2737367544323206e-13,0.0,5000.0,4955.960471699519
2025-02-10,121477.56451666665,47150.926933333336,83456.78729307969,0.0,20886.365247046462,16598.391802424492,4842.176265124384,1200.0,1555.071164092383,53448.71276744608,0.0,53448.71276744608,2.2737367544323206e-13,0.0,5000.0,4779.1893677064
2025-02-11,121441.28161666666,46220.68448333333,82607.97664102391,128.36935538792568,20312.165975839325,15950.291786996859,3153.8746742360295,1555.071164092383,2113.474112351267,54932.97566085495,619.2996038328208,55552.27526468777,2.2737367544323206e-13,0.0,5000.0,4428.8408
2025-02-12,121363.85288333331,46097.116749999994,81002.89228146282,0.0,20631.8383230639,16612.866429297694,1717.184254363271,2113.474112351267,2223.3881261113465,53167.69551191483,0.0,53167.69551191483,2.2737367544323206e-13,0.0,5000.0,4527.263580866811
2025-02-13,121310.28371666666,49980.80469999999,80731.6577952294,0.0,17917.528862430245,14330.667822172918,5815.3177383054135,2223.3881261113465,2426.199855439768,53279.45593618993,0.0,53279.45593618993,2.2737367544323206e-13,0.0,5000.0,4504.7293
2025-02-14,75872.63795,46070.83613333333,35313.54806965956,0.0,17861.34957024174,15140.024659904151,2790.4213426553047,2426.199855439768,1679.1648465416083,18636.93148432229,0.0,18636.93148432229,1.1368683772161603e-13,0.0,5000.0,3358.6035
2025-02-15,76054.55224999998,46774.461149999996,35173.44568174635,452.08034012052013,18032.16055754458,15037.29841349856,3350.5727778208493,1679.1648465416083,1200.0,18440.47763044465,972.9006227946552,19413.378253239305,5.684341886080802e-14,0.0,4931.552164930445,3283.8999999999996
2025-02-16,121276.97728333333,45899.59818333333,76949.76352428284,2734.836510558181,21821.850134633492,17675.698609053128,161.06940926066727,1200.0,1200.0,47546.96360811672,15658.381612500265,63205.34522061698,2.2737367544323206e-13,0.0,5000.0,5000.0
2025-02-17,120960.37281666664,49776.50965,82915.55253423739,0.0,19996.636123402768,15983.101578559752,7718.154822727716,1200.0,1437.9707571072129,51712.991714449214,0.0,51712.991714449214,2.2737367544323206e-13,0.0,5000.0,4876.478778515331
2025-02-18,121331.27123333333,49239.883449999994,78868.30411966406,9.81642015399325,22595.430247269236,17783.85952761091,1975.1620368263893,1437.9707571072129,2014.01406008184,49123.03747565138,45.980112001304384,49169.017587652685,2.2737367544323206e-13,0.0,5000.0,5000.0
2025-02-19,121866.79411666666,48987.46673333332,76415.39731275431,816.9857870460501,22106.88621967261,18615.769731890523,861.9392286849459,2014.01406008184,1226.023066797731,47689.34285299273,4063.338454297299,51752.68130729003,2.2737367544323206e-13,0.0,5000.0,5000.0
2025-02-20,121105.25703333333,50112.12329999999,78182.37700099559,7.216054377917203,22678.175790555106,17845.65682026088,2363.9403517459414,1226.023066797731,1807.873700229679,48658.79189424313,33.79999870616418,48692.59189294929,2.2737367544323206e-13,0.0,5000.0,5000.0
2025-02-21,75802.00203333332,50241.73999999999,34516.20334082797,0.0,17665.849687174457,14467.752997496867,5757.844617817049,1807.873700229679,1631.8573103568338,17972.197966459444,0.0,17972.197966459444,1.1368683772161603e-13,0.0,4971.329364723657,3210.228
2025-02-22,75682.24226666667,47837.47938333333,34032.37858488669,244.09741499388596,17828.149187713996,14829.47242136949,3433.0363502027376,1631.8573103568338,1200.0,17741.721725551535,521.8802732569281,18263.601998808463,1.1368683772161603e-13,0.0,5000.0,3181.83
2025-02-23,121142.14093333331,49610.287249999994,76471.63105782546,0.0,22665.766557431074,18313.300901335995,587.3117183970568,1200.0,1251.0777890924182,47252.42363582793,0.0,47252.42363582793,2.2737367544323206e-13,0.0,5000.0,4877.241922116288
2025-02-24,120628.98855000001,52425.95493333333,76383.01994468298,0.0,20160.01720255946,16257.421387346852,4277.390512803707,1251.0777890924182,1331.2917298994225,47741.04454896538,0.0,47741.04454896538,1.1368683772161603e-13,0.0,5000.0,4969.612857351715
2025-02-25,121093.33288333332,55272.00965,77200.72955290685,21.25951816542829,20589.564965917954,16332.67486444565,7143.775736266647,1331.2917298994225,1714.4836831748655,47983.70430142667,94.54315754128203,48078.24745896795,2.2737367544323206e-13,0.0,5000.0,5000.0
2025-02-26,121060.73411666666,52245.886083333324,71364.23309370625,1165.7296745641868,21040.460216143212,17337.631270505328,12.285789299215935,1714.4836831748655,1386.8631326978348,44149.976162092455,7087.067666694443,51237.0438287869,1.1368683772161603e-13,0.0,5000.0,4886.6286
2025-02-27,120599.48893333333,53642.90473333333,73710.93869077547,678.4253312450583,23319.495857905134,18556.19988675131,2669.483850866701,1386.8631326978348,1756.4095306443337,45309.22266926659,3278.046190396866,48587.26885966346,2.2737367544323206e-13,0.0,5000.0,4982.81587515654
2025-02-28,75385.10794999999,52092.5144,32881.88518607519,12.242557684225126,17084.451224899374,14170.183978535097,6687.266947395143,1756.4095306443337,1387.7667680147808,17044.395578027616,64.8258220120979,17109.221400039714,5.684341886080802e-14,0.0,5000.0,3125.8428
2025-03-01,72244.16015,48585.39421666665,33267.483359778445,178.7453796389581,16514.179848057516,13545.475768139888,6818.758726166447,1387.7667680147808,1200.0,17278.988953817243,382.1576216680924,17661.146575485334,1.1368683772161603e-13,0.0,5000.0,2873.681
2025-03-02,117860.41708333332,45502.11001666666,69728.78645997566,6379.434952427477,19012.497346044365,15400.122850295938,137.53984998804071,1200.0,1200.0,42604.99290453372,34323.431032195826,76928.42393672955,1.1368683772161603e-13,0.0,5000.0,4754.956309613399
2025-03-03,117958.74559999998,45941.59896666666,74763.810141606,1910.6964953752283,22599.865736898933,18279.38689637855,336.8811631275121,1200.0,1229.4492783439853,47299.76630585577,10642.033835016704,57941.80014087247,1.1368683772161603e-13,0.0,5000.0,4799.583
2025-03-04,118139.02498333331,48939.56704999999,79408.39818194424,0.0,21284.36733220531,16772.93018145705,5697.503097862649,1229.4492783439853,1748.7907868209293,49535.20012709808,0.0,49535.20012709808,2.2737367544323206e-13,0.0,5000.0,4964.63669595527
2025-03-05,118073.44383333332,51942.971816666664,73195.84389757924,3.814107845033959,21446.226899028938,17558.177497658937,3181.136587387614,1748.7907868209293,1541.308887437043,45365.98851425067,17.80038832431535,45383.78890257498,2.2737367544323206e-13,0.0,5000.0,5000.0
2025-03-06,117673.59855,51732.944416666665,73399.6943508086,42.94027471172564,21378.955026779466,17443.434445812018,3566.4599112195306,1541.308887437043,1400.7745828585453,45361.59438031813,91.03338309010772,45452.627763408236,1.1368683772161603e-13,0.0,5000.0,4634.6738
2025-03-07,71680.36145,50758.07591666666,32012.14106296106,0.0,15856.366967786747,12890.427699676791,8123.916261517772,1400.7745828585453,1348.807409781292,16554.809973223928,0.0,16554.809973223928,1.1368683772161603e-13,0.0,5000.0,2779.7824
2025-03-08,72344.71158333334,53281.572066666675,30171.28047179335,732.3615589099263,16358.748051957606,13384.512590888831,8866.26705296783,1348.807409781292,1200.0,15503.967665963306,2601.2101354442475,18105.177801407553,1.1368683772161603e-13,0.0,5000.0,2787.7660000000005
2025-03-09,117692.9865,54359.46145,68288.52699205236,800.1341011241325,21795.50105988939,17638.33959433982,1597.9745776269228,1200.0,1217.7958490784335,41686.072107022315,4023.8657963107767,45709.93790333309,2.2737367544323206e-13,0.0,5000.0,4684.99
2025-03-10,117943.06436666666,49900.99291666667,71717.61876927395,565.3962887265482,21461.106662897946,17325.728257427927,105.56520253048006,1217.7958490784335,1281.98267076666,44911.98290963624,3457.388628957742,48369.37153859398,2.2737367544323206e-13,0.0,5000.0,4933.3973000000005
2025-03-11,117499.55295,53560.63415,73619.86980560338,0.0,21004.079062424604,16237.609765231173,4914.481708409955,1281.98267076666,2143.8651989141626,45129.60910142693,0.0,45129.60910142693,2.2737367544323206e-13,0.0,5000.0,4729.3891
2025-03-12,118112.23683333333,55676.70215,66395.9458833065,321.05531627348944,20478.124488275153,17424.54651277439,1227.8885407458902,2143.8651989141626,1213.5700019458118,40698.17255653463,1458.0566312705048,42156.22918780513,1.1368683772161603e-13,0.0,5000.0,4773.84
2025-03-13,118237.27704999999,50691.65903333333,67684.19797385478,3598.7197246652468,18902.07696886209,15196.851448255078,32.074161246351764,1213.5700019458118,1340.0487758604966,41302.79678808018,21420.431583523245,62723.22837160343,2.2737367544323206e-13,0.0,5000.0,4976.26
2025-03-14,72108.86895,56079.44296666666,31158.342904117926,0.0,15959.22659477112,12187.501653590381,11357.191979603855,1340.0487758604966,2161.6842071651886,16385.755577216503,0.0,16385.755577216503,1.1368683772161603e-13,0.0,5000.0,2980.29
2025-03-15,72724.98178333332,51800.85663333333,28324.307432181784,1220.8471274620483,14501.289498230137,12611.56028001508,6731.300191428776,2161.6842071651886,1200.0,14696.007507500244,4105.118728146177,18801.12623564642,1.1368683772161603e-13,0.0,4695.822878185955,2964.0443
2025-03-16,117983.21598333331,54632.16905,69529.23224316844,719.7359651861916,20500.105459786933,16605.08542242742,3002.9012376617898,1200.0,1200.0,42162.37790272282,4797.273016795316,46959.65091951814,2.2737367544323206e-13,0.0,5000.0,5000.0
2025-03-17,117693.6218,59835.49036666667,69615.27523719706,0.0,18990.159520528563,14847.254047370727,7614.238330705899,1200.0,1794.19462695267,42513.984054208675,0.0,42513.984054208675,2.2737367544323206e-13,0.0,5000.0,4751.295378032539
2025-03-18,117253.42358333334,56127.46521666667,69652.73547646868,0.0,21211.44478715674,17148.39829908072,4463.730621725989,1794.19462695267,1830.7190475262707,43355.120486871485,0.0,43355.120486871485,2.2737367544323206e-13,0.0,5000.0,4809.182499999999
2025-03-19,117281.55799999999,57816.08755,63401.557999377736,101.55010791567214,21262.612689592814,17635.972309808367,410.99727750896136,1830.7190475262707,1371.5456794838449,38819.803174377215,483.2993395243433,39303.10251390156,2.2737367544323206e-13,0.0,5000.0,4940.67
2025-03-20,117648.38173333334,55439.41991666665,62007.89364317169,3785.8707378987947,17901.599456021424,14351.411795701668,34.614904084065984,1371.5456794838449,1536.9720835679395,37876.09291631295,22920.774286920645,60796.86720323359,1.1368683772161603e-13,0.0,5000.0,4962.09
2025-03-21,72593.53221666667,60560.0677,29973.453563157556,0.0,15259.72871628527,12171.294549963139,14851.554880168758,1536.9720835679395,1747.0673171545277,15716.831266393572,0.0,15716.831266393572,1.1368683772161603e-13,0.0,4945.734345381603,2968.95
2025-03-22,71936.92953333333,56055.72979999999,28436.899723384835,162.50047953617448,14758.76342957627,12446.958963395851,10406.396003407259,1747.0673171545277,1200.0,14632.615893660015,347.42602524834103,14980.041918908357,5.684341886080802e-14,0.0,4977.0931521703715,2808.2517
2025-03-23,117739.97726666667,58970.25715,65013.60138139076,138.03771224337964,21104.313824606965,17094.494197931643,2372.0993502921597,1200.0,1200.0,39421.836462528176,782.385720756485,40204.22218328466,2.2737367544323206e-13,0.0,5000.0,4906.1392
2025-03-24,117425.17061666667,59426.67353333333,64959.52457120874,39.43607986576626,20596.10503237588,16682.84507622447,3087.203611589773,1200.0,1200.0,39450.674669553584,84.2662758392978,39534.94094539288,2.2737367544323206e-13,0.0,5000.0,4749.924727411052
2025-03-25,118053.16781666667,57103.043099999995,65625.34035517939,269.7035487181941,21592.220982369232,17371.371839272368,724.0700441340545,1200.0,1331.4746182741221,40620.05920361326,1071.5564355896431,41691.6156392029,2.2737367544323206e-13,0.0,5000.0,4799.475036220978
2025-03-26,117704.62780000002,62112.07293333332,66435.84945316243,0.0,20302.1962812852,16053.777930671697,6594.876235882278,1331.4746182741221,1765.9202373511419,40493.061540458155,0.0,40493.061540458155,2.2737367544323206e-13,0.0,5000.0,4727.602500000001
2025-03-27,117952.59836666666,59235.60896666666,60124.755219632716,2006.679177116835,18269.876110575588,15142.685213473525,287.25409964749997,1765.9202373511419,1383.6029441208102,36898.69110457125,12189.851239547446,49088.542344118694,2.2737367544323206e-13,0.0,5000.0,4600.3525
2025-03-28,71891.76726666666,61069.8865,29225.69339290533,0.0,15181.002526735863,11921.906946043971,15144.717045546773,1383.6029441208102,1799.9419448008937,15106.832087884155,0.0,15106.832087884155,1.1368683772161603e-13,0.0,5000.0,2903.24
2025-03-29,72118.27746666667,64411.06828333333,27569.61975640823,590.8383880515737,14295.83826830267,12119.57674764597,18276.98744046977,1799.9419448008937,1200.0,13964.137197375136,2231.3118806138264,16195.449077988962,5.684341886080802e-14,0.0,5000.0,2893.47
2025-03-30,117994.70584999998,62649.086149999996,61295.894209493395,0.0,21936.88715956241,17639.76783165143,1653.1551815824123,1200.0,1343.45640843792,36950.34400036464,0.0,36950.34400036464,2.2737367544323206e-13,0.0,5000.0,4569.474799999999
2025-03-31,117075.66561666667,60124.27613333333,60993.095594397004,852.4308734719136,19518.347393551732,15614.366446067474,990.1560370513247,1343.45640843792,1560.6730114483962,36899.00241089717,5683.451802387745,42582.45421328492,1.1368683772161603e-13,0.0,5000.0,4776.2825
2025-04-01,117967.14629999998,57758.29478333333,62232.36777979165,1509.050639793502,18914.496850306532,15470.046995920926,88.11704853288666,1560.6730114483962,1394.77907014547,37898.29232648913,10004.733762158057,47903.02608864719,1.1368683772161603e-13,0.0,5000.0,4530.318
2025-04-02,117986.62945000001,57551.29405,65762.4248082054,2004.4897110716133,21202.843084402615,17138.428754210094,3267.164789084487,1394.77907014547,1434.6392303188286,39425.162634102235,10115.05080705991,49540.213441162145,2.2737367544323206e-13,0.0,5000.0,4730.4775
2025-04-03,117884.45609999998,62020.92583333333,62307.30661288014,0.0,19313.712543729373,15706.65986954818,2836.7236720322735,1434.6392303188286,1365.136220177284,38225.13345247884,0.0,38225.13345247884,2.2737367544323206e-13,0.0,5000.0,4677.277500000001
2025-04-04,71735.75181666666,65304.94956666666,28029.408131868353,0.0,14562.53789497017,11600.36544251518,18636.433429413362,1365.136220177284,1582.1253895224606,14171.106818823486,0.0,14171.106818823486,1.1368683772161603e-13,0.0,5000.0,3021.02
2025-04-05,72602.74256666665,60558.62758333333,27198.188570924634,460.5149989991805,13889.681790470037,11594.55510085095,13319.461896971392,1582.1253895224606,1200.0,13706.33811105871,1170.7464715400713,14877.084582598782,5.684341886080802e-14,0.0,4916.925943798087,2903.5064
2025-04-06,117205.43058333332,62795.354316666664,59754.442515801216,0.0,21312.362619413307,16870.652820950058,902.6564506713027,1200.0,1635.9565564163618,36348.23327077912,0.0,36348.23327077912,2.2737367544323206e-13,0.0,5000.0,4635.19
2025-04-07,117015.14203333334,63772.422750000005,59439.958554840196,0.0,19905.43822592778,16237.428587337594,2529.2296329166747,1635.9565564163618,1509.2636404873747,35681.01445969762,0.0,35681.01445969762,1.1368683772161603e-13,0.0,5000.0,4410.1141
2025-04-08,117713.29026666663,63360.09665,59053.09842787564,771.5435898072999,21109.594215585923,17366.614638862513,1728.4688242928619,1509.2636404873747,1211.6599468896904,35637.95972931319,4055.176200203981,39693.13592951717,2.2737367544323206e-13,0.0,5000.0,4479.03
2025-04-09,117677.52253333334,58543.21151666666,62023.378622442666,1604.4143093227901,19480.539673289844,15713.9103619533,726.8526037622463,1211.6599468896904,1284.2452506802144,37216.87083867182,9649.205331365749,46866.07617003757,2.2737367544323206e-13,0.0,5000.0,4497.9315
2025-04-10,117668.70068333333,63208.062783333335,62854.176298225866,207.39752659605938,19779.697570511657,15702.298517426563,4523.536871736837,1284.2452506802144,1638.9747114445195,37917.34349329605,1013.588228119489,38930.93172141554,2.2737367544323206e-13,0.0,5000.0,4601.8015
2025-04-11,72091.99674999999,66775.34658333333,27345.954080880987,0.0,13949.006832422316,11460.14092347892,19540.438005270928,1638.9747114445195,1459.5909456480258,13857.557305243234,0.0,13857.557305243234,1.1368683772161603e-13,0.0,4844.765623287903,2958.92
2025-04-12,71957.17576666665,62932.01521666666,27121.729586463345,52.35083356310133,13308.247339785534,11013.312196309507,15853.984726550418,1459.5909456480258,1200.0,13670.807037810848,111.92608215791064,13782.733119968758,5.684341886080802e-14,0.0,4999.242418534441,2856.9236
2025-04-13,117283.0622,63006.70371666667,56784.35692742263,1439.7157495666158,20004.088256908224,16073.2089044934,16.83484124109839,1200.0,1344.5584262247344,34308.44736675443,9051.236193698585,43359.68356045301,2.2737367544323206e-13,0.0,5000.0,4493.88
2025-04-14,117901.37268333332,65373.34088333333,58336.6922874478,0.0,20772.580587615386,16650.952719942692,1687.0326197751074,1344.5584262247344,1538.8223773644686,34965.59682178084,0.0,34965.59682178084,2.2737367544323206e-13,0.0,5000.0,4555.9
2025-04-15,117056.90516666663,66917.47633333332,57354.0163342201,0.0,19710.161887878858,16125.448724742506,3629.874337750415,1538.8223773644686,1360.8028267415534,34399.16751342428,0.0,34399.16751342428,2.2737367544323206e-13,0.0,5000.0,4506.4415
2025-04-16,117924.88506666667,62145.29311666667,56376.29946099412,2717.1639918734118,18134.917040408407,14821.045537540871,0.0,1360.8028267415534,1214.3997880636994,34075.75832464853,15626.030183601748,49701.788508250276,2.2737367544323206e-13,0.0,4991.050878694271,4383.19
2025-04-17,117487.04263333333,64618.700283333324,61748.14324411563,143.57400609482335,20429.161079221307,16176.586621481194,4770.800442470341,1214.3997880636994,1626.6596243837744,36560.68237757725,941.2982406200392,37501.98061819729,2.2737367544323206e-13,0.0,5000.0,4505.26
2025-04-18,71490.16935,65136.05216666666,25886.90856344488,123.79291158549447,13401.159658501323,10757.748090021087,17013.1727232168,1626.6596243837744,1734.6498836781977,13002.113881656274,508.02240249342213,13510.136284149696,5.684341886080802e-14,0.0,4671.101603839269,2851.56
2025-04-19,71905.41535,65120.736099999995,25681.182377530764,130.45425913955899,12980.122508710077,10995.08412736554,17041.919005325788,1734.6498836781977,1200.0,12811.107430178792,278.9112060403771,13090.018636219169,1.1368683772161603e-13,0.0,4811.638011245641,2851.6119
2025-04-20,117197.81635000001,65240.07146666666,55896.311246449135,226.6725659329785,21284.523291366328,17133.086252813366,13.801890495827138,1200.0,1319.3084591037355,33419.83879878257,1515.5633097824996,34935.40210856507,1.1368683772161603e-13,0.0,5000.0,4329.2694
2025-04-21,118481.63788333333,69964.7275,57324.13290413331,119.85537568584871,19910.58698456743,16204.178408008811,5220.6693199272095,1319.3084591037355,1234.1940696490888,34378.56013835335,287.0516117547585,34665.61175010811,2.2737367544323206e-13,0.0,5000.0,4446.0993
2025-04-22,117811.00101666666,65658.0717,55085.10041978335,1041.5495431974882,19169.274059450683,15557.886650839238,362.3332377027354,1234.1940696490888,1200.0,32903.034079051344,6279.779085549832,39182.813164601175,1.1368683772161603e-13,0.0,4975.139950959818,4416.9422
2025-04-23,118030.51476666666,66630.59805,55126.434774842404,287.51867990024664,20183.702466033497,16217.332765026498,47.66703706899011,1200.0,1346.0735916229348,32911.82998557437,1845.1006866205826,34756.930672194954,2.2737367544323206e-13,0.0,5000.0,4490.2167
2025-04-24,117497.77966666665,70407.67296666667,58076.42272811418,0.0,19053.908949931487,15088.455993411768,7020.863071594463,1346.0735916229348,1729.6405427704217,34485.4895575425,0.0,34485.4895575425,2.2737367544323206e-13,0.0,5000.0,4473.01
2025-04-25,71763.32119999999,69762.96354999999,24568.456572710686,16.093272285185638,12551.26458967575,10643.200806130739,20676.12841145086,1729.6405427704217,1200.0,12077.629029310781,34.40741614572689,12112.036445456508,1.1368683772161603e-13,0.0,5000.0,2941.25
2025-04-26,72100.92436666666,72030.73073333333,25039.597560645314,693.5253027840596,13019.779412217038,10546.021323895797,23189.171141774797,1200.0,1200.0,12188.361219880106,2065.2739884885796,14253.635208368685,1.1368683772161603e-13,0.0,5000.0,2904.7994
2025-04-27,117032.52253333331,68459.05135,52256.654837949485,762.7335551361654,20347.189317506105,16356.198289777009,454.9261820232234,1200.0,1338.9167304477037,31640.816623806117,4690.014775709664,36330.83139951578,2.2737367544323206e-13,0.0,5000.0,4403.1787
2025-04-28,117537.30079999998,60915.33348333333,53126.79969081479,6032.943584913262,13828.052036339242,11290.276077277858,0.0,1338.9167304477037,1239.4123661776227,32265.980720980668,38219.661562616355,70485.64228359703,2.2737367544323206e-13,0.0,4944.027783181108,4322.7207
2025-04-29,117252.75871666666,69819.545,56927.1052996757,74.42652579468904,17813.144232298186,14239.851065996492,5995.024942502031,1239.4123661776227,1449.1854352498872,34302.007899195174,519.1994439437508,34821.20734313892,2.2737367544323206e-13,0.0,5000.0,4493.95
2025-04-30,117682.88071666665,69426.02628333333,54698.143974035986,66.82391086272207,18698.036218203,15369.67622846933,3179.753461831709,1449.1854352498872,1200.0,33043.0661879628,142.82169427150694,33185.88788223431,2.2737367544323206e-13,0.0,5000.0,4481.027000000001
2025-05-01,120364.58391666664,69353.20511666665,55162.04698631229,2889.352154430372,19451.41056882568,15554.759195478791,3143.3689673957765,1200.0,1423.2037391889016,33320.17829701725,14255.691292477928,47575.86958949518,2.2737367544323206e-13,0.0,5000.0,4917.6889
2025-05-02,74761.02673333333,60470.70664999999,27986.609187171896,628.9611996869073,13495.185961171515,11131.98399381894,11962.048336172897,1423.2037391889016,1200.0,14864.652120049283,2063.635935582527,16928.28805563181,5.684341886080802e-14,0.0,4931.766183135417,3278.4932999999996
2025-05-03,74894.84928333333,66027.67763333333,29149.258960335137,366.2416685604438,13160.973704616626,10660.388700739468,18147.74397501842,1200.0,1200.0,15698.805692187118,779.5368259700548,16478.342518157173,1.1368683772161603e-13,0.0,5000.0,3435.05
2025-05-04,120670.08423333333,68935.41689999998,60831.641856517934,30.93204701662564,18071.839675537234,14556.9896980604,5613.056592724397,1200.0,1290.2227101386254,37498.31596188289,65.87120067222112,37564.18716255511,1.1368683772161603e-13,0.0,5000.0,4823.247600000001
2025-05-05,120612.16386666667,65536.15706666667,60785.890542086985,3.8191275631665533,20899.614284601048,16960.079335829178,1774.1679208782853,1290.2227101386254,1255.3429709138125,37328.21956282591,18.849304088008523,37347.06886691391,2.2737367544323206e-13,0.0,5000.0,4855.450099999999
2025-05-06,121017.1901,68147.10773333332,60575.23009490188,117.11427844314683,20449.626929797218,16594.95091795152,3967.585994832668,1255.3429709138125,1221.17285445185,36962.42868349553,554.2697005456647,37516.69838404119,2.2737367544323206e-13,0.0,5000.0,4885.615
2025-05-07,121160.21501666665,66092.36906666667,56930.8053137448,2010.3600012286838,19436.42665160787,15571.510688235194,8.403401600806319,1221.17285445185,1412.2782984153957,34910.60819771142,11822.10495072278,46732.7131484342,1.1368683772161603e-13,0.0,5000.0,4873.81
2025-05-08,120445.47738333333,64618.964983333324,58530.154024056435,1049.054244190928,18439.55989472177,14840.713945349267,153.84991887485876,1412.2782984153957,1518.2000421658072,36286.92505778704,6398.469355300821,42685.39441308786,2.2737367544323206e-13,0.0,4982.031381084697,5000.0
2025-05-09,74253.82545,65754.43959999998,28521.116990984672,117.36788780614461,13578.561607048501,10148.467781517098,16709.005203259414,1518.2000421658072,2462.8301757126833,15692.859211925792,464.5031903969944,16157.362402322786,1.1368683772161603e-13,0.0,4924.589827717973,3364.7508
2025-05-10,74647.98705,62526.94176666666,27624.081379626146,3.7895459285782067,11757.066583375865,10659.771090675866,14409.530149521388,2462.8301757126833,1200.0,15479.993830000629,8.102049195300205,15488.09587919593,1.1368683772161603e-13,0.0,4706.307585073518,3324.0296999999996
2025-05-11,120743.09041666664,65259.01133333333,62366.64555878742,36.71510310301346,19751.15751643369,14913.020374203672,2081.1444363270875,1200.0,2406.019126786243,38398.29799485162,247.25610561896528,38645.55410047059,2.2737367544323206e-13,0.0,5000.0,5000.0
2025-05-12,120448.60361666666,68517.40838333333,58207.47163979633,0.0,16768.494229332962,13909.221206684158,3417.003383814194,2406.019126786243,2042.9737035368419,36250.77840349317,0.0,36250.77840349317,2.2737367544323206e-13,0.0,5000.0,4828.868
2025-05-13,120269.6316,67140.41883333333,58883.48749278526,0.0,18262.248793965347,15172.494309265292,2664.5202414185387,2042.9737035368419,1620.6706078108818,36289.353400474734,0.0,36289.353400474734,2.2737367544323206e-13,0.0,5000.0,4952.8874000000005
2025-05-14,120592.00526666666,67577.85648333334,58252.75652638274,174.47523155462898,18382.999879694762,15267.512156134711,2297.59525104399,1620.6706078108818,1201.4681038309343,35665.1229300776,944.7832102088497,36609.90614028645,2.2737367544323206e-13,0.0,5000.0,4938.05
2025-05-15,119598.30981666666,66833.25153333333,56704.21516855659,119.60015890113303,19471.36786315099,15592.71649084642,180.10567181981935,1201.4681038309343,1400.458635281911,35045.157565379675,266.24237283168856,35311.39993821136,1.1368683772161603e-13,0.0,5000.0,4833.73
2025-05-16,74681.34474999999,71965.83821666666,26215.85039743856,171.0899975403199,12723.886144330405,10479.918169495606,21427.465886810744,1400.458635281911,1207.6026435174913,13425.577586957981,386.3249399716807,13811.902526929662,5.684341886080802e-14,0.0,5000.0,3396.6799999999994
2025-05-17,75274.53043333333,64825.731349999995,28817.19172652452,0.0,13177.206086507178,9945.289598842533,15136.476155526543,1207.6026435174913,2016.7663448822505,15947.133568005722,0.0,15947.133568005722,1.1368683772161603e-13,0.0,4799.736523609712,3559.9646
2025-05-18,120687.03699999998,67010.8689,62811.93629752754,42.892652368854115,18490.291716738157,14754.432499971657,5442.801633129908,2016.7663448822505,2264.215001089189,39308.048903178074,223.00033418690754,39531.04923736498,2.2737367544323206e-13,0.0,5000.0,4779.421822485202
2025-05-19,120072.38798333332,72557.17143333334,54983.82352650028,62.267254388493484,17892.774067609105,14760.993958171508,4399.094121451183,2264.215001089189,1966.6072639690462,34322.04216102203,419.9614972231943,34742.00365824522,2.2737367544323206e-13,0.0,5000.0,5000.0
2025-05-20,120437.57771666665,65910.18289999999,54073.05852065295,2637.9200831507196,15123.843814258678,12940.260027121669,0.0,1966.6072639690462,1200.0,33618.83960828018,15955.065554034914,49573.90516231509,2.2737367544323206e-13,0.0,4983.763150157193,4935.1247
2025-05-21,120283.05128333333,68920.43599999999,59899.76522643003,465.56424439836854,17425.846371830965,14101.978624222535,5678.846439886627,1200.0,1214.3965966228307,36284.20965251773,2741.2358071120725,39025.4454596298,4.547473508864641e-13,0.0,5000.0,4866.026
2025-05-22,119729.68001666667,68913.0492,54954.55743862057,87.87741669359127,19075.47033651573,14851.042324215163,1.37602634693053,1214.3965966228307,1881.1617614701404,34185.71080641635,610.6368723178051,34796.34767873415,2.2737367544323206e-13,0.0,5000.0,4905.821245744717
2025-05-23,74983.38438333332,68562.43549999999,25843.25482947332,349.6281875618637,12196.34102265162,10193.39627767838,17768.98938872861,1881.1617614701404,1531.872817769511,13535.410615758079,1508.384558925068,15043.795174683148,5.684341886080802e-14,0.0,4850.174030398135,3307.8843999999995
2025-05-24,74693.81781666665,70939.31643333333,28412.68541842755,0.0,12357.268992555462,9113.986916310825,21414.90195884958,1531.872817769511,2526.7627818351793,15897.027533490142,0.0,15897.027533490142,5.684341886080802e-14,0.0,5000.0,3308.5706000000005
2025-05-25,120319.8776,71774.86741666666,58934.8170070973,0.0,16061.881545504333,13424.56654150269,7752.491819762318,2526.7627818351793,2066.2711266749784,37114.80423281387,0.0,37114.80423281387,2.2737367544323206e-13,0.0,5000.0,4705.3245
2025-05-26,119407.96936666666,64828.13641666666,54274.02645242057,2845.1210170779545,15133.957158690519,12649.807023735906,55.16438454391516,2066.2711266749784,1631.4914320121068,34119.55894518746,18602.43665970437,52721.99560489183,2.2737367544323206e-13,0.0,5000.0,4830.6776
2025-05-27,120046.82734999999,70656.46005,54976.0235191916,0.0,18378.585567623064,15163.16333431608,2370.2339858846126,1631.4914320121068,1324.2591825216691,34032.854149441315,0.0,34032.854149441315,1.1368683772161603e-13,0.0,5000.0,4888.5132
2025-05-28,119921.84721666668,67648.02311666666,58186.30920115378,0.0,18813.758116329675,15044.136160284768,2142.8631451088777,1324.2591825216691,1540.9346424575194,35506.96194204042,0.0,35506.96194204042,2.2737367544323206e-13,0.0,5000.0,4915.7771
2025-05-29,120439.31426666665,66329.19076666667,55235.9928580336,2378.35316181153,17825.34093376615,14324.522919789662,3.404505868644037,1540.9346424575194,1667.604905302981,34069.77065550849,15526.140011472085,49595.91066698058,2.2737367544323206e-13,0.0,5000.0,4858.67
2025-05-30,74612.22448333332,68015.99121666666,26604.994100063363,0.0,12374.779809642232,10187.73329758934,17821.714321343807,1667.604905302981,1485.2030699928314,13876.874575089521,0.0,13876.874575089521,5.684341886080802e-14,0.0,5000.0,3195.1185999999993
2025-05-31,74778.33258333334,66389.15103333333,28075.63156496393,0.0,13065.956282362406,9989.58688313056,16610.08061573208,1485.2030699928314,2145.022742862823,15479.139488180263,0.0,15479.139488180263,1.1368683772161603e-13,0.0,5000.0,3307.6821
2025-06-01,128248.56003333333,57023.733733333334,59468.40375842998,13025.073867237381,11103.688473416696,9844.508132044062,9.470984294733853,2145.022742862823,1200.0,37436.19684242548,69389.10281244756,106825.29965487303,1.1368683772161603e-13,0.0,5000.0,5000.0
2025-06-02,128080.53698333332,59439.72953333333,74499.23063239873,0.0,20366.388461164122,16260.468836215014,1752.5035574496226,1200.0,1462.5620192532467,48005.61614069696,0.0,48005.61614069696,2.2737367544323206e-13,0.0,5000.0,4648.79344595399
2025-06-03,128076.84056666665,59884.473733333325,74714.01018977356,142.41339987739264,21363.26163304042,17401.916539434158,2702.7116627113496,1462.5620192532467,1354.0346673961183,47289.22251420986,960.0386642083454,48249.26117841821,2.2737367544323206e-13,0.0,5000.0,5000.0
2025-06-04,128539.84358333332,58894.58276666667,73681.06090852199,28.062670135077063,20812.254115086118,16811.83823243178,63.44687933607486,1354.0346673961183,1405.243112716091,45901.58916318286,174.74442904583617,46076.3335922287,2.2737367544323206e-13,0.0,5000.0,5000.0
2025-06-05,128455.92066666666,57306.60264999999,74695.40951989431,710.764423208836,21014.66464034607,17054.85171563958,297.04300173001,1405.243112716091,1368.6060494280205,46708.244373857866,4792.318653233796,51500.56302709166,2.2737367544323206e-13,0.0,5000.0,5000.0
2025-06-06,82747.415,51892.4196,31416.645798692072,4222.020057643675,13734.34857680953,11215.525712712912,2264.8475922391285,1368.6060494280205,1267.8245322089253,16916.687072835215,23173.12405343601,40089.81112627123,0.0,0.0,5000.0,3788.0399999999995
2025-06-07,83156.75975,52030.24658333333,36924.169882141214,269.5349354801219,13644.151734260016,11112.804983738644,3535.8449004332933,1267.8245322089253,1200.0,21882.075275813197,576.2351277362604,22458.310403549458,1.1368683772161603e-13,0.0,4659.802181698318,3959.6465
2025-06-08,128266.94665,63082.023383333326,86724.31542796052,0.0,16322.857754678196,11947.662478060905,17164.196884676574,1200.0,2615.3914480315907,55641.71595292002,0.0,55641.71595292002,2.2737367544323206e-13,0.0,5000.0,4790.308284207244
2025-06-09,128169.18798333332,57236.475249999996,80645.27710358615,0.0,18637.538080204788,15053.569242346814,6128.5955323948465,2615.3914480315907,2662.9876731638824,53120.89656765999,0.0,53120.89656765999,3.410605131648481e-13,0.0,5000.0,4738.96980571659
2025-06-10,127414.49178333332,55796.047549999996,73776.5162312995,809.199354371439,20256.700747651485,17695.62096403857,406.1915687246933,2662.9876731638824,1232.2172748962528,46970.58031661126,4323.497433188262,51294.07774979952,2.2737367544323206e-13,0.0,5000.0,5000.0
2025-06-11,128236.67731666665,52152.230999999985,75440.15685915855,5696.467439487516,20891.769238931298,16814.115420036782,974.5241630848774,1232.2172748962528,1352.4591232268892,46836.237451069246,29881.49636872135,76717.73381979059,2.2737367544323206e-13,0.0,5000.0,4957.86561472773
2025-06-12,127721.81298333332,55269.42155,79386.99862216439,0.0,19991.585533597427,15499.70009781746,2442.7217530511007,1352.4591232268892,2122.9971058896185,51735.202079106406,0.0,51735.202079106406,2.2737367544323206e-13,0.0,5000.0,4876.565624481135
2025-06-13,81889.5904,53544.2767,32481.20389768329,1224.1340410691064,12792.542411287946,11077.584097969118,3645.065925433568,2122.9971058896185,1327.8585005275258,18394.759085440644,6751.0831008357,25145.842186276343,1.1368683772161603e-13,0.0,4927.397906896819,3801.17
2025-06-14,82253.15711666665,56059.814366666666,39506.2201270406,0.0,13995.847547372769,10783.995743040345,10101.025572708175,1327.8585005275258,1941.9038008959678,24250.73454891763,0.0,24250.73454891763,1.7053025658242404e-13,0.0,5000.0,3932.4898
2025-06-15,127368.88451666664,56741.910183333326,81998.42208814743,0.0,20437.337228000826,15964.079005229727,6898.189532043016,1941.9038008959678,2597.6417447303547,52631.02996990776,0.0,52631.02996990776,2.2737367544323206e-13,0.0,5000.0,4716.349177717573
2025-06-16,127618.63201666666,54924.57919999999,76206.61876916914,154.53768229563002,22538.583442566225,19222.21583470655,350.73602693844236,2597.6417447303547,1524.349248921572,47730.09397515646,738.9334344319968,48469.02740958845,2.2737367544323206e-13,0.0,5000.0,5000.0
2025-06-17,127311.75459999999,52674.743383333334,77166.08243911783,1088.5707282961741,18925.79411859851,15621.807560094208,313.6553922430487,1524.349248921572,1200.0,51364.66310154377,5502.543094381975,56867.20619592574,2.2737367544323206e-13,0.0,5000.0,4904.776727649998
2025-06-18,126909.07891666665,55980.68801666667,80909.25810469138,0.0,20185.239016296156,15605.581361941495,5401.209550336726,1200.0,2027.180268064878,51546.096319628494,0.0,51546.096319628494,3.410605131648481e-13,0.0,5000.0,4949.991685646664
2025-06-19,127349.06689999999,59089.562699999995,77960.25487311141,37.31023622195323,18902.117751021266,15395.525455919294,6231.4686142313985,2027.180268064878,1932.9468485181349,50619.41723231018,251.2046569069983,50870.62188921718,2.2737367544323206e-13,0.0,5000.0,5000.0
2025-06-20,81137.07971666666,58736.49886666667,32292.794699298833,227.24415081358836,12327.171123950066,10609.441087690155,8401.72796385251,1932.9468485181349,1239.132984861914,18459.200020079435,515.5616925254499,18974.761712604886,1.1368683772161603e-13,0.0,5000.0,3816.69
2025-06-21,81408.0648,62073.3244,33989.874237973745,185.3588218161823,13668.234779309489,10586.874760353287,11759.132640833734,1239.132984861914,1777.3501080701321,19731.916861995513,760.7641415246983,20492.68100352021,1.1368683772161603e-13,0.0,4951.015824313344,4004.9442
2025-06-22,126539.46191666667,59082.12081666667,75196.82738850091,0.0,20794.469762864202,16430.270273553193,3375.286799189899,1777.3501080701321,2236.5170351443667,49123.908091110345,0.0,49123.908091110345,2.2737367544323206e-13,0.0,5000.0,4939.121821967181
2025-06-23,126690.87308333332,59629.587083333325,71525.92176545248,388.4883299393583,21434.226596199132,18154.912644947948,1573.8101441406657,2236.5170351443667,1355.19581067031,44946.164695191655,1808.033293050794,46754.19798824245,2.2737367544323206e-13,0.0,5000.0,4926.33195424605
2025-06-24,127112.84501666666,50844.05276666667,73280.78935362754,6154.300588920979,17172.04633406508,14049.033760195998,43.28511867943348,1355.19581067031,1200.0,48376.91426073591,31910.379763862424,80287.29402459833,2.2737367544323206e-13,0.0,5000.0,4756.293606271821
2025-06-25,126310.40843333333,55872.98706666666,80195.4197252026,7.9940123595080195,20764.774532383617,16166.677424398149,5167.895262909972,1200.0,1925.322163147307,51566.39054665756,54.011544507015934,51620.40209116458,2.2737367544323206e-13,0.0,5000.0,5000.0
2025-06-26,126697.44536666665,59150.061533333326,75386.03306269311,74.94634027765528,21325.430307491468,17435.56958652749,4023.7348486734627,1925.322163147307,1745.3543437479707,46915.18094245106,505.8199390241319,47421.00088147519,2.2737367544323206e-13,0.0,5000.0,5000.0
2025-06-27,79563.255,59791.60913333333,33444.58282012648,0.0,13147.06687485972,10828.892146170641,11354.762224770733,1745.3543437479707,1545.6121464876776,18701.155110682823,0.0,18701.155110682823,1.1368683772161603e-13,0.0,4825.394509023899,3848.9299999999994
2025-06-28,80661.5728,58884.646683333325,31577.999467024652,440.3879977203169,13585.886477990216,11315.618979010986,7971.193849099074,1545.6121464876776,1200.0,17733.760917019594,942.155467257885,18675.91638427748,1.1368683772161603e-13,0.0,5000.0,3768.0616999999997
2025-06-29,126384.80871666667,57117.04018333333,75167.73185257372,0.0,21574.697151585053,16323.166540787672,648.4327084430126,1200.0,2480.375724440245,49032.17804889695,0.0,49032.17804889695,2.2737367544323206e-13,0.0,5000.0,4886.801989378075
2025-06-30,125947.32058333332,56069.636600000005,73051.39558278583,260.45595867772806,20606.691489539597,17571.03377555425,398.50984414488715,2480.375724440245,1503.027203298938,46192.965787008914,1339.0278551274243,47531.99364213634,2.2737367544323206e-13,0.0,5000.0,5000.0
2025-07-01,141546.85106666666,62680.30703333332,74674.93067496498,7461.652087723649,16355.49352741564,13520.674240175715,435.21944211537095,1503.027203298938,1200.0,49397.305190364685,33148.094554786025,82545.3997451507,2.2737367544323206e-13,0.0,5000.0,5000.0
2025-07-02,141198.65821666666,68293.89185,96841.02571694701,0.0,15370.068734358698,9783.296408561248,18349.4870244829,1200.0,4162.732518076996,63776.35649787767,0.0,63776.35649787767,4.547473508864641e-13,0.0,5000.0,4822.849556257018
2025-07-03,141565.53863333332,61805.119699999996,81947.07964385759,243.10496999709667,19303.51250476094,17888.67218508077,1014.9253608411873,4162.732518076996,1659.5913444943196,52657.582810191554,1405.5019141871026,54063.084724378656,2.2737367544323206e-13,0.0,5000.0,4789.5789824707135
2025-07-04,95795.06574999998,66914.19828333333,37649.05332030697,3089.914435808172,13214.43666400016,11117.325907885017,9760.98953333333,1659.5913444943196,1200.0,21859.96927798287,14478.356688602504,36338.32596658537,1.1368683772161603e-13,0.0,5000.0,4675.25
2025-07-05,95872.83489999997,67082.75493333333,42221.521940284496,0.0,14133.268944024228,11331.58543478648,10629.758464380084,1200.0,1329.291566525716,25456.594187394672,0.0,25456.594187394672,1.1368683772161603e-13,0.0,5000.0,4451.8592
2025-07-06,141244.57465,61450.5931,92347.50729785555,0.0,22256.94833526182,15971.083691122796,6267.6611037165385,1329.291566525716,3614.896522569358,61459.20274362565,0.0,61459.20274362565,2.2737367544323206e-13,0.0,5000.0,4816.035334426841
2025-07-07,141495.39414999998,68085.91138333332,80819.30909737048,0.0,17165.97868295083,15780.415476988386,6024.263124741365,3614.896522569358,1530.4823627935684,52107.745821872566,0.0,52107.745821872566,2.2737367544323206e-13,0.0,5000.0,4980.541796272356
2025-07-08,141285.22699999998,65713.83998333332,78676.72582273133,2596.53148732097,20709.288653194024,16992.397843284096,1984.979483475722,1530.4823627935684,1288.4001025747484,49875.105131886114,14128.18223141141,64003.287363297524,2.2737367544323206e-13,0.0,5000.0,4947.040009130168
2025-07-09,140590.70496666664,66531.97995,82142.61390274392,0.0,21188.771048207822,15704.56987923455,2599.687717103982,1288.4001025747484,2908.7719579234004,53566.61126669601,0.0,53566.61126669601,2.2737367544323206e-13,0.0,5000.0,4752.465111031892
2025-07-10,140463.54224999997,67609.91886666666,79800.56123902768,137.06055872844422,18039.615231460684,15768.355449929713,4812.738632891824,2908.7719579234004,1624.0307218716666,51956.84710388113,467.8870694339936,52424.734173315126,2.2737367544323206e-13,0.0,5000.0,5000.0
2025-07-11,94741.08840000001,62222.31125,38235.960112863264,2693.693067940774,12916.934141001459,10844.344303895683,6338.286193698264,1624.0307218716666,1200.0,22545.47487163189,10545.06614384778,33090.54101547967,1.1368683772161603e-13,0.0,4769.709356336443,4445.5504
2025-07-12,95318.37109999999,64234.12776666667,44714.19551749307,0.0,14666.55249571546,11088.722221536656,10052.121909980935,1200.0,2079.0947777698557,26728.743158250963,0.0,26728.743158250963,1.1368683772161603e-13,0.0,4949.00987646504,4361.927
2025-07-13,139893.36648333332,70625.64608333333,88535.38340978751,0.0,18200.74892123495,13596.913392941962,14663.827481494522,2079.0947777698557,3352.0872591680154,57572.79535079969,0.0,57572.79535079969,2.2737367544323206e-13,0.0,5000.0,4760.031371701999
2025-07-14,141062.42346666666,69254.74424999999,74276.00156587939,353.6497144961256,17688.696205306194,16096.926279996687,1230.2021383993351,3352.0872591680154,1386.440199502829,47696.37352621836,2388.5483225392613,50084.92184875762,2.2737367544323206e-13,0.0,5000.0,5000.0
2025-07-15,139545.16266666667,66796.11208333333,75381.03596254133,1089.0556572919158,18456.134625549555,14956.742590292988,221.64900124334463,1386.440199502829,1378.3584843941055,48289.51391915213,7063.866246207654,55353.380165359784,2.2737367544323206e-13,0.0,5000.0,5000.0
2025-07-16,140365.26538333332,68230.70199999999,75713.0605892175,520.992055301059,20636.783353775594,16831.295096807466,294.00100421708555,1378.3584843941055,1250.024506339402,48164.87797433071,3454.331173959625,51619.209148290334,2.2737367544323206e-13,0.0,5000.0,5000.0
2025-07-17,139569.15928333334,66848.74321666665,85390.0814349037,0.0,21132.022309227275,14583.2571929919,6120.900252001649,1250.024506339402,4065.225481319622,55645.8578635694,0.0,55645.8578635694,2.2737367544323206e-13,0.0,5000.0,4609.07322172887
2025-07-18,93698.0732,62423.825099999995,35633.63765132622,1622.5333342632223,11432.014396344744,11838.6345942269,6388.543083471598,4065.225481319622,1200.0,21347.957559114988,7294.340405528214,28642.297964643203,1.1368683772161603e-13,0.0,3770.5125000000003,4452.266100000001
2025-07-19,94564.52239999999,67381.70335,42779.959100175234,0.0,13753.9678753006,10597.342680764543,12440.514855639176,1200.0,1803.74588692105,25449.147904582736,0.0,25449.147904582736,5.684341886080802e-14,0.0,5000.0,4450.0148
2025-07-20,138750.53876666666,66660.56055,83365.51016900249,0.0,18680.03971149387,14131.998685471657,6727.490926313618,1803.74588692105,2913.5608656303552,54298.718201040305,0.0,54298.718201040305,2.2737367544323206e-13,0.0,5000.0,4903.71298827021
2025-07-21,138442.8198,64453.07045,74457.97453331882,1751.4708376278095,18268.9194997679,16049.223478821268,0.0,2913.5608656303552,1523.1178833978286,47625.556607577644,10955.32201086597,58580.87861844362,2.2737367544323206e-13,0.0,4951.788749175308,4988.845214020095
2025-07-22,139514.85881666664,65719.71419999999,76861.22408956054,1468.5265864056728,19919.0491737684,16425.235925810448,1040.7928113415983,1523.1178833978286,1200.0,48700.97968328737,8943.246587955477,57644.22627124285,2.2737367544323206e-13,0.0,5000.0,5000.0
2025-07-23,139450.03365,65233.48653333333,79644.40460853704,173.22984054725615,22678.896461024957,18199.52000983621,1121.710881228882,1200.0,1389.3179151044385,50220.709065381074,1124.3666842037148,51345.07574958479,2.2737367544323206e-13,0.0,5000.0,5000.0
2025-07-24,138902.21751666666,65285.745516666655,87332.12289775026,0.0,19587.884778032807,13018.323413304566,7146.089533022021,1389.3179151044385,4553.610422773335,57193.40925793108,0.0,57193.40925793108,2.2737367544323206e-13,0.0,5000.0,4506.29
2025-07-25,92354.83968333332,65849.52011666665,37473.97910060055,0.0,11304.672502577934,11922.314233727131,11586.301265083079,4553.610422773335,1480.7998598411023,22822.352870985345,0.0,22822.352870985345,1.1368683772161603e-13,0.0,4208.149200000001,4287.7245
2025-07-26,93187.68993333333,64718.59836666666,40550.34836689846,198.65513867437522,13812.141032584976,11437.35187996619,9905.122786287386,1480.7998598411023,1203.558033649591,24262.169287510173,826.1244453445379,25088.293732854712,0.0,0.0,5000.0,4382.8442
2025-07-27,138110.19628333332,64425.00648333333,80781.13693850464,506.66603515717645,22441.386756942287,16793.992201602017,1955.21861832157,1203.558033649591,2740.814779784295,51924.11594603209,2552.298183589174,54476.41412962127,2.2737367544323206e-13,0.0,5000.0,4862.203277387734
2025-07-28,138228.99843333333,60274.121199999994,76680.34936191671,3393.804954702089,16472.970405867763,14635.57150333876,281.8781807564819,2740.814779784295,1304.7420302444384,49053.13887840818,20041.862462033176,69095.00134044135,2.2737367544323206e-13,0.0,5000.0,4859.27551899356
2025-07-29,138314.74511666666,62245.49916666666,82246.07843393231,264.1302518079344,21711.088534139642,17577.4836435395,2307.3578451401054,1304.7420302444384,1314.184329259563,51881.03319512238,1792.99823494378,53674.031430066156,2.2737367544323206e-13,0.0,5000.0,5000.0
2025-07-30,138424.36443333334,64321.11038333333,81745.50900940083,0.0,21220.55277732653,16924.455071095912,3346.157253170223,1314.184329259563,1607.7317498579825,51595.70947183721,0.0,51595.70947183721,2.2737367544323206e-13,0.0,5000.0,4934.999331285899
2025-07-31,137423.31371666666,62728.31745,81636.82306712703,0.0,21142.665443885668,16038.804321185457,1837.9656777601522,1607.7317498579825,2815.236959149018,52684.51704086563,0.0,52684.51704086563,2.2737367544323206e-13,0.0,5000.0,4622.492541685136
2025-08-01,92719.42409999997,71468.06443333332,39247.030250842414,0.0,12530.584718446964,10922.425442496358,16387.51130822515,2815.236959149018,1956.7349363108876,23418.042035843147,0.0,23418.042035843147,1.7053025658242404e-13,0.0,5000.0,4350.5
2025-08-02,91562.24421666667,70635.21928333334,39341.33794496236,0.0,13349.498900795612,11062.644248650966,16127.458359484383,1956.7349363108876,1679.457004081426,23608.622810470813,0.0,23608.622810470813,1.1368683772161603e-13,0.0,5000.0,4320.84
2025-08-03,138062.48614999998,75223.00616666666,79709.0545613034,0.0,17675.081118860173,14387.356647660368,13581.850106770258,1679.457004081426,1601.0781803218406,50804.22288046003,0.0,50804.22288046003,2.2737367544323206e-13,0.0,5000.0,4997.988728972991
2025-08-04,138312.10695,72896.45186666667,70158.71276073833,0.0,18682.97960551749,15041.747397239717,1101.825469127239,1601.0781803218406,1702.7071616878873,45360.74091042758,0.0,45360.74091042758,2.2737367544323206e-13,0.0,5000.0,4920.300053397049
2025-08-05,136458.49728333333,71306.18754999999,68992.18836023229,487.69365953558946,18818.437494737664,15553.771422513859,1062.9062142107432,1702.7071616878873,1357.3326597141688,44773.581985318495,2619.2461584942266,47392.82814381272,2.2737367544323206e-13,0.0,5000.0,5000.0
2025-08-06,136716.08779999998,68601.68853333333,67667.28746233613,3698.2848531105788,17588.383640815664,14363.023422940925,25.812830905294277,1357.3326597141688,1227.9630220694628,43539.56117537376,18814.32859168067,62353.88976705443,2.2737367544323206e-13,0.0,5000.0,4911.541893883891
2025-08-07,136850.75446666667,73462.76921666667,72340.74688168956,182.0682084516369,20789.73273645996,16583.51545624535,4928.612559926575,1227.9630220694628,1512.5942001663773,46411.81211998532,1156.1191865272217,47567.93130651254,2.2737367544323206e-13,0.0,5000.0,5000.0
2025-08-08,90703.21611666665,74928.04486666666,39986.25717777331,0.0,13976.275847116323,11106.484864270402,21341.294944927387,1512.5942001663773,1750.7037244928458,23570.896027468087,0.0,23570.896027468087,1.1368683772161603e-13,0.0,5000.0,4321.5931
2025-08-09,90303.83174999998,71381.90275,38095.79978136123,515.6544203359151,13302.06646827797,11270.307191348718,17657.765924767893,1750.7037244928458,1200.0,22531.897256919965,1234.3821248166835,23766.279381736647,5.684341886080802e-14,0.0,4986.556515557593,4201.929999999999
2025-08-10,136535.44471666665,71230.82566666666,73224.70925735452,300.18094708545607,19344.06960023818,15493.663048698525,4369.864602900335,1200.0,1394.4814749937834,46157.023592153455,1928.1343923547074,48085.157984508165,2.2737367544323206e-13,0.0,5000.0,5000.0
2025-08-11,136422.26351666666,71861.01018333333,70249.08739013065,46.356771911936335,21145.475317167424,16560.9653787345,1149.6808902763269,1394.4814749937834,2024.3366174061387,45186.47738507678,312.249317932212,45498.72670300899,2.2737367544323206e-13,0.0,5000.0,5000.0
2025-08-12,136637.5967,68877.05304999999,68464.55351765432,2127.8871527305478,17463.270959479272,14658.633284662033,27.25934556763127,2024.3366174061387,1453.9101646463375,43826.86856458783,12885.255312349602,56712.12387693743,1.1368683772161603e-13,0.0,5000.0,5000.0
2025-08-13,136547.99718333333,70427.01773333333,72980.70353451696,0.0,19807.42467803926,15495.485343648483,2547.784750126178,1453.9101646463375,2063.3864374944665,46811.58090638761,0.0,46811.58090638761,2.2737367544323206e-13,0.0,5000.0,4901.578518055027
2025-08-14,135936.05536666667,70009.76438333333,70750.49669612803,1539.241028804114,19049.51503277141,16021.986402606757,3335.91811143416,2063.3864374944665,1405.7428529812348,45865.0264449117,8505.337017541675,54370.36346245337,2.2737367544323206e-13,0.0,5000.0,4969.975081641318
2025-08-15,89968.05776666666,72808.33088333333,39790.19942796318,0.0,14424.62092522656,11396.172026690027,19602.023646093312,1405.7428529812348,1725.4883226962186,23557.5166540184,0.0,23557.5166540184,1.1368683772161603e-13,0.0,4942.3218,4242.1562
2025-08-16,90183.53034999999,73254.24998333333,38302.58118361906,470.71175305044744,13736.045336335732,11599.136212858542,19707.103446525653,1725.4883226962186,1200.0,22527.421160808775,2012.5048462258947,24539.92600703467,1.1368683772161603e-13,0.0,4713.837327073699,4349.6082
2025-08-17,135369.1165,72203.72288333334,68878.81910091381,315.5330726425328,19598.698533049377,15863.457980929114,2293.7180047694064,1200.0,1212.7642564898722,44507.94894549331,1774.1327178131028,46282.08166330641,2.2737367544323206e-13,0.0,5000.0,5000.0
2025-08-18,135710.17471666663,71316.0591,68625.57535392526,701.1603241371278,20435.712722204997,16245.015230735586,741.9225699263194,1212.7642564898722,1554.8887834348352,44534.81695768118,3728.3988445563305,48263.21580223751,2.2737367544323206e-13,0.0,5000.0,5000.0
2025-08-19,135364.48288333334,71046.82283333331,68616.84685067071,72.74698079480174,18840.404672245517,15214.85951313342,746.388622353424,1554.8887834348352,1605.8535294186697,44513.265785256415,491.2008459295589,45004.46663118598,2.2737367544323206e-13,0.0,4793.588698643503,5000.0
2025-08-20,135048.05366666664,64397.36259999999,70899.05823394343,3169.703665008524,19236.56855504714,15930.704123056064,112.20640029421816,1605.8535294186697,1217.9828700099108,45695.83015036948,18395.643337921716,64091.4734882912,2.2737367544323206e-13,0.0,5000.0,4878.402056889996
2025-08-21,134971.7989,69127.38041666665,72428.90428523731,71.67552435010106,19069.461068712277,15260.185523151747,2846.885780693553,1217.9828700099108,1424.7361394601264,46397.78045328453,449.1696133208069,46846.95006660534,2.2737367544323206e-13,0.0,5000.0,5000.0
2025-08-22,90531.73039999997,69301.161,39450.57769789245,636.3934964327719,14587.59904525447,11834.906147763364,16103.708896834118,1424.7361394601264,1403.6795604520762,23250.6163064026,3216.412636389731,26467.02894279233,1.1368683772161603e-13,0.0,4871.179541368731,4370.1
2025-08-23,89697.14623333335,67167.14008333333,40278.756629151045,0.0,13837.11524037552,11350.36874843912,15262.003987214639,1403.6795604520762,1245.562445191023,23801.006941411648,0.0,23801.006941411648,1.1368683772161603e-13,0.0,4761.029142404345,4192.97
2025-08-24,135068.0714,71334.48191666667,68746.1821119544,477.2374181505387,21342.241914193473,17297.15204295802,1444.7401755361466,1245.562445191023,1234.5223424562428,44297.318203612645,2845.86150010262,47143.179703715265,2.2737367544323206e-13,0.0,5000.0,5000.0
2025-08-25,134511.61374999996,63738.52673333334,70088.4212491485,4189.204228828419,17467.293845693304,14057.796037186414,95.04065280336988,1234.5223424562428,1335.3134289286513,45262.763481612754,25239.99221100998,70502.75569262274,1.1368683772161603e-13,0.0,5000.0,4905.8191712905655
2025-08-26,134368.96393333332,68840.14554999999,75494.82651287178,14.915445617438422,19685.863241356023,14844.097580460899,5139.157914260749,1335.3134289286513,2559.1485900814114,48716.63345932329,100.7762083142227,48817.40966763751,2.2737367544323206e-13,0.0,5000.0,5000.0
2025-08-27,133788.3821,65874.23323333333,71162.66972713945,48.96396030054723,20645.938896636846,17823.914012342197,475.45993647869295,2559.1485900814114,1336.1446944521326,46015.75300071709,341.57258705661746,46357.32558777371,2.2737367544323206e-13,0.0,5000.0,4940.1168410672135
2025-08-28,134543.81656666665,63776.02158333333,74710.6522212846,701.1306279228426,20514.224571775616,16521.398458074407,651.1617521729138,1336.1446944521326,1441.8374111897324,48422.344599364165,2947.7962214379468,51370.14082080211,2.2737367544323206e-13,0.0,5000.0,5000.0
2025-08-29,88328.33255,65773.11219999999,40772.35653094675,0.0,15106.496196976457,12112.216537886194,15222.856521856496,1441.8374111897324,1579.6656130394367,24329.970402524385,0.0,24329.970402524385,1.1368683772161603e-13,0.0,4919.88861521159,4374.9194
2025-08-30,89025.08758333333,70512.36774999999,40390.47409178625,460.1269915062292,13298.588691607998,11113.555891937973,20152.848450289122,1579.6656130394367,1200.0,24063.420164599756,981.3136317205473,25044.733796320303,1.1368683772161603e-13,0.0,5000.0,4221.3068
2025-08-31,133365.35983333332,66718.73675,69856.794379713,1091.4455365260897,20566.532051592116,16344.875054425936,79.95983573958802,1200.0,1548.9065637374172,44974.04241321738,7384.197054372962,52358.23946759034,2.2737367544323206e-13,0.0,5000.0,4935.17760666673
2025-09-01,121263.61926666666,67689.48473333333,68977.31888138113,0.0,20393.17472103704,13156.363129952913,8166.372756963674,1548.9065637374172,5284.582557167523,44687.789049791616,0.0,44687.789049791616,2.2737367544323206e-13,0.0,5000.0,4300.651483452969
2025-09-02,121532.82415,67475.0683,56728.91248739406,50.73069251737756,17763.879193017776,16094.88258710159,1052.8907239952482,5284.582557167523,3388.8709563261987,37165.57897789613,254.82622661191505,37420.405204508046,1.1368683772161603e-13,0.0,5000.0,4835.7717162321605
2025-09-03,121433.71643333335,65885.99918333333,57417.15913798829,712.2436351424633,16050.091505289794,14763.244354999983,1294.838372840937,3388.8709563261987,1430.3484721981445,36531.09029910597,4242.513814994007,40773.60411409997,1.1368683772161603e-13,0.0,4950.099920722051,4770.389398919759
2025-09-04,121061.17303333334,67135.60748333333,59597.16266867137,362.1867443072987,21058.059539516387,17139.682979419307,2115.407302881599,1430.3484721981445,1338.5098584081136,37615.187732578386,2460.161016234821,40075.34874881321,2.2737367544323206e-13,0.0,5000.0,5000.0
2025-09-05,75132.98044999999,68308.71878333332,35814.32256969405,0.0,15337.268822779413,10294.05553399126,23946.847614239236,1338.5098584081136,3704.212316697072,20853.4692490577,0.0,20853.4692490577,1.1368683772161603e-13,0.0,5000.0,3532.55
2025-09-06,75826.37416666666,68105.29046666666,29094.616863601983,104.00139933207112,12762.669290868173,11922.976499142736,20637.841771208623,3704.212316697072,1942.8630127642753,16699.96736739593,407.66404554596886,17107.631412941897,1.1368683772161603e-13,0.0,4942.0047,3530.5056
2025-09-07,120781.00903333334,65820.02541666666,52846.57209544479,4468.313345909646,15907.781769345402,13553.879944657623,0.0,1942.8630127642753,1200.0,33822.55682875507,23934.418866154017,57756.97569490909,2.2737367544323206e-13,0.0,4903.4764510233235,4919.21
2025-09-08,121400.59243333334,62005.022899999996,60213.78639109537,2936.4138397144643,18202.2244534883,14657.966975084464,210.3732190726629,1200.0,1295.3720358234016,37935.82227841325,14238.1075486394,52173.92982705265,2.2737367544323206e-13,0.0,5000.0,4706.431024074464
2025-09-09,121082.23558333333,67979.40131666666,64655.63844240777,0.0,19668.952097317633,15449.305944671767,7333.158023095242,1295.3720358234016,1831.533429329529,40743.09922288559,0.0,40743.09922288559,2.2737367544323206e-13,0.0,5000.0,4912.4121
2025-09-10,121274.78848333332,59958.78983333332,62603.42044095654,1864.6873285335032,18920.260402712105,15830.560353949162,62.40907072710695,1831.533429329529,1270.2562873824763,39402.859924786884,11552.343747778972,50955.203672565855,2.2737367544323206e-13,0.0,5000.0,4895.7838
2025-09-11,120746.77835,67250.69256666666,64957.04504419309,107.9568653783636,20374.531965981925,16272.391419412923,7466.775579669114,1270.2562873824763,1526.9001463074087,41036.930038624596,555.5964596515903,41592.52649827619,2.2737367544323206e-13,0.0,5000.0,5000.0
2025-09-12,75687.22711666665,64135.570916666664,35051.95102579097,0.0,15174.606483319292,10882.805089195968,19208.493431667648,1526.9001463074087,3092.040326632586,20194.17097533177,0.0,20194.17097533177,5.684341886080802e-14,0.0,5000.0,3499.3339
2025-09-13,75063.58311666666,67056.48163333333,29530.119188342785,126.5820326695933,13377.023633053548,12538.2254367427,20810.801541368193,3092.040326632586,1200.0,16577.954318105338,270.0345220229181,16847.988840128255,1.1368683772161603e-13,0.0,5000.0,3427.841
2025-09-14,121237.69566666664,61138.370916666674,54870.78600869669,7967.200547434637,14414.009505954415,11675.34769982308,0.0,1200.0,1200.0,35053.135630526114,43114.73824259093,78167.87387311705,0.0,0.0,4979.954447477276,4914.820441396837
2025-09-15,120760.02988333332,65692.99925,69801.0762852855,0.0,20170.24184597091,15247.349412324233,9811.153218305491,1200.0,2411.7183143468947,43887.6000620383,0.0,43887.6000620383,2.2737367544323206e-13,0.0,5000.0,4905.1025
2025-09-16,121843.35746666664,62351.58748333332,63098.875596381695,89.53982212176535,19307.82512062022,16723.753713104335,1112.5740276542424,2411.7183143468947,1206.8123527891532,40144.72857176122,445.7285412648786,40590.457113026096,2.2737367544323206e-13,0.0,5000.0,4923.186992157483
2025-09-17,120924.795,60964.67659999999,65701.91128652259,7.62916666666672,20585.6186691015,16225.590810763952,1389.3941948517202,1206.8123527891532,1705.434920798337,41467.32905671333,34.70889375000024,41502.03795046333,2.2737367544323206e-13,0.0,5000.0,5000.0
2025-09-18,120804.11636666665,61848.06525,63871.82791736909,253.26779886681808,19945.781987144976,16381.350670851392,1604.6132832756657,1705.434920798337,1455.137963838375,40307.48131981255,1675.6697489390085,41983.151068751555,1.1368683772161603e-13,0.0,5000.0,4955.3417
2025-09-19,75287.12646666665,59185.77414999999,34116.68999544499,0.0,15766.929062076351,11550.26376972341,13798.672386425382,1455.137963838375,2811.747708903301,19323.15956345633,0.0,19323.15956345633,5.684341886080802e-14,0.0,5000.0,3271.1289999999995
2025-09-20,75330.72763333333,59685.293900000004,30331.0470704349,305.4611599210183,13938.07086319159,12609.895424568274,13662.899058399267,2811.747708903301,1345.016569588763,17065.172111481057,1157.3671188618455,18222.539230342903,1.1368683772161603e-13,0.0,5000.0,3432.53
2025-09-21,120862.28298333334,62574.79549999999,60406.74636227738,1341.2037223886632,18899.881652434786,15439.419051102073,0.0,1345.016569588763,1200.0,38670.07093438883,7715.531074829785,46385.602009218615,1.1368683772161603e-13,0.0,4745.213347942854,4838.4816
2025-09-22,121218.04173333333,60604.02185,67712.86198587186,0.0,18507.773121485116,14433.924401445212,3024.9933824986183,1200.0,1819.3020299530308,43859.38681243351,0.0,43859.38681243351,2.2737367544323206e-13,0.0,5000.0,4952.338209450773
2025-09-23,121182.28133333332,59065.66574999999,65617.10974234402,393.1887377239302,19530.89395591355,16201.689171691465,564.4781125125434,1819.3020299530308,1395.229732840269,41964.109722882735,2539.0923273890503,44503.202050271786,1.1368683772161603e-13,0.0,5000.0,4956.593537025622
2025-09-24,121014.19341666666,59950.968316666665,69460.16670996917,1120.7924740739181,20800.003991573776,16390.464131643545,5108.194224112876,1395.229732840269,1903.6065123194032,43805.24032504202,5782.533661887135,49587.773986929154,2.2737367544323206e-13,0.0,5000.0,4950.7016
2025-09-25,120546.34715,60210.89825,65423.693284773144,193.04064808883626,18581.47320090255,15562.41596319097,2262.2277951504093,1903.6065123194032,1335.3591006972883,42117.260157822675,479.30134723141003,42596.56150505409,1.1368683772161603e-13,0.0,5000.0,5000.0
2025-09-26,74194.35371666666,56500.11021666667,33022.4363231196,0.0,15671.021468679579,12324.727375013052,11981.898729453078,1335.3591006972883,1745.1368947166293,18427.415434050825,0.0,18427.415434050825,5.684341886080802e-14,0.0,5000.0,3373.06
2025-09-27,75945.77174999999,58144.46949999999,31915.246283033543,971.7821517466917,15136.59810539581,12751.26767061557,12700.39575,1745.1368947166293,1200.0,17764.63971456273,3336.410521422019,21101.05023598475,1.1368683772161603e-13,0.0,4681.294368931796,3335.1906
2025-09-28,120389.61958333333,56901.99041666667,68635.34416985414,26.143290973178438,21256.290976484608,17217.595690952534,1135.163008628581,1200.0,1200.0,43743.25408096374,82.90922860065552,43826.1633095644,2.2737367544323206e-13,0.0,5000.0,5000.0
2025-09-29,121111.41479999998,58351.523199999996,67567.06211462092,26.015016666666725,19510.83782850763,15489.797071330131,812.1447741100918,1200.0,1548.8684108456127,43702.800602813186,134.7362566666671,43837.53685947986,1.1368683772161603e-13,0.0,4992.961859228708,5000.0
2025-09-30,120916.45506666666,55494.2803,75660.82223231305,7.425040460151649,21236.35286500897,16379.777621375506,5389.497262473079,1548.8684108456127,2461.8330767142265,48396.41015796808,50.16728586901462,48446.57744383709,3.410605131648481e-13,0.0,5000.0,5000.0
2025-10-01,117218.45471666666,67556.93318333333,69801.49939238944,0.0,17330.076436549014,13221.898896700575,16031.800319207669,2461.8330767142265,3367.903095496586,44898.065192923175,0.0,44898.065192923175,2.2737367544323206e-13,0.0,4930.294199726264,4861.499139557017
2025-10-02,117231.70978333332,65500.92666666665,60298.65348025985,0.0,17005.472874722767,14529.908249834463,6092.305738704882,3367.903095496586,2528.486182931009,38695.91395220343,0.0,38695.91395220343,2.2737367544323206e-13,0.0,5000.0,4959.731427206835
2025-10-03,71524.19113333333,63707.03743333333,30668.63825884299,0.0,15016.22962198503,11443.672178846604,19278.927115704566,2528.486182931009,3327.901532887975,16924.245889229227,0.0,16924.245889229227,1.1368683772161603e-13,0.0,5000.0,2992.0539
2025-10-04,72397.41483333331,59301.4324,27747.53398551992,1106.1605251026672,12900.941318361754,11739.781738477348,14596.552497404844,3327.901532887975,1894.5467877720591,15195.582362626636,4420.972383458358,19616.554746084992,5.684341886080802e-14,0.0,4979.668231450665,3010.92
2025-10-05,117604.42089999998,62868.459833333334,59831.12552432236,844.8663392131409,18461.565322102808,15097.663795468738,2576.1292702347628,1894.5467877720591,1734.773582699321,37833.14184977148,4426.5670161458365,42259.70886591732,2.2737367544323206e-13,0.0,5000.0,4869.284546644754
2025-10-06,117896.13613333332,60163.026883333325,60213.60431244869,693.7302422244735,18873.399318078908,15749.691075812141,50.51706240639692,1734.773582699321,1221.1762180679575,37915.96318716798,3283.972917150903,41199.936104318884,1.1368683772161603e-13,0.0,5000.0,4764.524860036326
2025-10-07,117357.17863333331,59585.615633333335,69567.77247211689,0.0,20355.802037921807,15355.77561124911,6796.18304544421,1221.1762180679575,2479.4251508096777,43183.55858183363,0.0,43183.55858183363,1.1368683772161603e-13,0.0,5000.0,4793.043237651128
2025-10-08,117391.06235,60912.56668333332,63376.11445858968,0.18239086248703984,19834.247574671128,17165.287896807993,4228.8415049223795,2479.4251508096777,1257.7058604492565,39414.574870265715,0.9001901018047852,39415.47506036752,1.1368683772161603e-13,0.0,5000.0,4927.620734560393
2025-10-09,117432.98973333335,61673.008050000004,63558.842568559325,62.956871015911226,21714.409343454063,17475.153025990454,3622.5614387782903,1257.7058604492565,1383.8375740129716,38935.1059317407,133.3513485135138,39068.45728025421,2.2737367544323206e-13,0.0,5000.0,4920.9912
2025-10-10,72371.53011666666,63027.919200000004,31817.349823551198,0.0,16153.926924783023,12761.609034349447,19081.421016450957,1383.8375740129716,1742.8062125960867,16693.590255277297,0.0,16693.590255277297,5.684341886080802e-14,0.0,5000.0,2828.1091
2025-10-11,71790.96475,57684.65116666666,30063.238742860307,331.1867443522474,15944.001158397752,13403.166529638662,13747.277275120126,1742.8062125960867,1200.0,15643.133550653569,1423.5003499651878,17066.633900618755,1.1368683772161603e-13,0.0,4982.345625074597,2979.29
2025-10-12,117709.38418333333,59194.428199999995,63125.08898132869,727.9685977160823,19759.595904821468,15996.117052476211,1574.6227433661868,1200.0,1210.172922699093,39139.92689070362,2515.8795487545785,41655.806439458196,2.2737367544323206e-13,0.0,5000.0,4964.4036
2025-10-13,117677.75383333332,60650.358533333325,64232.9524773203,0.0,20292.50468752066,16008.045142319224,2921.097632118865,1210.172922699093,1686.7103166685517,40359.177704394984,0.0,40359.177704394984,2.2737367544323206e-13,0.0,5000.0,4837.57
2025-10-14,118032.22918333334,57258.3999,65934.1429176165,747.6189428922885,19511.564165474665,15708.468641057603,2104.8370527583957,1686.7103166685517,1793.2640199761813,42203.57487240799,3762.8797827570543,45966.45465516504,2.2737367544323206e-13,0.0,5000.0,4744.387416408313
2025-10-15,117342.48076666666,55422.457116666665,64044.156058137945,1310.5146339726557,19588.931034796115,16163.015665763192,8.7316730776854,1793.2640199761813,1464.3956560002475,39748.583064748105,8192.854251834651,47941.43731658276,2.2737367544323206e-13,0.0,5000.0,4710.76
2025-10-16,117733.27633333334,54766.80338333333,66242.58761713325,1033.9152988280582,21754.903842606465,17690.12118611107,245.2473094659116,1464.3956560002475,1388.1189075559894,40973.94881135288,6950.605249539863,47924.55406089274,1.1368683772161603e-13,0.0,5000.0,4887.1178
2025-10-17,71943.17253333333,55938.973216666665,32721.600597098222,0.0,15848.340234245452,12860.558644538722,13729.619690724823,1388.1189075559894,1362.1155133338743,17316.687252996817,0.0,17316.687252996817,1.1368683772161603e-13,0.0,4954.097314414162,2934.6311
2025-10-18,71656.70145,55580.10818333334,31306.08108040046,93.20320089956158,16431.835330621027,13455.690579803519,12346.546263815848,1362.1155133338743,1200.0,16463.556395499843,199.26844352326265,16662.824839023106,1.1368683772161603e-13,0.0,5000.0,2798.4002
2025-10-19,117991.2473833333,54105.524849999994,67539.61801890485,1536.1394837741823,21686.49676491814,17539.27368933297,1042.81189376053,1200.0,1229.7652113896868,41614.51349511023,8907.157836738968,50521.6713318492,1.1368683772161603e-13,0.0,5000.0,4953.365000000001
2025-10-20,117903.31864999999,53462.536283333335,71691.30577374094,77.1095193608174,21933.659059381716,17302.23376700373,2696.207634057107,1229.7652113896868,1745.3541792735261,45074.107085397336,383.19344371516416,45457.3005291125,2.2737367544323206e-13,0.0,5000.0,4825.3055259083285
2025-10-21,117800.84898333333,51338.26763333332,68460.30966437253,1293.1739592126482,19837.195545760434,16558.947153412133,12.653881236890129,1745.3541792735261,1200.0,43128.84319806914,7765.873309047053,50894.716507116194,2.2737367544323206e-13,0.0,5000.0,4991.84
2025-10-22,117671.98653333333,52117.08983333333,71872.92796893089,179.0102855707136,22794.198754983005,18190.0480619551,1892.8908614737002,1200.0,1503.6143662012623,44464.90426927961,880.9138014945047,45345.81807077411,2.2737367544323206e-13,0.0,5000.0,4845.502824459005
2025-10-23,117212.01551666665,53832.518483333326,72111.12456439094,0.0,21209.92798616338,17131.693824880254,4653.39336977449,1503.6143662012623,1557.3341927702463,44824.49107099475,0.0,44824.49107099475,2.2737367544323206e-13,0.0,5000.0,4908.3359
2025-10-24,72135.51853333332,53715.467816666656,32592.22292537813,288.4389446117497,16671.621614540112,13818.278391767206,11607.267930550306,1557.3341927702463,1208.1509883372364,17210.87189156453,951.2442375207465,18162.116129085276,5.684341886080802e-14,0.0,5000.0,3054.1988
2025-10-25,72042.787,52644.35426666667,32775.51305899008,185.02299495034686,16531.55753625367,13397.897493868986,10428.443278222412,1208.1509883372364,1200.0,17263.837147199825,395.5791632038416,17659.416310403667,5.684341886080802e-14,0.0,4981.161356858053,2913.39
2025-10-26,117422.34434999998,52878.032333333336,68484.89610393986,317.45572926056605,21385.66422526066,17322.38802246113,194.7636137342206,1200.0,1200.0,42801.56905656867,1745.7895630999235,44547.358619668594,2.2737367544323206e-13,0.0,5000.0,4980.97
2025-10-27,117790.56431666666,54237.98265,72734.35058383498,0.0,21003.164771854113,16696.819422773668,4875.423568087875,1200.0,1550.826713809073,45969.82373154929,0.0,45969.82373154929,2.2737367544323206e-13,0.0,5000.0,4973.0315
2025-10-28,117514.14479999998,51541.7231,70385.21981676391,0.0,21396.989600219917,17275.406588821515,291.2151053655141,1550.826713809073,1613.2211442053167,44261.81120793715,0.0,44261.81120793715,2.2737367544323206e-13,0.0,5000.0,4921.96
2025-10-29,117721.61451666665,48409.357716666666,70596.39813040636,2652.6128346499204,20749.34973706491,16991.2625625489,178.66699054027413,1613.2211442053167,1408.4552825093995,43987.92873818123,15631.783072973572,59619.711811154804,1.1368683772161603e-13,0.0,5000.0,4833.96
2025-10-30,116916.07056666666,52128.252916666665,73553.92266455616,0.0,21263.42142615454,17147.804276063503,4650.487864465112,1408.4552825093995,1492.4187037556997,46014.516806177264,0.0,46014.516806177264,2.2737367544323206e-13,0.0,5000.0,4953.4692339926305
2025-10-31,71748.98903333333,47844.696966666655,32890.27593379664,384.41047227319643,17221.669541252933,14094.853848183237,6243.578646333474,1492.4187037556997,1330.9725706797506,17305.312670868327,2098.7139109289906,19404.026581797316,1.1368683772161603e-13,0.0,4864.31454067839,2925.73
2025-11-01,71974.20948333331,49430.171050000004,33937.62889949577,0.0,17289.560380192357,13953.536532085942,8057.566618056028,1330.9725706797506,1387.6474327573897,18238.35155840793,0.0,18238.35155840793,1.1368683772161603e-13,0.0,5000.0,2863.0427
2025-11-02,117843.23631666666,49046.85238333333,71910.75691124344,1265.584603605957,22774.06438190819,18525.21504830443,131.10824791230834,1387.6474327573897,1300.7331005809488,44695.204029431596,7126.2885835590605,51821.49261299065,2.2737367544323206e-13,0.0,5000.0,4889.6948055119865
2025-11-03,117808.91503333335,48303.98475,76918.59290703834,0.0,20385.740026679283,16368.741836030655,3396.6644330563813,1300.7331005809488,1460.408195669353,48625.6326800165,0.0,48625.6326800165,2.2737367544323206e-13,0.0,5000.0,4665.01417513008
2025-11-04,117396.61073333333,49816.53869999999,76033.58919680609,3.3671049577969825,21685.053586161088,17520.094101238927,4291.924783508397,1460.408195669353,1510.1851996155292,47646.40137498942,15.318644005497372,47661.72001899492,2.2737367544323206e-13,0.0,5000.0,5000.0
2025-11-05,117764.40761666666,48086.38754999999,73961.40542488369,0.0,21606.919895997165,17459.59235501207,136.05781723193383,1510.1851996155292,1556.8660448884473,46578.07532875658,0.0,46578.07532875658,1.1368683772161603e-13,0.0,5000.0,4809.62
2025-11-06,117713.09413333333,46343.50958333333,76206.6332827161,567.4074603976719,22536.103662429647,18378.475027117536,1246.8275578016612,1556.8660448884473,1418.8315331667563,47726.15635134927,2496.9000692784784,50223.05642062775,1.1368683772161603e-13,0.0,5000.0,4925.2860842293785
2025-11-07,72212.37866666666,48893.91688333333,34069.443971853856,193.8937217251744,18330.69312712356,14932.755542294188,7546.93832541633,1418.8315331667563,1324.504745028866,17961.29169434189,1119.0453006182743,19080.336994960162,1.1368683772161603e-13,0.0,5000.0,2949.65
2025-11-08,72034.86681666666,48243.65971666666,34816.80165720983,0.0,17422.49523390244,14210.734974403013,7813.8342977103985,1324.504745028866,1215.0449284266022,18484.246051354017,0.0,18484.246051354017,1.1368683772161603e-13,0.0,5000.0,2888.47
2025-11-09,117877.67016666665,46530.85298333332,73449.69656025752,2193.010281487471,21254.512036422173,17146.01860136,187.3962233494799,1215.0449284266022,1292.9739819176618,45913.14181908439,13426.803674561483,59339.94549364587,2.2737367544323206e-13,0.0,5000.0,4842.56
2025-11-10,118420.10276666668,44561.65966666666,76491.78497487618,1472.941624800891,21689.70847949908,17652.340452120152,68.91547229812898,1292.9739819176618,1200.0,48141.85986313333,9704.751636616005,57846.611499749335,2.2737367544323206e-13,0.0,5000.0,4960.112
2025-11-11,117957.86744999999,46398.84778333333,80409.2792235272,0.0,23016.356711744105,18089.219159293614,3923.122004410065,1200.0,1815.5886413545732,50561.785859322525,0.0,50561.785859322525,1.1368683772161603e-13,0.0,5000.0,4964.3880038126645
2025-11-12,117416.71383333331,46460.72608333333,75370.23718433364,0.0,21663.584486530133,17763.485759057883,514.1507068613894,1815.5886413545732,1575.6082802784956,48235.622890608836,0.0,48235.622890608836,2.2737367544323206e-13,0.0,5000.0,4847.632059399716
2025-11-13,117780.10726666666,45384.23595,78207.15922870876,243.38542007928814,21646.499179810475,17567.348707029778,1975.5228593406732,1575.6082802784956,1538.1812009637354,49162.19358024839,1551.272551322019,50713.466131570414,2.2737367544323206e-13,0.0,5000.0,5000.0
2025-11-14,71737.89309999999,44139.43779999999,34443.21636978969,157.03855676957846,17936.004879858905,14634.741401542205,3700.536148242576,1538.1812009637354,1419.761813345416,18250.6614017092,959.0123976702647,19209.673799379463,5.684341886080802e-14,0.0,4959.968499128576,2844.2463
2025-11-15,72466.97681666666,44255.0899,34687.30843373316,233.01253757097263,18397.15873607345,15099.48420823037,3410.7595267943852,1419.761813345416,1200.0,18499.848654254267,498.12029554279354,18997.96894979706,1.1368683772161603e-13,0.0,5000.0,2921.31
2025-11-16,118360.27023333334,43925.72585,80381.88926098982,0.0,23865.449125552244,19228.15253255482,1310.0482846590603,1200.0,1314.2902879361075,50679.26277693374,0.0,50679.26277693374,2.2737367544323206e-13,0.0,5000.0,4993.88
2025-11-17,117269.71065,44573.956316666656,79749.00849661056,0.0,22716.50996969569,18189.962874261735,2526.70706784327,1314.2902879361075,1548.0794003714122,50487.38406121766,0.0,50487.38406121766,1.1368683772161603e-13,0.0,5000.0,4704.426148623669
2025-11-18,117783.68650000001,42893.134666666665,80216.02575743853,0.0,21949.044201440513,17971.421038016313,1347.850760681007,1548.0794003714122,1333.973583871973,50931.64807267183,0.0,50931.64807267183,2.2737367544323206e-13,0.0,5000.0,4905.4054
2025-11-19,118179.70134999999,42811.38975,79848.65247691276,167.02754965540203,22944.11840707629,18628.08340262348,331.33342211534847,1333.973583871973,1285.8097028812147,50711.2243479177,996.9722349262502,51708.19658284395,1.1368683772161603e-13,0.0,5000.0,4757.728232760596
2025-11-20,117846.45723333333,43053.38119999999,80915.5981603871,603.5098644291321,22302.343911861382,17883.63820010178,2307.3262797233183,1285.8097028812147,1487.2101123322575,51013.46933210094,3848.2538858532394,54861.72321795418,2.2737367544323206e-13,0.0,5000.0,4789.309670178904
2025-11-21,71999.17709999999,43134.79303333333,35324.92642887514,0.0,18950.863361289725,15350.919181951534,2860.5981828702766,1487.2101123322575,1486.410268657973,18820.4059516072,0.0,18820.4059516072,1.1368683772161603e-13,0.0,5000.0,2936.5849999999996
2025-11-22,72549.91013333332,42330.080649999996,35148.549672574576,557.593042983256,18778.57557106811,15468.415454357348,2176.1531155137327,1486.410268657973,1200.0,18739.676881059087,1591.5971604167594,20331.27404147585,5.684341886080802e-14,0.0,5000.0,3224.0624999999995
2025-11-23,117782.69219999999,42550.595916666665,82245.81359182601,103.86934532676598,24010.89630701738,19212.611581250334,2319.3019280524068,1200.0,1462.4604749263883,52010.5858810956,414.9580345804301,52425.543915676026,2.2737367544323206e-13,0.0,5000.0,4797.87993989781
2025-11-24,117975.68781666667,43813.74411666667,79678.53060203648,307.4228344053541,21709.46552697151,17790.647221453462,1905.191430923795,1462.4604749263883,1233.593647585794,50591.33562879698,1070.2913098428648,51661.62693863984,2.2737367544323206e-13,0.0,5000.0,5000.0
2025-11-25,117682.39221666666,41513.73175,80921.59564133879,0.0,23340.97926805267,18733.155636736556,145.11154335601998,1233.593647585794,1425.8576146814812,51495.589881022446,0.0,51495.589881022446,2.2737367544323206e-13,0.0,5000.0,4790.415
2025-11-26,117686.43673333334,40928.76985,81360.19821839442,211.5861147227147,23830.23394833774,19346.5658079985,330.4493094445479,1425.8576146814812,1376.8839370760013,51639.16938805349,1271.1810464981445,52910.350434551634,2.2737367544323206e-13,0.0,5000.0,5000.0
2025-11-27,117198.14165,41417.248916666664,81398.39570399007,392.62378304771016,22586.047401201267,18125.630677454457,1549.710029957635,1376.8839370760013,1564.7369565410838,51511.19950155259,2478.9830196433354,53990.18252119592,1.1368683772161603e-13,0.0,5000.0,4499.2801181676905
2025-11-28,72239.02128333332,41317.782733333326,36438.485633417586,78.82186251590025,19036.586491586342,15575.946617989312,2135.4290723364493,1564.7369565410838,1391.057445647346,19472.741158183024,481.8380455596982,19954.579203742724,1.1368683772161603e-13,0.0,5000.0,3066.075
2025-11-29,72156.19988333332,37226.74978333333,36250.1056619102,1886.5951700028509,17264.76472680698,14156.411129796266,98.89713490234192,1391.057445647346,1200.0,19351.23628921454,9390.313831294072,28741.55012050861,1.1368683772161603e-13,0.0,5000.0,2999.33
2025-11-30,118008.83443333332,37764.006316666666,85626.552069214,0.0,24662.71490105344,19899.846661707445,618.8557132013345,1200.0,1285.5026757176106,54156.196029471954,0.0,54156.196029471954,2.2737367544323206e-13,0.0,5000.0,4892.20815729076
2025-12-01,125291.39163333332,38992.4639,85755.42064521281,5202.246866550173,23229.84039811102,18893.12313061578,322.0225109344268,1285.5026757176106,1200.0,54413.22352649986,26819.61964581458,81232.84317231443,2.2737367544323206e-13,0.0,5000.0,5000.0
2025-12-02,125400.62359999999,36762.81365,93945.12783983393,824.8746866161968,24302.643268501604,18924.689840607803,754.2391485563226,1200.0,2044.9457854205616,61510.93173112243,4060.466724089965,65571.39845521239,2.2737367544323206e-13,0.0,5000.0,4868.706671329389
2025-12-03,124622.93113333332,37460.18256666666,93323.63834325562,0.0,22376.78414078532,18301.505528147234,2085.6111639508767,2044.9457854205616,1849.0453697415305,60761.88226945845,0.0,60761.88226945845,2.2737367544323206e-13,0.0,5000.0,4733.351448481451
2025-12-04,125336.25094999999,38565.0422,92709.11240277743,821.7593957566611,24467.312042749436,20137.892073474788,2430.24307925945,1849.0453697415305,1494.190571021809,59358.80727816121,4262.348584468087,63621.1558626293,2.2737367544323206e-13,0.0,5000.0,5000.0
2025-12-05,78868.07108333331,37556.4434,44034.188366730625,1219.274717028295,20385.831911974747,16550.69132915138,106.69481760222266,1494.190571021809,1451.7822594086651,23721.403535227906,6417.014365272143,30138.417900500048,1.1368683772161603e-13,0.0,5000.0,3993.45
2025-12-06,79470.82114999999,35806.19033333333,46845.11902320441,271.8831460541486,19298.38679396893,15858.29733658263,12.281895205597039,1451.7822594086651,1200.0,25337.790085349392,848.5050229258266,26186.29510827522,1.1368683772161603e-13,0.0,5000.0,3934.0174999999995
2025-12-07,125067.46291666666,37414.78166666666,100269.88018216254,0.0,22273.656248465377,17350.425745161214,7693.9684288583685,1200.0,1968.0397956619288,65516.33481671258,0.0,65516.33481671258,2.2737367544323206e-13,0.0,5000.0,4631.6
2025-12-08,124410.35393333333,36563.14281666666,94125.0315846767,0.0,23492.259862795097,19352.80468372076,2138.365288935688,1968.0397956619288,1607.957356932229,60630.41238085566,0.0,60630.41238085566,2.2737367544323206e-13,0.0,5000.0,4762.631544995858
2025-12-09,124694.68108333333,37306.22681666666,94135.64922897688,243.35996163315588,24027.3531659775,19770.38132351869,2733.5830814845676,1607.957356932229,1265.4848468467662,61363.331455381965,1213.9385185829867,62577.269973964954,2.2737367544323206e-13,0.0,5000.0,4940.3065976412045
2025-12-10,124378.76451666666,35991.146049999996,93792.01944589347,0.0,23631.92465037108,18860.206186126925,632.6825149826518,1265.4848468467662,1578.432380928598,60886.218982778446,0.0,60886.218982778446,2.2737367544323206e-13,0.0,5000.0,4493.6368
2025-12-11,123787.79896666665,37826.544266666664,93683.01895318326,193.89039574296737,24901.101248688065,20253.299951260677,3267.853351498835,1578.432380928598,1485.7568922359876,59748.04635354658,1316.5582364943477,61064.60459004093,2.2737367544323206e-13,0.0,5000.0,5000.0
2025-12-12,78661.70368333333,34947.290199999996,43861.16472639321,3072.9769649481977,17835.18328083406,14620.70429526221,5.24922243623098,1485.7568922359876,1292.194850250849,23021.43560914915,17851.009307120556,40872.444916269706,1.1368683772161603e-13,0.0,5000.0,3751.8747000000003
2025-12-13,78840.15754999999,35041.62416666666,50306.27972208428,150.506547488082,20421.82286554861,16624.651886320135,2861.0819070105545,1292.194850250849,1200.0,26410.299698265153,321.78299852951926,26732.08269679467,1.1368683772161603e-13,0.0,5000.0,3803.43
2025-12-14,124522.58584999999,35743.86405,99144.45127606692,0.0,23625.496726922862,18394.39045166027,5134.62320080432,1200.0,2024.7354412747234,64394.664105359014,0.0,64394.664105359014,2.2737367544323206e-13,0.0,5000.0,4598.7249
2025-12-15,124305.22548333331,34835.66751666667,95173.7036089635,0.0,23667.09314544095,19566.88976300695,1603.9422598628212,2024.7354412747234,1584.1306466083054,61641.52813342123,0.0,61641.52813342123,2.2737367544323206e-13,0.0,5000.0,4769.0751175757
2025-12-16,124646.94338333333,35228.852049999994,95006.40837534299,186.7110769821635,24284.305659392438,20012.218541198385,1502.9410007977813,1584.1306466083054,1204.2073609521829,61233.57843120787,726.2850416450531,61959.86347285292,2.2737367544323206e-13,0.0,5000.0,5000.0
2025-12-17,124466.55464999998,36274.70758333333,94804.22282130239,0.0,23752.0741931457,18789.505528694237,1649.8070901842505,1204.2073609521829,1703.8457695674938,62037.57943400605,0.0,62037.57943400605,2.2737367544323206e-13,0.0,5000.0,4740.688013012853
2025-12-18,124315.35926666665,36949.0923,94654.23745462677,182.95176045314957,23315.825316366863,19042.611429681674,3197.708361728052,1703.8457695674938,1529.631410206928,61187.14607152784,878.3833703500234,62065.52944187786,2.2737367544323206e-13,0.0,5000.0,4962.387308110211
2025-12-19,78593.32543333333,35684.93413333333,45641.942066314325,1280.863971256166,20353.057800334005,16742.737607536605,404.0945447730889,1529.631410206928,1244.3416443557494,23691.228750936873,7083.245213751299,30774.47396468817,1.7053025658242404e-13,0.0,5000.0,3756.5817
2025-12-20,78668.52011666665,35812.16786666666,48847.53650868183,0.0,20842.2664241305,16836.418277012905,1985.3361115642329,1244.3416443557494,1295.2500071699717,26105.43327772912,0.0,26105.43327772912,1.1368683772161603e-13,0.0,5000.0,3717.49
2025-12-21,124376.44096666668,35338.6591,96366.59398703404,0.0,24006.5726236665,19086.80216822255,2409.0416649234235,1295.2500071699717,1693.607403778102,62518.87338039021,0.0,62518.87338039021,2.2737367544323206e-13,0.0,5000.0,4681.61
2025-12-22,124718.45381666665,35781.02673333333,95976.0000935064,290.67904465163997,23238.817632464088,19064.824356656107,3155.258779016741,1693.607403778102,1425.405098933437,62135.35773648195,1764.6910734579892,63900.04880993994,2.2737367544323206e-13,0.0,5000.0,4810.363515527841
2025-12-23,123956.65456666665,36698.56203333333,94175.81679127105,0.0,24120.255743571037,19597.990880884423,2395.4593952511104,1425.405098933437,1358.089844942452,60816.53595071487,0.0,60816.53595071487,2.2737367544323206e-13,0.0,5000.0,4782.060604045102
2025-12-24,123954.37128333334,36099.81196666666,92941.48680409728,24.377125390465153,23996.654421377745,19460.425824045393,575.0760154887349,1358.089844942452,1332.3834641319959,60662.60897138935,163.4743820299151,60826.083353419264,2.2737367544323206e-13,0.0,5000.0,4661.812875537401
2025-12-25,123789.85789999997,35977.40936666667,93298.08659702768,8.386881692127531,23981.631993199328,19222.94904307254,735.3419952596922,1332.3834641319959,1557.0199879307938,60157.197734262445,39.28415384592536,60196.48188810837,2.2737367544323206e-13,0.0,5000.0,5000.0
2025-12-26,78270.30765,35262.685216666665,47028.01760293021,560.1454474371996,21170.877738451418,17402.22674597682,811.8896245594855,1557.0199879307938,1275.0024570072767,24449.698642200798,2886.9205687918766,27336.619210992674,1.1368683772161603e-13,0.0,5000.0,3910.0699999999997
2025-12-27,78409.18393333332,35070.374866666665,48251.15099704299,0.0,21257.905977001607,17193.273772738998,847.709726113713,1275.0024570072767,1303.4803110431806,25465.56710031556,0.0,25465.56710031556,1.1368683772161603e-13,0.0,5000.0,3892.4499999999994
2025-12-28,123511.26974999999,36702.015,96408.26799409336,8.39555961052622,23358.745658333355,18706.501332702137,4955.164478072667,1303.4803110431806,1541.3499227630516,62248.97699863062,49.042661464888916,62298.01966009551,2.2737367544323206e-13,0.0,5000.0,5000.0
2025-12-29,123677.30638333331,36153.54011666667,94889.90672885443,254.80232697672653,22168.76081271273,18235.627481488125,3687.8094579398917,1541.3499227630516,1231.4263414399318,61513.35788216318,621.624613754869,62134.98249591805,2.2737367544323206e-13,0.0,5000.0,4600.61
2025-12-30,123526.50905,37302.10645,93126.19799051352,42.754316552747014,24567.03364480413,19754.20336120022,2131.7194234623657,1231.4263414399318,1392.6417759856306,59808.69967758108,248.33844769663102,60057.03812527771,2.2737367544323206e-13,0.0,5000.0,5000.0
2025-12-31,123791.70508333333,35145.28214999999,91484.47299336125,1427.9640574589507,22685.59104515395,18548.70634496177,129.12941729469605,1392.6417759856306,1200.0,59609.95600537218,8980.26655250679,68590.22255787897,2.2737367544323206e-13,0.0,5000.0,4591.2064480862055
