日期,因素,扰动,参数值,期望总购电费_元,实际结算总购电费_元,计划购电量_kWh,期望紧急购电量_kWh,实际紧急购电量_kWh,最大同时充放电量_kWh
2025-03-20,情景数量,,3.0,47018.72501464459,54263.22433898348,68907.78458157819,1222.4466777777773,2805.4965666666667,0.0
2025-03-20,情景数量,,5.0,118094.11341091088,109376.11547673587,54583.825055349786,20638.053896666668,18622.79688333333,0.0
2025-03-20,情景数量,,7.0,118860.61764173131,110178.54434116407,51019.03565967078,21711.06345892857,19661.74755,0.0
2025-03-20,预测误差缩放,-0.19999999999999996,0.8,99886.77707643746,95608.16398995047,58675.56404666666,15616.266645999998,14620.328676666668,0.0
2025-03-20,预测误差缩放,0.0,1.0,118094.11341091088,109376.11547673587,54583.825055349786,20638.053896666668,18622.79688333333,0.0
2025-03-20,预测误差缩放,0.19999999999999996,1.2,137198.02636643255,124817.93820374056,49801.693273251025,25941.660724666668,23047.193953333328,0.0
2025-03-20,紧急电价倍数,,3.0,82397.56659668931,76626.05734764531,50043.57968374485,21461.656349166664,19232.43589583333,0.0
2025-03-20,紧急电价倍数,,5.0,118094.11341091088,109376.11547673587,54583.825055349786,20638.053896666668,18622.79688333333,0.0
2025-03-20,紧急电价倍数,,7.0,152442.0390920442,140960.38994592088,56417.82820534978,20271.253266666667,18434.365249999995,0.0
2025-03-20,充放电效率,-0.08999999999999997,0.81,121001.31753117422,111609.69460505422,56621.90964760592,20779.2769,18622.79688333333,0.0
2025-03-20,充放电效率,0.0,0.9,118094.11341091088,109376.11547673587,54583.825055349786,20638.053896666668,18622.79688333333,0.0
2025-03-20,充放电效率,0.08999999999999997,0.99,114940.02554518325,106132.88707319324,51433.89496285583,20524.257006666667,18483.024733333332,0.0
2025-03-20,初始储电量,-1000.0,5000.0,118569.92452202199,109851.92658784699,55694.936166460895,20638.053896666665,18622.79688333333,0.0
2025-03-20,初始储电量,0.0,6000.0,118094.11341091088,109376.11547673587,54583.825055349786,20638.053896666668,18622.79688333333,0.0
2025-03-20,初始储电量,1000.0,7000.0,117619.21341091087,108901.21547673587,53472.71394423867,20638.053896666668,18622.79688333333,0.0
2025-06-21,情景数量,,3.0,48157.393278387215,76102.68348718998,12394.39228333333,10376.272294444441,17458.816916666663,0.0
2025-06-21,情景数量,,5.0,86619.16800286974,71966.65339060308,18354.33556831276,19000.731363333332,16082.283999999996,0.0
2025-06-21,情景数量,,7.0,78564.23958549932,71454.95666168333,15685.593433333332,17593.28657457848,16224.41383333333,0.0
2025-06-21,预测误差缩放,-0.19999999999999996,0.8,69592.09432788898,58814.01326734429,20160.91044489712,14540.574822666667,12480.467803333333,0.0
2025-06-21,预测误差缩放,0.0,1.0,86619.16800286974,71966.65339060308,18354.33556831276,19000.731363333332,16082.283999999996,0.0
2025-06-21,预测误差缩放,0.19999999999999996,1.2,103821.7096416751,84399.73824030343,15779.343056790121,23538.268157333332,19522.38082333333,0.0
2025-06-21,紧急电价倍数,,3.0,54964.337845759175,45432.90089087069,16099.687958436209,19435.9239272,16082.283999999998,0.0
2025-06-21,紧急电价倍数,,5.0,86619.16800286974,71966.65339060308,18354.33556831276,19000.731363333332,16082.283999999996,0.0
2025-06-21,紧急电价倍数,,7.0,117794.88700453375,97873.25546194473,18957.469534979424,18880.10457,16082.283999999996,0.0
2025-06-21,充放电效率,-0.08999999999999997,0.81,87968.1244770117,73516.2138190667,20706.49340297599,18949.96648,16082.283999999998,0.0
2025-06-21,充放电效率,0.0,0.9,86619.16800286974,71966.65339060308,18354.33556831276,19000.731363333332,16082.283999999996,0.0
2025-06-21,充放电效率,0.08999999999999997,0.99,85405.93662620505,70877.13018408505,16609.835704475732,18969.196243333332,16082.283999999998,0.0
2025-06-21,初始储电量,-1000.0,5000.0,87091.57924089642,72639.66858295142,19719.271096090535,18949.96648,16082.283999999998,0.0
2025-06-21,初始储电量,0.0,6000.0,86619.16800286974,71966.65339060308,18354.33556831276,19000.731363333332,16082.283999999996,0.0
2025-06-21,初始储电量,1000.0,7000.0,86152.4485979453,71536.29767675864,17331.63605720165,18983.049043333333,16082.283999999998,0.0
2025-09-23,情景数量,,3.0,89129.80248192653,68175.60427478487,89437.82976533333,7071.648794444445,1856.411883333335,0.0
2025-09-23,情景数量,,5.0,122319.60848791152,110238.66261391164,56660.015466666664,21394.4624364,17920.78286666667,0.0
2025-09-23,情景数量,,7.0,117847.86379861842,105351.82637068628,49171.36285576131,21696.131190476186,18360.811333333335,0.0
2025-09-23,预测误差缩放,-0.19999999999999996,0.8,104115.83283276789,97358.7986559789,60528.65119576131,16317.698552666667,14125.338786666667,0.0
2025-09-23,预测误差缩放,0.0,1.0,122319.60848791152,110238.66261391164,56660.015466666664,21394.4624364,17920.78286666667,0.0
2025-09-23,预测误差缩放,0.19999999999999996,1.2,141693.1670334255,125075.83946928184,51674.61363502058,26876.55340066666,22330.12043333333,0.0
2025-09-23,紧急电价倍数,,3.0,85283.51911289852,73633.32833636452,48548.70808253086,22909.71786,17944.385583333333,0.0
2025-09-23,紧急电价倍数,,5.0,122319.60848791152,110238.66261391164,56660.015466666664,21394.4624364,17920.78286666667,0.0
2025-09-23,紧急电价倍数,,7.0,155788.31459584017,143625.51698217652,64059.610848666656,19914.54336,17503.317049999998,0.0
2025-09-23,充放电效率,-0.08999999999999997,0.81,125572.54990607663,110788.79827848091,56426.70387592592,21966.045716984,17934.7613,0.0
2025-09-23,充放电效率,0.0,0.9,122319.60848791152,110238.66261391164,56660.015466666664,21394.4624364,17920.78286666667,0.0
2025-09-23,充放电效率,0.08999999999999997,0.99,118765.79806360256,107592.41160323753,53849.33800149134,21194.457843333334,17920.78286666667,0.0
2025-09-23,初始储电量,-1000.0,5000.0,122795.41959902264,110714.47372502276,57771.12657777777,21394.4624364,17920.78286666667,0.0
2025-09-23,初始储电量,0.0,6000.0,122319.60848791152,110238.66261391164,56660.015466666664,21394.4624364,17920.78286666667,0.0
2025-09-23,初始储电量,1000.0,7000.0,121844.70848791153,109763.76261391165,55548.904355555555,21394.4624364,17920.78286666667,0.0
2025-12-21,情景数量,,3.0,73074.79795782389,292094.9630098961,18762.573848148146,15341.457572222222,67450.362,0.0
2025-12-21,情景数量,,5.0,89902.48042314552,283234.72646524885,21526.357162757202,19211.621836666665,65003.65135,0.0
2025-12-21,情景数量,,7.0,120234.41391460714,265846.0820223534,26850.33633333333,25660.71967473809,60221.5311065,0.0
2025-12-21,预测误差缩放,-0.19999999999999996,0.8,74389.64878306616,266500.44004953845,26567.489715144024,15031.887688,60658.69075666666,0.0
2025-12-21,预测误差缩放,0.0,1.0,89902.48042314552,283234.72646524885,21526.357162757202,19211.621836666665,65003.65135,0.0
2025-12-21,预测误差缩放,0.19999999999999996,1.2,103960.17433938982,300568.2880960715,16099.259930658434,23169.723141333336,69626.11667666666,0.0
2025-12-21,紧急电价倍数,,3.0,57512.211673449376,174403.28314703537,20780.74552839506,19356.78349,65729.45961666667,0.0
2025-12-21,紧急电价倍数,,5.0,89902.48042314552,283234.72646524885,21526.357162757202,19211.621836666665,65003.65135,0.0
2025-12-21,紧急电价倍数,,7.0,122193.56510385353,392846.0363657489,21531.48767942387,19210.59573333333,64998.520833333336,0.0
2025-12-21,充放电效率,-0.08999999999999997,0.81,91139.63263551472,284617.13318110467,24054.345419608293,19228.003989999997,65085.56211666667,0.0
2025-12-21,充放电效率,0.0,0.9,89902.48042314552,283234.72646524885,21526.357162757202,19211.621836666665,65003.65135,0.0
2025-12-21,充放电效率,0.08999999999999997,0.99,88963.90483097627,282287.09858947294,19496.578805203175,19210.59573333333,64998.520833333336,0.0
2025-12-21,初始储电量,-1000.0,5000.0,90378.29153425664,283701.48529275326,22642.598790534983,19210.59573333333,64998.520833333336,0.0
2025-12-21,初始储电量,0.0,6000.0,89902.48042314552,283234.72646524885,21526.357162757202,19211.621836666665,65003.65135,0.0
2025-12-21,初始储电量,1000.0,7000.0,89427.58042314553,282759.8264652488,20415.24605164609,19211.621836666665,65003.65135,0.0
